sketch,notes_path,parameter,canonical_parameter,default,tried,change_score,signal,effect,deterministic,baseline_display,uses_shader,evidence_warning
2014/Generativos/Arboles,out/2014/Generativos/Arboles/notes.md,fanSpread,fanspread,80,[40],subtle,low,halving the *80 fan multiplier barely narrows the top splay; silhouette essentially unchanged under seed 42,true,:2,false,
2014/Generativos/Arboles,out/2014/Generativos/Arboles/notes.md,cantRamas,cantramas,"random(2,9)","[""random(4,9)""]",subtle,low,no clear visual change; the drawn depth was already >=4 under seed 42 so the lower-bound clamp was a no-op,true,:2,false,
2014/Generativos/Arboles,out/2014/Generativos/Arboles/notes.md,maxRami,maxrami,"random(1,4)","[""random(1,7)""]",moderate,high,"clearly bushier: denser canopy, more branches and crossing twigs, wider spread",true,:2,false,
2014/Generativos/Arboles,out/2014/Generativos/Arboles/notes.md,h,h,height/3,"[""height/2""]",subtle,low,tree and its blue bounding box ~1.5x taller; same branching structure,true,:2,false,
2014/Generativos/Arboles,out/2014/Generativos/Arboles/notes.md,strucAlpha,strucalpha,80,[255],none,low,tree unchanged; only the thin blue bounding box/X becomes full opacity (negligible pixel fraction),true,:2,false,
2014/Generativos/Curvas/prueba1,out/2014/Generativos/Curvas/prueba1/notes.md,cc,cc,"int(random(10, 40))",[40],large,high,"more fans (up to 40) -> busier composition, more overlapping ribbons, background mostly covered",true,:2,false,
2014/Generativos/Curvas/prueba1,out/2014/Generativos/Curvas/prueba1/notes.md,cant,cant,"int(random(80, 180))",[180],large,high,every fan gets 180 curves -> wider denser ribbons that read as solid filled shapes,true,:2,false,
2014/Generativos/Curvas/prueba1,out/2014/Generativos/Curvas/prueba1/notes.md,fanStep,fanstep,"random(2, 6)*random(2)","[""random(4, 8)*random(2)""]",moderate,high,"larger spacing between curves -> fans look sparser and more clearly striped, less solid fill",true,:2,false,
2014/Generativos/Curvas/prueba1,out/2014/Generativos/Curvas/prueba1/notes.md,fanRadius,fanradius,"random(40, 200)","[""random(100, 400)""]",moderate,high,"control points farther from center -> much larger sweeping fans, a few of which dominate the canvas",true,:2,false,
2014/Generativos/Curvas/prueba1,out/2014/Generativos/Curvas/prueba1/notes.md,palette,palette,#D4FAF3 #33A691 #2D3A52 #B31750 #FF3F21,"[""#765664 #EC7D88 #F4EC84 #62B681 #ECB973""]",large,high,"entire image recolored including the background: dark plum ground with salmon, peach, green and pale-yellow ribbons",true,:2,false,
2014/Generativos/Curvas/prueba1,out/2014/Generativos/Curvas/prueba1/notes.md,alpha,alpha,255,[100],moderate,high,"semi-transparent strokes: dense fans accumulate overlaps into washed-out solid areas, overall contrast lower, background unchanged",true,:2,false,
2014/Generativos/Esferas,out/2014/Generativos/Esferas/notes.md,growth,growth,exp(i),"[""exp(i/2)"",""i*10""]",large,high,slower growth widens the graduated short-bar region; linear growth turns the bars into a smooth triangular ramp filling ~half the canvas,true,:2,false,
2014/Generativos/Esferas,out/2014/Generativos/Esferas/notes.md,barWidth,barwidth,5,[10],large,high,"wider, more spaced comb; same overflow structure, cluster reads coarser and denser white area",true,:2,false,
2014/Generativos/Esferas,out/2014/Generativos/Esferas/notes.md,anchor,anchor,height/2,"[""height/3""]",none,low,"no visible change - full-height overflow bars dominate, only 7 short bars move a few pixels",true,:2,false,
2014/Generativos/Esferas,out/2014/Generativos/Esferas/notes.md,palette[0],palette 0,#FFFFFF,"[""#FF0000""]",none,low,"no visible change - palette and rcol() are dead code, fill() is never called so bars stay default white",true,:2,false,
2014/Generativos/Forms/forms1,out/2014/Generativos/Forms/forms1/notes.md,formCount,formcount,20,[30],moderate,high,"more, denser overlapping forms; canvas fills up, more overlap and darker crossed hatches",true,:2,false,
2014/Generativos/Forms/forms1,out/2014/Generativos/Forms/forms1/notes.md,vertices,vertices,4,[6],moderate,high,"hexagonal instead of quadrilateral outlines; larger, rounder shapes, same hatch/annotation style",true,:2,false,
2014/Generativos/Forms/forms1,out/2014/Generativos/Forms/forms1/notes.md,sizeRange,sizerange,"[60,200]","[[100,300]]",large,high,"forms up to 300px span; almost no white background left, composition becomes a full-bleed mass of hatching",true,:2,false,
2014/Generativos/Forms/forms1,out/2014/Generativos/Forms/forms1/notes.md,strokeAlpha,strokealpha,80,[160],moderate,high,"same layout, all lines twice as dark; hatched fills read as mid-grey instead of light grey",true,:2,false,
2014/Generativos/Forms/forms1,out/2014/Generativos/Forms/forms1/notes.md,hatchSpacing,hatchspacing,4,[10],moderate,high,"hatch lines 10px apart instead of 4; fills are much sparser and lighter, bead dots on edges fewer and more visible as gaps",true,:2,false,
2014/Generativos/Forms/forms1,out/2014/Generativos/Forms/forms1/notes.md,beadSize,beadsize,4,[10],subtle,low,"small pixel diff, but the intersection dots on every polygon edge become clearly visible open circles, heavily beading the outlines",true,:2,false,
2014/Generativos/Minim/arcos/arcos_pde,out/2014/Generativos/Minim/arcos/arcos_pde/notes.md,bandScale,bandscale,8,[20],subtle,low,wedge radius = band*8; x2.5 makes wedges longer but overall coverage similar at this audio moment,false,:2,false,non-deterministic baseline; only large changes are reliable
2014/Generativos/Minim/arcos/arcos_pde,out/2014/Generativos/Minim/arcos/arcos_pde/notes.md,cant,cant,64,[128],none,low,wedge count = specSize/8; doubling to 128 looks identical (low-frequency bands dominate the loud end),false,:2,false,non-deterministic baseline; only large changes are reliable
2014/Generativos/Minim/arcos/arcos_pde,out/2014/Generativos/Minim/arcos/arcos_pde/notes.md,alpha,alpha,220,[60],none,low,fill alpha; low value only slightly darkens the thin wedge region,false,:2,false,non-deterministic baseline; only large changes are reliable
2014/Generativos/Minim/arcos/arcos_pde,out/2014/Generativos/Minim/arcos/arcos_pde/notes.md,fillColor,fillcolor,#F7C350,"[""#50C3F7""]",none,low,wedge colour; blue is visible in the wedge region but wedges are a small fraction of the canvas,false,:2,false,non-deterministic baseline; only large changes are reliable
2014/Generativos/Minim/arcos/arcos_pde,out/2014/Generativos/Minim/arcos/arcos_pde/notes.md,bgColor,bgcolor,#2D2434,"[""#E8E4EF""]",large,high,background colour; flipping to light lavender dominates the whole image,false,:2,false,non-deterministic baseline; only large changes are reliable
2014/Generativos/Tildo,out/2014/Generativos/Tildo/notes.md,strokeWeight base,strokeweight base,1.5,[6],subtle,low,"thicker, bolder strokes everywhere; no other change",true,:2,false,
2014/Generativos/Tildo,out/2014/Generativos/Tildo/notes.md,amp,amp,0.2*width,"[""0.5*width""]",moderate,high,"wave band much taller, peaks near top/bottom edges, denser vertical texture",true,:2,false,
2014/Generativos/Tildo,out/2014/Generativos/Tildo/notes.md,freq,freq,20,[8],subtle,low,"fewer, wider wave cycles (score still only subtle)",true,:2,false,
2014/Generativos/Tildo,out/2014/Generativos/Tildo/notes.md,des speed,des speed,0.5,[0.05],none,low,no visible change at frame 1 (phase 0.5 vs 0.05 barely shifts the wave),true,:2,false,
2014/Generativos/Tildo,out/2014/Generativos/Tildo/notes.md,dot size,dot size,0.05*width,"[""0.1*width""]",none,low,no visible change (dots too small a fraction of the 200x200 canvas to register),true,:2,false,
2014/Generativos/Tildo,out/2014/Generativos/Tildo/notes.md,stroke color,stroke color,#3762E4,"[""#E43762""]",moderate,high,all strokes pink-red instead of blue,true,:2,false,
2014/Generativos/cables,out/2014/Generativos/cables/notes.md,amount,amount,"int(random(2,8))",[1],subtle,low,"1 cable instead of 3-4: single thin multicolour strand from left edge to mid-canvas, rest of canvas empty",true,:2,false,
2014/Generativos/cables,out/2014/Generativos/cables/notes.md,angleDrift,angledrift,"random(-0.2,0.2)",[0.6],subtle,low,higher drift makes cables loop and tangle into a dense spiky mass around the centre instead of smooth long tendrils,true,:2,false,
2014/Generativos/cables,out/2014/Generativos/cables/notes.md,arcSize,arcsize,60,[120],subtle,low,"doubles the strand width: noticeably thicker ribbon with longer, more prominent barbs along the curves",true,:2,false,
2014/Generativos/cables,out/2014/Generativos/cables/notes.md,steps,steps,500,[1000],subtle,low,"cables run twice as long: meander further from the centre, reach the canvas edges and loop back on themselves",true,:2,false,
2014/Generativos/cables,out/2014/Generativos/cables/notes.md,gridSpacing,gridspacing,14,[7],none,low,"no visible change: cross-hatch is too faint (grey 40-50 on grey 30, 1.75px) for halving the spacing to show",true,:2,false,
2014/Generativos/circulos,out/2014/Generativos/circulos/notes.md,circleCount,circlecount,8,[3],moderate,high,"fewer circles per tile: sparser rings, more white showing",true,:2,false,
2014/Generativos/circulos,out/2014/Generativos/circulos/notes.md,circleSize,circlesize,"random(30,160)","[""random(30,60)""]",moderate,high,"smaller circles: no edge-bleeding rings, lighter airier tiles",true,:2,false,
2014/Generativos/circulos,out/2014/Generativos/circulos/notes.md,circleStroke,circlestroke,"random(3,8)","[""random(1,3)""]",moderate,high,"thinner rings: more delicate lines, same layout",true,:2,false,
2014/Generativos/circulos,out/2014/Generativos/circulos/notes.md,dotCount,dotcount,22,[120],moderate,high,denser stipple speckle grain across tiles,true,:2,false,
2014/Generativos/circulos,out/2014/Generativos/circulos/notes.md,circleDist,circledist,"random(30,120)","[""random(0,40)""]",large,high,"centres pulled to tile centre: rings cluster mid-tile, less edge clipping",true,:2,false,
2014/Generativos/circulos2,out/2014/Generativos/circulos2/notes.md,cubeCount,cubecount,40,[12],large,high,"much sparser scene: mostly teal background, only a few large white slabs with sparse circles",true,:2,false,
2014/Generativos/circulos2,out/2014/Generativos/circulos2/notes.md,scale,scale,90,[40],moderate,high,smaller cubes; positions also compress toward the cluster (translate divides by hardcoded 90) so plates read bolder and more crowded on the right,true,:2,false,
2014/Generativos/circulos2,out/2014/Generativos/circulos2/notes.md,nDots,ndots,22,[60],moderate,high,each plate is visibly more covered in fine stipple speckles,true,:2,false,
2014/Generativos/circulos2,out/2014/Generativos/circulos2/notes.md,nCircles,ncircles,8,[3],moderate,high,"fewer, more separated open circles per face; plates look cleaner and less busy",true,:2,false,
2014/Generativos/circulos2,out/2014/Generativos/circulos2/notes.md,ringStrokeWeight,ringstrokeweight,3-8,"[""3-16""]",subtle,low,no visible change; circle strokes look the same weight as baseline,true,:2,false,
2014/Generativos/circulosFormas,out/2014/Generativos/circulosFormas/notes.md,cantplanos,cantplanos,8,[2],none,low,no visible change at frame 1: only layer 0 has been drawn by then; later (larger) layers appear only from frame 10,false,:2,false,non-deterministic baseline; only large changes are reliable
2014/Generativos/circulosFormas,out/2014/Generativos/circulosFormas/notes.md,"sides range (int c = int(random(3, 8)))",sides range,3..8,"[""5..9""]",none,low,no visible change at canvas level; among the few tiny frame-1 shapes one triangle became a pentagon,false,:2,false,non-deterministic baseline; only large changes are reliable
2014/Generativos/circulosFormas,out/2014/Generativos/circulosFormas/notes.md,"star inner ratio (float hun = random(0.5, 1))",star inner ratio,0.5..1,"[""0.2..0.4""]",none,low,"no visible change at canvas level; run crashed with NullPointerException in forma() (thread race), only frame 1 saved",false,:2,false,non-deterministic baseline; only large changes are reliable
2014/Generativos/circulosFormas,out/2014/Generativos/circulosFormas/notes.md,"halo alpha (stroke(0, 4))",halo alpha,4,[100],none,low,no visible change at canvas level; slightly darker halo around the few tiny frame-1 shapes,false,:2,false,non-deterministic baseline; only large changes are reliable
2014/Generativos/circulosFormas,out/2014/Generativos/circulosFormas/notes.md,"inner attempt count (map(j,0,8,1000,300))",inner attempt count,1000..300,"[""4000..300""]",none,low,frame 1 pixel-identical to baseline (md5 equal); density effect only shows from frame 10,false,:2,false,non-deterministic baseline; only large changes are reliable
2014/Generativos/circulosFormas,out/2014/Generativos/circulosFormas/notes.md,"outer shape size (map(j,0,8,10,160))",outer shape size,10..160,"[""10..400""]",none,low,"no visible change: layer 0 keeps t=10, the enlarged sizes are in later layers not yet drawn at frame 1",false,:2,false,non-deterministic baseline; only large changes are reliable
2014/Generativos/circulosdentrocirculos,out/2014/Generativos/circulosdentrocirculos/notes.md,step,step,random(10)+1 times 10 (10-100 px),[20],large,high,"larger shrink step = fewer, bolder rings with more black ground between them",true,:2,false,
2014/Generativos/circulosdentrocirculos,out/2014/Generativos/circulosdentrocirculos/notes.md,motifTypes,motiftypes,random(5)+1 (types 1-5),"[""random(2)+1 (types 1-2)""]",large,high,"restricting to types 1-2 removes wedges, polygons and dot rosettes, leaving only outline/tick rings and dotted rings",true,:2,false,
2014/Generativos/circulosdentrocirculos,out/2014/Generativos/circulosdentrocirculos/notes.md,maxDiameterScale,maxdiameterscale,1.0,[0.55],large,high,smaller starting diameter = whole mandala shrinks to an inscribed circle with black corner margins,true,:2,false,
2014/Generativos/circulosdentrocirculos,out/2014/Generativos/circulosdentrocirculos/notes.md,c1TickCount,c1tickcount,"random(3,72)","[""random(3,20)""]",none,low,no visible change (thin tick lines are nearly invisible at this scale),true,:2,false,
2014/Generativos/circulosdentrocirculos,out/2014/Generativos/circulosdentrocirculos/notes.md,c4WedgeCount,c4wedgecount,"random(4,73)","[""random(4,20)""]",large,high,"fewer wedges per ring = many more, smaller alternating black/white wedges; outer band becomes a high-contrast zigzag and the white areas grow dominant",true,:2,false,
2014/Generativos/circulosdentrocirculos2,out/2014/Generativos/circulosdentrocirculos2/notes.md,motif_count,motif count,100,[30],large,high,"sparser; dense full-bleed mandala collapses to a compact centred medallion, only thin ring/tick webs reach the corners",true,:2,false,
2014/Generativos/circulosdentrocirculos2,out/2014/Generativos/circulosdentrocirculos2/notes.md,max_diameter,max diameter,"dist(0,0,width,height) ~ 848",[300],large,high,"mandala shrinks to the centre (max radius ~150), wide pale-mint margin, no longer full-bleed",true,:2,false,
2014/Generativos/circulosdentrocirculos2,out/2014/Generativos/circulosdentrocirculos2/notes.md,motif_index,motif index,random(5)+1,[2],large,high,"only circulo2 drawn: full-bleed bands of thick rings studded with dots, no ticks/polygons/zigzag",true,:2,false,
2014/Generativos/circulosdentrocirculos2,out/2014/Generativos/circulosdentrocirculos2/notes.md,circulo1_tick_count,circulo1 tick count,"random(3,72)","[""random(3,20)""]",none,low,no visible change,true,:2,false,
2014/Generativos/circulosdentrocirculos2,out/2014/Generativos/circulosdentrocirculos2/notes.md,ring_weight,ring weight,(random(10)+1)*10,"[""(random(10)+1)*30""]",large,high,"much bolder: heavy navy tick fan, wide bands, large cream dots",true,:2,false,
2014/Generativos/cosasfeas,out/2014/Generativos/cosasfeas/notes.md,figure_count,figure count,20,[5],large,high,far sparser: 5 rosettes with big empty grey areas,true,:2,false,
2014/Generativos/cosasfeas,out/2014/Generativos/cosasfeas/notes.md,passes,passes,1-49 (cc),[4],large,high,thick parallel ribbons collapse to single thin lines; dots become visible,true,:2,false,
2014/Generativos/cosasfeas,out/2014/Generativos/cosasfeas/notes.md,radius_range,radius range,width*0.15-0.8,"[""width*0.05-0.3""]",large,high,"small gear-like figures, much more empty background",true,:2,false,
2014/Generativos/cosasfeas,out/2014/Generativos/cosasfeas/notes.md,stroke_weight,stroke weight,0-10,[2],moderate,high,thin delicate web of lines instead of bold thick strokes,true,:2,false,
2014/Generativos/cosasfeas,out/2014/Generativos/cosasfeas/notes.md,vertex_count,vertex count,3-19 (cant),[8],large,high,spiky stars become regular round heptagon/octagon/nonagon rosettes,true,:2,false,
2014/Generativos/cosasfeas,out/2014/Generativos/cosasfeas/notes.md,background,background,180,[0],large,high,same figures on near-black ground; grain no longer visible,true,:2,false,
2014/Generativos/crucesitas,out/2014/Generativos/crucesitas/notes.md,crossCount,crosscount,150,[300],moderate,high,"denser field of stitch rows, overlapping into a plaid lattice",true,:2,false,
2014/Generativos/crucesitas,out/2014/Generativos/crucesitas/notes.md,crossScale,crossscale,"random(3,10)","[""random(3,30)""]",large,high,"much larger, heavier X stitches; marks dominate the canvas",true,:2,false,
2014/Generativos/crucesitas,out/2014/Generativos/crucesitas/notes.md,chainLen,chainlen,"int(random(1,15))","[""int(random(1,30))""]",subtle,low,"some rows run longer, overall soft look barely changes",true,:2,false,
2014/Generativos/crucesitas,out/2014/Generativos/crucesitas/notes.md,circleScale,circlescale,"random(3,120)","[""random(3,300)""]",moderate,high,ghost circles become large overlapping pale rings across the canvas,true,:2,false,
2014/Generativos/crucesitas,out/2014/Generativos/crucesitas/notes.md,circleAlpha,circlealpha,12,[80],none,low,no visible change; circles stay nearly invisible,true,:2,false,
2014/Generativos/crucesitas,out/2014/Generativos/crucesitas/notes.md,hatchCount,hatchcount,20,[80],subtle,low,a few more diagonal dash clusters; overall texture similar,true,:2,false,
2014/Generativos/cuadraditos,out/2014/Generativos/cuadraditos/notes.md,skipP,skipp,30,[70],subtle,low,"70% skip: noticeably sparser dots, thinner ragged blocks; grid structure preserved",true,:2,false,
2014/Generativos/cuadraditos,out/2014/Generativos/cuadraditos/notes.md,cw,cw,8,[12],subtle,low,"wider blocks (12 cells) fill the 80px pitch, gaps between blocks shrink slightly",true,:2,false,
2014/Generativos/cuadraditos,out/2014/Generativos/cuadraditos/notes.md,ch,ch,2,[4],moderate,high,"taller blocks (4 rows) merge into dense texture, canvas much more filled",true,:2,false,
2014/Generativos/cuadraditos,out/2014/Generativos/cuadraditos/notes.md,t,t,5,[9],large,high,"9px squares: much chunkier, coarser dot clusters, clearly larger marks",true,:2,false,
2014/Generativos/cuadraditos,out/2014/Generativos/cuadraditos/notes.md,esp,esp,4,[1],moderate,high,"near-zero gap: dots run into solid bars, texture becomes dense and continuous",true,:2,false,
2014/Generativos/cuadraditos,out/2014/Generativos/cuadraditos/notes.md,alpha,alpha,180,[60],subtle,low,"lower fill alpha: dots fade toward the dark background, lower contrast",true,:2,false,
2014/Generativos/curdiculasdecuadrados,out/2014/Generativos/curdiculasdecuadrados/notes.md,depth,depth,5,[7],large,high,deeper quadtree -> many more small cells; canvas fills into a dense diagonal-hatched black field with sparse white blocks,true,:2,false,
2014/Generativos/curdiculasdecuadrados,out/2014/Generativos/curdiculasdecuadrados/notes.md,max_esp,max esp,60,[40],moderate,high,smaller max spacing -> denser/finer hatch lines in the open white regions; layout unchanged,true,:2,false,
2014/Generativos/curdiculasdecuadrados,out/2014/Generativos/curdiculasdecuadrados/notes.md,min_esp,min esp,20,[8],moderate,high,smaller min spacing -> slightly denser lines in the tightest cells; layout unchanged,true,:2,false,
2014/Generativos/curdiculasdecuadrados,out/2014/Generativos/curdiculasdecuadrados/notes.md,vel,vel,0.4,[0.08],none,low,only sets how fast line spacing drifts across frames; no visible change in a single frame,true,:2,false,
2014/Generativos/curdiculasdecuadrados,out/2014/Generativos/curdiculasdecuadrados/notes.md,fillBias,fillbias,5,[8],subtle,low,"raises share of white-fill cells; a few cells flip between white and black fill, layout unchanged",true,:2,false,
2014/Generativos/curdiculasdecuadrados,out/2014/Generativos/curdiculasdecuadrados/notes.md,phaseStep,phasestep,0.01,[0.05],subtle,low,"faster phase creep; at frame 1 the hatch is shifted slightly further, layout and density unchanged",true,:2,false,
2014/Generativos/degradefeo,out/2014/Generativos/degradefeo/notes.md,cosoCount,cosocount,5,[15],none,low,no visible change in frame 1; extra columns all start at x=0 and overlap in the same narrow strip,true,:2,false,
2014/Generativos/degradefeo,out/2014/Generativos/degradefeo/notes.md,stepsPerFrame,stepsperframe,500,[50],none,low,subtle: frame-1 band is only a ~50 px stub at the top-left instead of full height; rest of canvas identical,true,:2,false,
2014/Generativos/degradefeo,out/2014/Generativos/degradefeo/notes.md,rectSize,rectsize,4,[8],none,low,"subtle: left band made of chunkier 8 px blocks, slightly wider",true,:2,false,
2014/Generativos/degradefeo,out/2014/Generativos/degradefeo/notes.md,xShiftMax,xshiftmax,4,[24],none,low,"no visible change; frame 1 is pixel-identical (larger shift only applies from the second wrap, i.e. frame 2)",true,:2,false,
2014/Generativos/degradefeo,out/2014/Generativos/degradefeo/notes.md,valDivisor,valdivisor,256,[512],none,low,"subtle: band biased toward the green ramp, more pale sage, less saturated red",true,:2,false,
2014/Generativos/edificios,out/2014/Generativos/edificios/notes.md,w (building width range),w,"random(100, 300)","[""random(400, 500)""]",subtle,low,"larger building, wider footprint in top-right corner",true,:2,false,
2014/Generativos/edificios,out/2014/Generativos/edificios/notes.md,density (area/cant divisor),density,10,[5],none,low,no visible change; mosaic already saturated,true,:2,false,
2014/Generativos/edificios,out/2014/Generativos/edificios/notes.md,fill alpha,fill alpha,80,[200],none,low,no visible change; heavy overlap already makes centre near-opaque,true,:2,false,
2014/Generativos/edificios,out/2014/Generativos/edificios/notes.md,stroke alpha,stroke alpha,120,[255],none,low,no visible change,true,:2,false,
2014/Generativos/edificios,out/2014/Generativos/edificios/notes.md,block width range,block width range,"random(10, 40)","[""random(30, 80)""]",none,low,no visible change at this scale,true,:2,false,
2014/Generativos/esferitas,out/2014/Generativos/esferitas/notes.md,count,count,500,[150],moderate,high,"fewer spheres; central cluster sparser, much more background visible",true,:2,false,
2014/Generativos/esferitas,out/2014/Generativos/esferitas/notes.md,sizeBias,sizebias,"random(20,100)*random(1)*random(1)","[""random(20,100)""]",large,high,removing the size bias makes spheres much larger on average; cluster becomes a near full-bleed mass of big overlapping circles,true,:2,false,
2014/Generativos/esferitas,out/2014/Generativos/esferitas/notes.md,des,des,"random(2,8)",[2],subtle,low,diagonal wash becomes a visible fine 2-px texture across the background,true,:2,false,
2014/Generativos/esferitas,out/2014/Generativos/esferitas/notes.md,lineAlpha,linealpha,16,[80],subtle,low,diagonal lines become clearly visible white hatching over the whole canvas,true,:2,false,
2014/Generativos/esferitas,out/2014/Generativos/esferitas/notes.md,crossCount,crosscount,"random(-4,6)","[""random(0,12)""]",none,low,no visible change at whole-image level; only small extra x-ticks (tiny pixel area),true,:2,false,
2014/Generativos/esferitas,out/2014/Generativos/esferitas/notes.md,crossScale,crossscale,t*0.10,"[""t*0.30""]",subtle,low,"x-ticks ~3x larger and bolder, trails longer and more prominent",true,:2,false,
2014/Generativos/floresTriangulos,out/2014/Generativos/floresTriangulos/notes.md,t,t,20,[40],none,low,"no visible change — dot grid is low-alpha (fill 250,20); doubling the cell size barely moves pixels",true,:2,false,
2014/Generativos/floresTriangulos,out/2014/Generativos/floresTriangulos/notes.md,da,da,TWO_PI/3,"[""TWO_PI/4""]",subtle,low,central triangle rosette switches from 3-fold to 4-fold symmetry; only the faint inner outlines shift,true,:2,false,
2014/Generativos/floresTriangulos,out/2014/Generativos/floresTriangulos/notes.md,triangleCount,trianglecount,200,[400],subtle,low,"more concentric triangle rings, rosette extends slightly further out; still faint",true,:2,false,
2014/Generativos/floresTriangulos,out/2014/Generativos/floresTriangulos/notes.md,dis,dis,200,[350],moderate,high,white circle flower grows to span the full canvas; large rim circles reach the frame edges,true,:2,false,
2014/Generativos/floresTriangulos,out/2014/Generativos/floresTriangulos/notes.md,circleCount,circlecount,300,[150],subtle,low,flower becomes sparser with more gaps between circles; overall ring shape unchanged,true,:2,false,
2014/Generativos/gradienteees,out/2014/Generativos/gradienteees/notes.md,count,count,80,[200],large,high,"more shapes; busier, more densely overlapping field, more small shapes visible",true,:2,false,
2014/Generativos/gradienteees,out/2014/Generativos/gradienteees/notes.md,shapeSize,shapesize,"random(20,300)","[""random(20,100)""]",large,high,"smaller max size; fine mosaic of small-to-mid shapes, no large dominant discs",true,:2,false,
2014/Generativos/gradienteees,out/2014/Generativos/gradienteees/notes.md,squareProb,squareprob,0.5,[0.85],large,high,hatched squares/wedges dominate; far fewer smooth gradient discs,true,:2,false,
2014/Generativos/gradienteees,out/2014/Generativos/gradienteees/notes.md,seam,seam,0.01,[0.05],none,low,"no visible change (the seam is a thin line, mostly occluded by overlap)",true,:2,false,
2014/Generativos/gradienteees,out/2014/Generativos/gradienteees/notes.md,palette[1],palette 1,#028F76,"[""#1C5DAA""]",subtle,low,teal discs read as blue where teal is a gradient endpoint; rest of palette unchanged,true,:2,false,
2014/Generativos/lovetrigonometri,out/2014/Generativos/lovetrigonometri/notes.md,cc,cc,1200,[3000],moderate,high,"more steps around the ring: dots sampled 2.5x denser, ribbons more solid, knot denser",true,:2,false,
2014/Generativos/lovetrigonometri,out/2014/Generativos/lovetrigonometri/notes.md,amplitud,amplitud,"random(0.2, 0.4)","[""random(0.4, 0.55)""]",large,high,"larger ring radius: loop spreads to fill the canvas, bead trails radiate farther",true,:2,false,
2014/Generativos/lovetrigonometri,out/2014/Generativos/lovetrigonometri/notes.md,cant,cant,"random(3, 300)","[""random(3, 40)""]",moderate,high,"particle count cap (seed 42: 87 -> 13): tangle much sparser, few thin ribbons",true,:2,false,
2014/Generativos/lovetrigonometri,out/2014/Generativos/lovetrigonometri/notes.md,strokeAlpha,strokealpha,30,[90],subtle,low,"more opaque solid lines; same paths, less see-through overlap",true,:2,false,
2014/Generativos/lovetrigonometri,out/2014/Generativos/lovetrigonometri/notes.md,cv,cv,"random(1, 10)","[""random(6, 10)""]",moderate,high,"higher ring modulation frequency (3.6 -> 7.1): wavier lobed ring, similar density",true,:2,false,
2014/Generativos/mapaRecorrible,out/2014/Generativos/mapaRecorrible/notes.md,ns1,ns1,0.003,[0.01],large,high,higher noise scale breaks the single landmass into many scattered brown islands over small blue rings,true,:2,false,
2014/Generativos/mapaRecorrible,out/2014/Generativos/mapaRecorrible/notes.md,tam,tam,10,[20],large,high,"cell size doubles: rings become visibly bigger with larger pale holes, same landmass layout",true,:2,false,
2014/Generativos/mapaRecorrible,out/2014/Generativos/mapaRecorrible/notes.md,waterLevel,waterlevel,0.3,[0.2],none,low,"no visible change; seed-42 remapped noise never falls in (0.2, 0.3], so the land/water split is unchanged",true,:2,false,
2014/Generativos/mapaRecorrible,out/2014/Generativos/mapaRecorrible/notes.md,background,background,252,[210],moderate,high,field turns greyish-white; inner holes stay fill(252) so ring centres read slightly lighter than the background,true,:2,false,
2014/Generativos/mapaRecorrible,out/2014/Generativos/mapaRecorrible/notes.md,landColor,landcolor,"80, 40, 4","[""60, 140, 60""]",moderate,high,"land donuts turn medium green, blue water and layout unchanged",true,:2,false,
2014/Generativos/mensajeAutopistas,out/2014/Generativos/mensajeAutopistas/notes.md,count,count,2000,"[500,5000]",large,high,"500: sparser, individual tracks and dark background clearly visible; 5000: denser, more chaotic, heavier overlap",true,:2,false,
2014/Generativos/mensajeAutopistas,out/2014/Generativos/mensajeAutopistas/notes.md,strokeWeight,strokeweight,2,[4],moderate,high,"thicker double-line tracks, bolder/heavier look",true,:2,false,
2014/Generativos/mensajeAutopistas,out/2014/Generativos/mensajeAutopistas/notes.md,markerW,markerw,80,[40],subtle,low,smaller marker rects at track heads; overall image nearly unchanged,true,:2,false,
2014/Generativos/mensajeAutopistas,out/2014/Generativos/mensajeAutopistas/notes.md,diagStep,diagstep,"random(50,100)","[""random(10,30)""]",large,high,"shorter diagonal steps, more angular/jagged segments, PCB-like look",true,:2,false,
2014/Generativos/minimalCirculines,out/2014/Generativos/minimalCirculines/notes.md,circleCount,circlecount,3,[8],subtle,low,"adds 5 more circles of the same random style; original three unchanged, new ones thin so little extra ink",true,:2,false,
2014/Generativos/minimalCirculines,out/2014/Generativos/minimalCirculines/notes.md,ddMin,ddmin,20,[200],moderate,high,all circles larger (diameter >= 200); the small circle becomes a large dashed ring,true,:2,false,
2014/Generativos/minimalCirculines,out/2014/Generativos/minimalCirculines/notes.md,cantMax,cantmax,20,[40],subtle,low,"more segments = finer dashes; bottom ring nearly continuous, small circle unchanged",true,:2,false,
2014/Generativos/minimalCirculines,out/2014/Generativos/minimalCirculines/notes.md,sepMax,sepmax,0.6,[0.9],subtle,low,"arcs fill more of their slot; gaps shrink, rings look near-closed",true,:2,false,
2014/Generativos/minimalCirculines,out/2014/Generativos/minimalCirculines/notes.md,weightFactor,weightfactor,0.2,[0.5],large,high,"strokes 2.5x thicker; big rings become heavy near-solid bands, small circle stays thin",true,:2,false,
2014/Generativos/minimalCirculines,out/2014/Generativos/minimalCirculines/notes.md,grain,grain,5,[20],none,low,no visible change per score; background grain slightly coarser but below the per-pixel change threshold,true,:2,false,
2014/Generativos/organico,out/2014/Generativos/organico/notes.md,bgDotCount,bgdotcount,1000000,[3000000],large,high,"3x background dots: grain noticeably denser and darker, edge vignette much heavier",true,:2,false,
2014/Generativos/organico,out/2014/Generativos/organico/notes.md,bgAlpha,bgalpha,10,[60],large,high,"6x stroke alpha: grain becomes a coarse mid-grey texture, vignette near-black at edges",true,:2,false,
2014/Generativos/organico,out/2014/Generativos/organico/notes.md,cellMaxDiam,cellmaxdiam,200,[400],subtle,low,"cells same positions but up to 2x wider; one cluster now clips the right edge, still recognisably the same blobs",true,:2,false,
2014/Generativos/organico,out/2014/Generativos/organico/notes.md,cellMaxDots,cellmaxdots,1000,[300],subtle,low,"cells same positions; the largest cluster visibly thinner/sparser, others barely changed",true,:2,false,
2014/Generativos/organico,out/2014/Generativos/organico/notes.md,cellCount,cellcount,5,[12],subtle,low,"same five cells plus seven more, several tiny; background untouched, canvas looks a busier scatter",true,:2,false,
2014/Generativos/organico,out/2014/Generativos/organico/notes.md,cellDotSize,celldotsize,10,[16],subtle,low,"same cells, bigger dots: clusters look denser and chunkier, rims read as filled circles",true,:2,false,
2014/Generativos/palabrasAleatorias,out/2014/Generativos/palabrasAleatorias/notes.md,cant,cant,"random(10, 50)",[15],none,low,no visible change at frame 1 (plain background); stroke count only affects the async composition from frame 10,false,:2,false,non-deterministic baseline; only large changes are reliable
2014/Generativos/palabrasAleatorias,out/2014/Generativos/palabrasAleatorias/notes.md,h,h,random(256),[200],large,high,background shifts from bright olive to a dark muted teal-green (all colours share the run hue),false,:2,false,non-deterministic baseline; only large changes are reliable
2014/Generativos/palabrasAleatorias,out/2014/Generativos/palabrasAleatorias/notes.md,bgValue,bgvalue,random(180),[60],large,high,background darkens from bright olive to dark olive/brown,false,:2,false,non-deterministic baseline; only large changes are reliable
2014/Generativos/palabrasAleatorias,out/2014/Generativos/palabrasAleatorias/notes.md,fgrande,fgrande,96,[40],none,low,no visible change at frame 1 (title is drawn by the async thread after frame 1),false,:2,false,non-deterministic baseline; only large changes are reliable
2014/Generativos/palabrasAleatorias,out/2014/Generativos/palabrasAleatorias/notes.md,tam2-case0,tam2 case0,"random(5, 50)","[""random(5, 200)""]",none,low,no visible change at frame 1 (strokes are drawn by the async thread after frame 1),false,:2,false,non-deterministic baseline; only large changes are reliable
2014/Generativos/palabrasyfuentes,out/2014/Generativos/palabrasyfuentes/notes.md,cant (shape count),cant,"random(500, 1000)","[""random(50, 100)""]",none,low,no visible change - thread crashes before the loop runs up,false,:2,false,non-deterministic baseline; only large changes are reliable
2014/Generativos/palabrasyfuentes,out/2014/Generativos/palabrasyfuentes/notes.md,t (shape size),t,"random(20, 220)","[""random(200, 300)""]",none,low,no visible change - only one tiny shape appears before the crash,false,:2,false,non-deterministic baseline; only large changes are reliable
2014/Generativos/palabrasyfuentes,out/2014/Generativos/palabrasyfuentes/notes.md,c (sides),c,"random(3, 8)","[""random(3, 4)""]",none,low,no visible change - only the first shape's side count is affected,false,:2,false,non-deterministic baseline; only large changes are reliable
2014/Generativos/palabrasyfuentes,out/2014/Generativos/palabrasyfuentes/notes.md,stroke alpha,stroke alpha,4,[40],none,low,no visible change - the 10-pass outline is never repeated enough to read,false,:2,false,non-deterministic baseline; only large changes are reliable
2014/Generativos/palabrasyfuentes,out/2014/Generativos/palabrasyfuentes/notes.md,hun (star inner ratio),hun,"random(0.5, 1)","[""random(0.2, 0.3)""]",none,low,"no visible change - only affects the single first star, if it is a star",false,:2,false,non-deterministic baseline; only large changes are reliable
2014/Generativos/palabrasyfuentes,out/2014/Generativos/palabrasyfuentes/notes.md,cc (corner lines),cc,"random(-2, 40)","[""random(30, 40)""]",none,low,no visible change - thread dies long before the corner line band,false,:2,false,non-deterministic baseline; only large changes are reliable
2014/Generativos/papota,out/2014/Generativos/papota/notes.md,cc,cc,"int(random(-3,8)) (0 for seed 42)",[0],subtle,low,"scattered ring stacks removed; baseline had none, so only slight re-shaping of the central stack (RNG stream shift)",true,:2,false,
2014/Generativos/papota,out/2014/Generativos/papota/notes.md,cruces_cant,cruces cant,int(random(90)),[0],subtle,low,crosses gone; RNG stream shift spawns 4 scattered ring stacks,true,:2,false,
2014/Generativos/papota,out/2014/Generativos/papota/notes.md,centerCono_dim,centercono dim,"random(width*0.2, width*0.6)","[""random(width*0.05, width*0.15)""]",subtle,low,"central stack shrinks to ~1/4 diameter, crosses and bands unchanged",true,:2,false,
2014/Generativos/papota,out/2014/Generativos/papota/notes.md,bandWidth,bandwidth,"random(20, 200)","[""random(60, 350)""]",subtle,low,background bands wider and more subtle; RNG stream shift spawns 2 scattered stacks,true,:2,false,
2014/Generativos/papota,out/2014/Generativos/papota/notes.md,degrade_alp,degrade alp,"random(0.1, 0.6)","[""random(0.7, 1)""]",subtle,low,"near-opaque gradient wash hides bands and crosses, leaving flat background + central stack",true,:2,false,
2014/Generativos/pelosss,out/2014/Generativos/pelosss/notes.md,strandCount,strandcount,5000,[1250],large,high,"fewer strands: sparse field of discrete curls, light grey background shows through",true,:2,false,
2014/Generativos/pelosss,out/2014/Generativos/pelosss/notes.md,startSize,startsize,40,[80],large,high,"larger start diameter: bigger, bolder curls, fewer and more readable rings",true,:2,false,
2014/Generativos/pelosss,out/2014/Generativos/pelosss/notes.md,hatchSpacing,hatchspacing,"random(2,5)","[""random(8,12)""]",none,low,no visible change; hatch is too faint and covered by the curls,true,:2,false,
2014/Generativos/pelosss,out/2014/Generativos/pelosss/notes.md,speed,speed,"random(0.4,2)","[""random(0.2,0.8)""]",large,high,"slower walkers: finer, tighter, more granular curls, more background between them",true,:2,false,
2014/Generativos/pelosss,out/2014/Generativos/pelosss/notes.md,angleJitter,anglejitter,0.5,[0.1],moderate,high,"less jitter: looser, more open spirals, lighter texture",true,:2,false,
2014/Generativos/pelosss,out/2014/Generativos/pelosss/notes.md,hatchStrokeAlpha,hatchstrokealpha,20,[100],none,low,no visible change; stronger hatch still hidden under the curl field,true,:2,false,
2014/Generativos/polys,out/2014/Generativos/polys/notes.md,shape-count,shape count,80,[30],moderate,high,"fewer shapes, more negative space; larger shapes read clearly",true,:2,false,
2014/Generativos/polys,out/2014/Generativos/polys/notes.md,dim-range,dim range,"[20,200]","[[60,260]]",moderate,high,"all shapes larger, canvas denser, halos and thick outlines dominate",true,:2,false,
2014/Generativos/polys,out/2014/Generativos/polys/notes.md,sides-range,sides range,"[3,6]",[6],moderate,high,every polygon becomes a hexagon; density unchanged,true,:2,false,
2014/Generativos/polys,out/2014/Generativos/polys/notes.md,strokeWeight-factor,strokeweight factor,0.05,[0.15],moderate,high,"3x stroke factor, noticeably chunkier outlines on same shapes",true,:2,false,
2014/Generativos/polys,out/2014/Generativos/polys/notes.md,drift-rate,drift rate,0.02,[0.2],none,low,no visible change at frame 1: drift term is frame*random(...) and frame==0 in the first draw,true,:2,false,
2014/Generativos/prueba1,out/2014/Generativos/prueba1/notes.md,web_alpha,web alpha,40,[200],subtle,low,web rings/spokes clearly more prominent; dot layer unchanged,true,:2,false,
2014/Generativos/prueba1,out/2014/Generativos/prueba1/notes.md,center_x,center x,500,[300],moderate,high,web centre moves to top-centre; dot fan re-aimed toward bottom-left,true,:2,false,
2014/Generativos/prueba1,out/2014/Generativos/prueba1/notes.md,center_y,center y,180,[400],moderate,high,web centre moves to mid-right of canvas; dots fan out toward the left,true,:2,false,
2014/Generativos/prueba1,out/2014/Generativos/prueba1/notes.md,dot_size_scale,dot size scale,100,[200],moderate,high,"dots ~2x larger, overlap into a dense bokeh field that buries the web",true,:2,false,
2014/Generativos/prueba1,out/2014/Generativos/prueba1/notes.md,spoke_count,spoke count,40,[80],subtle,low,spokes visibly finer and dot rows slightly denser; overall close to baseline,true,:2,false,
2014/Generativos/prueba1,out/2014/Generativos/prueba1/notes.md,dot_alpha_mod,dot alpha mod,30,[100],moderate,high,dots much more opaque (alpha up to 99 instead of 29); web still visible between them,true,:2,false,
2014/Generativos/prueba2,out/2014/Generativos/prueba2/notes.md,dim,dim,80,[160],,unscored,max arc diameter per node,true,:2,false,
2014/Generativos/prueba2,out/2014/Generativos/prueba2/notes.md,cant,cant,10,[40],,unscored,arcs stacked per node,true,:2,false,
2014/Generativos/prueba2,out/2014/Generativos/prueba2/notes.md,rows,rows,8,[4],,unscored,grid rows (j loop),true,:2,false,
2014/Generativos/prueba2,out/2014/Generativos/prueba2/notes.md,cols,cols,6,[3],,unscored,grid columns (i loop),true,:2,false,
2014/Generativos/prueba2,out/2014/Generativos/prueba2/notes.md,hue,hue,random(255),"[""random(30,70)""]",,unscored,hue band of generated colours,true,:2,false,
2014/Generativos/prueba2,out/2014/Generativos/prueba2/notes.md,alpha,alpha,256-(random(1)*random(256)),"[""256""]",,unscored,wedge opacity,true,:2,false,
2014/Generativos/quadFeos,out/2014/Generativos/quadFeos/notes.md,blurPasses,blurpasses,500,[50],none,low,no visible change; quadtree already absent from the captured frame,false,:2,false,non-deterministic baseline; only large changes are reliable
2014/Generativos/quadFeos,out/2014/Generativos/quadFeos/notes.md,cellSteps,cellsteps,50,[5],none,low,no visible change; per-quad nested squares not visible in capture,false,:2,false,non-deterministic baseline; only large changes are reliable
2014/Generativos/quadFeos,out/2014/Generativos/quadFeos/notes.md,targetCount,targetcount,200,[50],none,low,no visible change; quadtree not visible in capture,false,:2,false,non-deterministic baseline; only large changes are reliable
2014/Generativos/quadFeos,out/2014/Generativos/quadFeos/notes.md,splitProb,splitprob,0.3,[0.9],subtle,low,no visible structural change; only dot count/positions differ (non-deterministic),false,:2,false,non-deterministic baseline; only large changes are reliable
2014/Generativos/quadFeos,out/2014/Generativos/quadFeos/notes.md,grainStrength,grainstrength,5,[40],moderate,high,"much coarser, stronger grain over the whole field",false,:2,false,non-deterministic baseline; only large changes are reliable
2014/Generativos/quadFeos,out/2014/Generativos/quadFeos/notes.md,washAlpha,washalpha,20,[200],moderate,high,field visibly lighter and flatter; dots almost erased,false,:2,false,non-deterministic baseline; only large changes are reliable
2014/Generativos/quadFlotantes,out/2014/Generativos/quadFlotantes/notes.md,maxx,maxx,8,[6],subtle,low,"coarser minimum cell (4px vs 1px); grain looks blockier, same overall density",true,:2,false,
2014/Generativos/quadFlotantes,out/2014/Generativos/quadFlotantes/notes.md,quadCount,quadcount,40000,[10000],large,high,"4x fewer squares per pass; much of the dark background shows through, sparse glitter look",true,:2,false,
2014/Generativos/quadFlotantes,out/2014/Generativos/quadFlotantes/notes.md,outlineAlpha,outlinealpha,8,[60],large,high,near-invisible outlines become strong; image much darker with a visible dark grid mesh,true,:2,false,
2014/Generativos/quadFlotantes,out/2014/Generativos/quadFlotantes/notes.md,paletteColor,palettecolor,#7BB0A8,"[""#B07B7B""]",subtle,low,"teal swapped for dusty rose; warmer muted cast, structure unchanged",true,:2,false,
2014/Generativos/quadFlotantes,out/2014/Generativos/quadFlotantes/notes.md,maxOutlineWeight,maxoutlineweight,3,[6],large,high,"thicker outlines; darker, more connected mesh of outlined squares",true,:2,false,
2014/Generativos/texturasPuntitos,out/2014/Generativos/texturasPuntitos/notes.md,sep (dot spacing),sep,20,[40],none,low,"sparser dot band in top-left, but dot region is only ~2% of canvas so overall diff is none",true,:2,false,
2014/Generativos/texturasPuntitos,out/2014/Generativos/texturasPuntitos/notes.md,tam (dot size),tam,10,[30],subtle,low,"dots grow into overlapping white rings; dot band turns into a dense ring mesh, still confined to top-left",true,:2,false,
2014/Generativos/texturasPuntitos,out/2014/Generativos/texturasPuntitos/notes.md,grid angle,grid angle,random(TWO_PI),[0],subtle,low,"angle 0 makes sin(ang)=0, grid collapses to a single flat row of dots along the top edge instead of a rotated band",true,:2,false,
2014/Generativos/texturasPuntitos,out/2014/Generativos/texturasPuntitos/notes.md,grid diameter d,grid diameter d,width (600),[300],none,low,"halves the grid count (15x15 instead of 30x30); at seed 42 the result is a single row of dots along the top, diff none",true,:2,false,
2014/Generativos/texturasPuntitos,out/2014/Generativos/texturasPuntitos/notes.md,gradient direction,gradient direction,"map(i,0,height,0,1)","[""map(i,0,height,1,0)""]",large,high,"reverses the whole gradient: blue on top, magenta on bottom; dot band unaffected (top-left)",true,:2,false,
2015/Generativos/FFt/fft_prueba1,out/2015/Generativos/FFt/fft_prueba1/notes.md,background,background,220,"[120,40]",large,high,"darker base => much stronger shader vignette; 120 = brighter white centre with a darker gray ring, 40 = near-black field",false,:2,true,non-deterministic baseline; only large changes are reliable
2015/Generativos/FFt/fft_prueba1,out/2015/Generativos/FFt/fft_prueba1/notes.md,cc,cc,8,[3],none,low,no visible change at frame 1 (boxes have ~0 size before audio grows them),false,:2,true,non-deterministic baseline; only large changes are reliable
2015/Generativos/FFt/fft_prueba1,out/2015/Generativos/FFt/fft_prueba1/notes.md,sep,sep,80,[120],none,low,no visible change at frame 1 (boxes have ~0 size),false,:2,true,non-deterministic baseline; only large changes are reliable
2015/Generativos/FFt/fft_prueba1,out/2015/Generativos/FFt/fft_prueba1/notes.md,boxSize,boxsize,0.0,[70],moderate,high,"forcing a fixed size reveals the 8^3 box lattice front-on as a near-solid block, muting the bright centre into a flatter mid-gray",false,:2,true,non-deterministic baseline; only large changes are reliable
2015/Generativos/FFt/prueba3,out/2015/Generativos/FFt/prueba3/notes.md,tt,tt,80,[40],moderate,high,"cube size and grid-snap cell halved: smaller, more dispersed cubes on a finer lattice",false,:2,true,non-deterministic baseline; only large changes are reliable
2015/Generativos/FFt/prueba3,out/2015/Generativos/FFt/prueba3/notes.md,camDist,camdist,"random(-800,-100)","[""random(-300,-100)""]",large,high,"camera closer: much larger cubes, stronger perspective (huge foreground cubes)",false,:2,true,non-deterministic baseline; only large changes are reliable
2015/Generativos/FFt/prueba3,out/2015/Generativos/FFt/prueba3/notes.md,background,background,40,[180],large,high,"light grey background: white cubes nearly blend in, low contrast",false,:2,true,non-deterministic baseline; only large changes are reliable
2015/Generativos/FFt/prueba3,out/2015/Generativos/FFt/prueba3/notes.md,fill,fill,"random(220,256)","[""random(0,90)""]",moderate,high,cubes dark grey/near-black on dark background: cluster barely visible,false,:2,true,non-deterministic baseline; only large changes are reliable
2015/Generativos/FFt/prueba3,out/2015/Generativos/FFt/prueba3/notes.md,stroke,stroke,"stroke(0,8)","[""stroke(0,160)""]",none,low,no visible change,false,:2,true,non-deterministic baseline; only large changes are reliable
2015/Generativos/FFt/prueba3,out/2015/Generativos/FFt/prueba3/notes.md,cc,cc,"random(3,100)","[""random(3,30)""]",moderate,high,"fewer cubes: visibly sparser cluster (non-deterministic, count varies per render)",false,:2,true,non-deterministic baseline; only large changes are reliable
2015/Generativos/FFt/prueba4,out/2015/Generativos/FFt/prueba4/notes.md,lar,lar,100,[300],,unscored,,true,:2,false,
2015/Generativos/FFt/prueba4,out/2015/Generativos/FFt/prueba4/notes.md,div,div,10,[4],,unscored,,true,:2,false,
2015/Generativos/FFt/prueba4,out/2015/Generativos/FFt/prueba4/notes.md,ang,ang,PI*1.5,[0],,unscored,,true,:2,false,
2015/Generativos/FFt/prueba4,out/2015/Generativos/FFt/prueba4/notes.md,background,background,20,[200],,unscored,,true,:2,false,
2015/Generativos/FFt/prueba4,out/2015/Generativos/FFt/prueba4/notes.md,translateZ,translatez,-200,[0],,unscored,,true,:2,false,
2015/Generativos/Kaiovodo/kaiovodo00,out/2015/Generativos/Kaiovodo/kaiovodo00/notes.md,hexS,hexs,60,[120],none,low,no visible change; hex lattice is too faint at this canvas size for doubled cell size to register,true,:2,false,
2015/Generativos/Kaiovodo/kaiovodo00,out/2015/Generativos/Kaiovodo/kaiovodo00/notes.md,hexDef,hexdef,5,[20],none,low,no visible change; 4x noise displacement of the faint lattice is not perceptible,true,:2,false,
2015/Generativos/Kaiovodo/kaiovodo00,out/2015/Generativos/Kaiovodo/kaiovodo00/notes.md,hatchCount,hatchcount,2000000,[400000],large,high,much lighter grain: the dense stipple field in the top-right thins to a sparse speckle and the wavy flow strokes underneath become clearly visible,true,:2,false,
2015/Generativos/Kaiovodo/kaiovodo00,out/2015/Generativos/Kaiovodo/kaiovodo00/notes.md,hatchDet,hatchdet,0.006,[0.03],moderate,high,flow field 5x more detailed: strokes curl into small chaotic eddies instead of broad smooth drifts; top-right speckle gets coarser,true,:2,false,
2015/Generativos/Kaiovodo/kaiovodo00,out/2015/Generativos/Kaiovodo/kaiovodo00/notes.md,crossCount,crosscount,60000,[200000],subtle,low,"subtle: slightly denser scatter of small stars/circles along the diagonal band, hard to distinguish from the circles layer",true,:2,false,
2015/Generativos/Kaiovodo/kaiovodo00,out/2015/Generativos/Kaiovodo/kaiovodo00/notes.md,circleSize,circlesize,80,[160],moderate,high,"wobbly circles up to 2x bigger, clearly more prominent, covering a larger fraction of the sheet",true,:2,false,
2015/Generativos/Kaiovodo/kaiovodo01,out/2015/Generativos/Kaiovodo/kaiovodo01/notes.md,s (hex grid cell),s,60,[30],none,low,no visible change - dot grid is buried under the flow-field texture and white shapes,true,:2,false,
2015/Generativos/Kaiovodo/kaiovodo01,out/2015/Generativos/Kaiovodo/kaiovodo01/notes.md,flow line count,flow line count,2000000,[400000],large,high,"mottled background thins out; brighter, grainier field, white stars and rings stand out more",true,:2,false,
2015/Generativos/Kaiovodo/kaiovodo01,out/2015/Generativos/Kaiovodo/kaiovodo01/notes.md,"flow max length (map 0,1,0,32)",flow max length,32,[80],none,low,no visible change - 2M alpha-40 strokes already saturate local coverage; length is absorbed by the noise-angle field,true,:2,false,
2015/Generativos/Kaiovodo/kaiovodo01,out/2015/Generativos/Kaiovodo/kaiovodo01/notes.md,star (cross) count,star count,60000,[20000],large,high,fewer white stars; the dark mottled texture dominates a much larger area,true,:2,false,
2015/Generativos/Kaiovodo/kaiovodo01,out/2015/Generativos/Kaiovodo/kaiovodo01/notes.md,band width (x-y+n*110),band width,110,[300],moderate,high,"mask diagonal shifts left; lower-left black wedge shrinks, white star region extends further left",true,:2,false,
2015/Generativos/Kaiovodo/kaiovodo01,out/2015/Generativos/Kaiovodo/kaiovodo01/notes.md,ring count,ring count,10000,[30000],moderate,high,more white rings with x; star/ring field becomes denser and brighter,true,:2,false,
2015/Generativos/amoaluciana,out/2015/Generativos/amoaluciana/notes.md,discCount,disccount,220,[80],large,high,sparser clusters of eyes; rust stripes visible between them,true,:2,false,
2015/Generativos/amoaluciana,out/2015/Generativos/amoaluciana/notes.md,maxDiscD,maxdiscd,420,[150],large,high,all medallions small and uniform; no giant discs,true,:2,false,
2015/Generativos/amoaluciana,out/2015/Generativos/amoaluciana/notes.md,ringSegments,ringsegments,3-9,"[""2-5""]",large,high,"fewer, bolder ring arcs with wider gaps",true,:2,false,
2015/Generativos/amoaluciana,out/2015/Generativos/amoaluciana/notes.md,stripeSpacing,stripespacing,8-30,"[""2-8""]",none,low,no visible change - background hidden behind medallions,true,:2,false,
2015/Generativos/amoaluciana,out/2015/Generativos/amoaluciana/notes.md,crossCount,crosscount,100,[300],subtle,low,slightly more small crosses in the gaps,true,:2,false,
2015/Generativos/amoaluciana,out/2015/Generativos/amoaluciana/notes.md,stripeAlpha,stripealpha,80,[200],subtle,low,background stripes slightly more visible in the gaps,true,:2,false,
2015/Generativos/arcosCampestres,out/2015/Generativos/arcosCampestres/notes.md,mc,mc,8,[3],subtle,low,"max wedge count: 3 gives ~3/4-filled circles (1-3 wedges, 90-deg gap); small in pixel metric because circles cover ~6% of canvas",false,:2,false,non-deterministic baseline; only large changes are reliable
2015/Generativos/arcosCampestres,out/2015/Generativos/arcosCampestres/notes.md,ss,ss,"height*random(0.1,0.2)","[""height*random(0.4,0.5)""]",subtle,low,"wider gap -> fewer circles per row (3x1 in this run, confounded with the run's random small tt)",false,:2,false,non-deterministic baseline; only large changes are reliable
2015/Generativos/arcosCampestres,out/2015/Generativos/arcosCampestres/notes.md,tt,tt,"height*random(0.8)*random(0.1,1)","[""height*random(0.8)*random(0.5,1)""]",moderate,high,"larger circles: 4x2 grid of big pies, fewer and larger wedges",false,:2,false,non-deterministic baseline; only large changes are reliable
2015/Generativos/arcosCampestres,out/2015/Generativos/arcosCampestres/notes.md,fill,fill,"random(255), random(100,255), random(100)","[""random(100), random(100,255), random(255)""]",none,low,wedges shift orange/brown -> cyan/blue/teal (no more orange); scored none because circles cover little of the canvas,false,:2,false,non-deterministic baseline; only large changes are reliable
2015/Generativos/arcosCampestres,out/2015/Generativos/arcosCampestres/notes.md,background,background,240,[30],large,high,dark-gray ground instead of light-gray; wedges unchanged in style,false,:2,false,non-deterministic baseline; only large changes are reliable
2015/Generativos/bolaPantone,out/2015/Generativos/bolaPantone/notes.md,count,count,10000,[20000],moderate,high,"denser ball, more ring overlap, darker muddier centre",true,:2,false,
2015/Generativos/bolaPantone,out/2015/Generativos/bolaPantone/notes.md,maxRadius,maxradius,0.6,[0.35],moderate,high,"smaller compact ball (~58% extent), higher local density, larger-looking rings (rim-shrink map evaluated over smaller range)",true,:2,false,
2015/Generativos/bolaPantone,out/2015/Generativos/bolaPantone/notes.md,sizeRange,sizerange,"[1,40]","[[1,80]]",moderate,high,"much larger overlapping rings; solid saturated mass, slightly bumpy edge",true,:2,false,
2015/Generativos/bolaPantone,out/2015/Generativos/bolaPantone/notes.md,ringWeight,ringweight,1.5,[4],subtle,low,"thicker rings; ball slightly more solid, similar overall impression",true,:2,false,
2015/Generativos/bolaPantone,out/2015/Generativos/bolaPantone/notes.md,alphaStep,alphastep,50,[20],subtle,low,"ring alpha capped at 100 instead of 250; ball paler, washed out",true,:2,false,
2015/Generativos/bolaPantone,out/2015/Generativos/bolaPantone/notes.md,trailSteps,trailsteps,6,[12],subtle,low,longer diagonal trails; directional combed streak texture,true,:2,false,
2015/Generativos/bolaParticulas,out/2015/Generativos/bolaParticulas/notes.md,wormCount,wormcount,200,[400],moderate,high,"denser burst with more overlap, same extent",true,:2,false,
2015/Generativos/bolaParticulas,out/2015/Generativos/bolaParticulas/notes.md,wormSteps,wormsteps,80-220,"[""80-400""]",moderate,high,"longer, thinner tails; tendrils reach further",true,:2,false,
2015/Generativos/bolaParticulas,out/2015/Generativos/bolaParticulas/notes.md,startSize,startsize,20-60,"[""20-120""]",subtle,low,"fatter, chunkier worms, similar extent",true,:2,false,
2015/Generativos/bolaParticulas,out/2015/Generativos/bolaParticulas/notes.md,speed,speed,0.8-2,"[""0.8-4""]",moderate,high,"tendrils reach much further, more spread and stretched",true,:2,false,
2015/Generativos/bolaParticulas,out/2015/Generativos/bolaParticulas/notes.md,hatchSep,hatchsep,10-32,"[""10-64""]",none,low,no visible change; hatch stays faint,true,:2,false,
2015/Generativos/bolaParticulas,out/2015/Generativos/bolaParticulas/notes.md,markCount,markcount,40,[100],none,low,no visible change; small marks lost in the burst,true,:2,false,
2015/Generativos/bolasPeludas,out/2015/Generativos/bolasPeludas/notes.md,nCandidates,ncandidates,300,[150],subtle,low,"fewer balls kept, sparser layout",true,:2,false,
2015/Generativos/bolasPeludas,out/2015/Generativos/bolasPeludas/notes.md,hairCountMax,haircountmax,40000,[10000],moderate,high,"1/4 the hairs -> balls clearly lighter, sparse spiky fringe",true,:2,false,
2015/Generativos/bolasPeludas,out/2015/Generativos/bolasPeludas/notes.md,hairLenScale,hairlenscale,120,[40],subtle,low,"shorter hairs -> slightly lighter, tighter fringe",true,:2,false,
2015/Generativos/bolasPeludas,out/2015/Generativos/bolasPeludas/notes.md,bgScratchN,bgscratchn,300000,[100000],moderate,high,scratch field ~3x sparser; ball halos stand out more,true,:2,false,
2015/Generativos/bolasPeludas,out/2015/Generativos/bolasPeludas/notes.md,strokeAlpha,strokealpha,30,[100],moderate,high,hair strokes saturate -> balls much darker,true,:2,false,
2015/Generativos/caritas,out/2015/Generativos/caritas/notes.md,headSize,headsize,"random(10, 240)","[""random(300, 640)""]",moderate,high,head grows to ~400px and dominates the canvas; eyes and mouth scale up proportionally,true,:2,false,
2015/Generativos/caritas,out/2015/Generativos/caritas/notes.md,headHue,headhue,random(50),"[""random(180, 240)""]",subtle,low,peach head becomes pale light blue; only ~6% of pixels change because the head is mostly off-canvas,true,:2,false,
2015/Generativos/caritas,out/2015/Generativos/caritas/notes.md,eyeScale,eyescale,"random(0.08, 0.18)","[""random(0.02, 0.06)""]",none,low,no visible change,true,:2,false,
2015/Generativos/caritas,out/2015/Generativos/caritas/notes.md,mouthWeight,mouthweight,"headSize*random(0.04, 0.18)","headSize*random(0.005, 0.02)",none,low,no visible change,true,:2,false,
2015/Generativos/caritas,out/2015/Generativos/caritas/notes.md,eyeAlpha,eyealpha,random(80),"[""random(255)""]",none,low,no visible change (image identical to baseline),true,:2,false,
2015/Generativos/circuloss,out/2015/Generativos/circuloss/notes.md,maskCount,maskcount,5,[12],,unscored,number of white mask circles,true,:2,false,
2015/Generativos/circuloss,out/2015/Generativos/circuloss/notes.md,maskSizeRange,masksizerange,"2^random(2,8)=[4,256]",[2],,unscored,min exponent of mask circle diameter,true,:2,false,
2015/Generativos/circuloss,out/2015/Generativos/circuloss/notes.md,positionRange,positionrange,"random(0.2,0.8)","[""random(0.0,1.0)""]",,unscored,random position window before centre bias,true,:2,false,
2015/Generativos/circuloss,out/2015/Generativos/circuloss/notes.md,scatterCount,scattercount,400,[5000],,unscored,iterations of the coloured scatter loop (occluded),true,:2,false,
2015/Generativos/circuloss,out/2015/Generativos/circuloss/notes.md,strokeWeight,strokeweight,1,[20],,unscored,X-line weight in coloured scatter (occluded),true,:2,false,
2015/Generativos/cityPink3d,out/2015/Generativos/cityPink3d/notes.md,cc,cc,300,[600],none,low,no visible change — terrain mesh barely visible at this camera angle,true,:2,true,
2015/Generativos/cityPink3d,out/2015/Generativos/cityPink3d/notes.md,det,det,0.002,[0.008],subtle,low,"slightly finer, busier ripple in the faint terrain mesh near the frame edges",true,:2,true,
2015/Generativos/cityPink3d,out/2015/Generativos/cityPink3d/notes.md,terrainH,terrainh,1000,[3000],none,low,no visible change,true,:2,true,
2015/Generativos/cityPink3d,out/2015/Generativos/cityPink3d/notes.md,ccc,ccc,"random(600,2000)","[""random(600,3000)""]",subtle,low,"denser field of towers, slightly more crowded radial lines",true,:2,true,
2015/Generativos/cityPink3d,out/2015/Generativos/cityPink3d/notes.md,towerH,towerh,"random(200,1000)*random(0.5,1)","[""random(200,3000)*random(0.5,1)""]",moderate,high,"towers reach much higher, taller stepped columns fill more of the frame, terrain pushed further back",true,:2,true,
2015/Generativos/cityPink3d,out/2015/Generativos/cityPink3d/notes.md,sep,sep,20,[40],none,low,no visible change,true,:2,true,
2015/Generativos/cubitos,out/2015/Generativos/cubitos/notes.md,mt,mt,1,"[2,5]",moderate,high,"grid step tt=10*mt; larger mt = bigger, sparser cubes, coarser mosaic",true,:2,false,
2015/Generativos/cubitos,out/2015/Generativos/cubitos/notes.md,det,det,0.005,[0.002],moderate,high,"colour-noise scale; smaller = smoother, broader colour bands; relief unchanged",true,:2,false,
2015/Generativos/cubitos,out/2015/Generativos/cubitos/notes.md,mz,mz,0.5,[2.0],large,high,"mouse-distance z push; 2.0 pushes the whole wall out of camera view, leaving a flat dark background",true,:2,false,
2015/Generativos/cubitos,out/2015/Generativos/cubitos/notes.md,zAmp,zamp,0.6,[2.0],moderate,high,"relief height scale (tt*zAmp); 2.0 exaggerates it - flat areas thin to slivers, receded areas become tall columns",true,:2,false,
2015/Generativos/gridsCircles,out/2015/Generativos/gridsCircles/notes.md,ringCount,ringcount,10,[2],moderate,high,"only 2 rings (one thick white, one hairline black); the small central disc vanishes; tile positions shift because the random stream shifts",true,:2,true,
2015/Generativos/gridsCircles,out/2015/Generativos/gridsCircles/notes.md,tileCount,tilecount,50,[150],subtle,low,"denser scatter of checkerboard tiles, rings unchanged",true,:2,true,
2015/Generativos/gridsCircles,out/2015/Generativos/gridsCircles/notes.md,ringWeightGain,ringweightgain,0.2,[0.5],moderate,high,rings become much thicker: fat white and black bands instead of mostly hairlines,true,:2,true,
2015/Generativos/gridsCircles,out/2015/Generativos/gridsCircles/notes.md,tileBgAlpha,tilebgalpha,240,[100],none,low,no visible change (tiles only marginally more see-through),true,:2,true,
2015/Generativos/gridsCircles,out/2015/Generativos/gridsCircles/notes.md,bgGrain,bggrain,5,[30],subtle,low,background clearly grainier; per-pixel deltas stay below the changed-pixel threshold,true,:2,true,
2015/Generativos/linesCirculares,out/2015/Generativos/linesCirculares/notes.md,count,count,1000,[300],subtle,low,"fewer petals; slightly thinner, less saturated core, a few fewer long edge petals",true,:2,false,
2015/Generativos/linesCirculares,out/2015/Generativos/linesCirculares/notes.md,r2Sigma,r2sigma,30,[80],moderate,high,"larger cluster; core spread over a bigger area, more green, petals reach further out",true,:2,false,
2015/Generativos/linesCirculares,out/2015/Generativos/linesCirculares/notes.md,widthFactor,widthfactor,4/3,"[""8/3""]",moderate,high,"wide soft petals; core becomes a big fuzzy yellow-green mass, fine outline threads disappear",true,:2,false,
2015/Generativos/linesCirculares,out/2015/Generativos/linesCirculares/notes.md,strokeAlpha,strokealpha,20,[60],subtle,low,petal outlines slightly more visible; overall look essentially unchanged,true,:2,false,
2015/Generativos/linesCirculares,out/2015/Generativos/linesCirculares/notes.md,fillAlpha,fillalpha,6,[20],moderate,high,much brighter and more solid; a large luminous disc with long rays reaching the canvas edges,true,:2,false,
2015/Generativos/lutFirst,out/2015/Generativos/lutFirst/notes.md,frames,frames,16000,[4000],moderate,high,"fewer, shorter trails (walkers cover less ground); central target cluster largely unchanged",true,:2,false,
2015/Generativos/lutFirst,out/2015/Generativos/lutFirst/notes.md,grain (IPnoise),grain,0.05,[0.2],subtle,low,no visible change; grain increase barely perceptible,true,:2,false,
2015/Generativos/lutFirst,out/2015/Generativos/lutFirst/notes.md,vignette (IPvignette),vignette,0.6,[0.2],subtle,low,corners slightly less dark; rest identical,true,:2,false,
2015/Generativos/lutFirst,out/2015/Generativos/lutFirst/notes.md,lutIntensity (lut.apply),lutintensity,0.6,[1.0],subtle,low,background tone marginally darker/warmer; LUT already dominates the look,true,:2,false,
2015/Generativos/lutFirst,out/2015/Generativos/lutFirst/notes.md,initialCount,initialcount,80,[20],large,high,"sparser trails, fewer and smaller motifs, one central cluster instead of a dense field",true,:2,false,
2015/Generativos/lutFirst,out/2015/Generativos/lutFirst/notes.md,blobProb,blobprob,0.003/partis.size(),"[""0.01/partis.size()""]",large,high,many more nested-polygon targets and smiley faces; central cluster swells into a big mass,true,:2,false,
2015/Generativos/mandalitas,out/2015/Generativos/mandalitas/notes.md,cc,cc,"random(1,20)",[5],large,high,"fewer concentric rings per motif (max 5 vs 20); form1 consumes one random per ring, so the downstream stream shifts and colours reshuffle, making the collage read more orange",true,:2,false,
2015/Generativos/mandalitas,out/2015/Generativos/mandalitas/notes.md,s,s,"random(1,7)",[3],moderate,high,"sharper, spikier stars; the low-facet bumpy shapes disappear, clean spikes and triangles dominate",true,:2,false,
2015/Generativos/mandalitas,out/2015/Generativos/mandalitas/notes.md,c,c,"random(3,22)",[12],moderate,high,"every motif has 12+ points; more flower/mandala-like, the 3-point triangular stars vanish",true,:2,false,
2015/Generativos/mandalitas,out/2015/Generativos/mandalitas/notes.md,d,d,"random(80,340)*random(1)","[""random(80,340)""]",large,high,"motifs much larger on average; big stars dominate the canvas, fine small detail mostly lost",true,:2,false,
2015/Generativos/mandalitas,out/2015/Generativos/mandalitas/notes.md,orange_prob,orange prob,0.2,[0.6],large,high,"majority of fills become orange/amber; orange dominates the palette, greys are the minority",true,:2,false,
2015/Generativos/mandalitas,out/2015/Generativos/mandalitas/notes.md,count,count,500,[150],large,high,clearly sparser scatter; white background visible between motifs,true,:2,false,
2015/Generativos/naves/naves01,out/2015/Generativos/naves/naves01/notes.md,amp,amp,"random(5, 60)","[""random(5, 120)""]",none,low,doubles max prism radius; score says no visible change (2.6% of pixels differ),true,:2,false,
2015/Generativos/naves/naves01,out/2015/Generativos/naves/naves01/notes.md,lc,lc,6,[12],none,low,"cross-section becomes 12-gon, end caps slightly rounder; score says no visible change (1.1% of pixels)",true,:2,false,
2015/Generativos/naves/naves01,out/2015/Generativos/naves/naves01/notes.md,span,span,20,[40],none,low,city extends past the grid's right edge with extra segments and domes; score says no visible change (1.5% of pixels),true,:2,false,
2015/Generativos/naves/naves01,out/2015/Generativos/naves/naves01/notes.md,fillAlpha,fillalpha,20,[160],subtle,low,prism faces gain solid visible colour (magenta/white/red/yellow walls); outline-only look is lost,true,:2,false,
2015/Generativos/naves/naves01,out/2015/Generativos/naves/naves01/notes.md,cameraZ,cameraz,-160,[-60],subtle,low,"camera closer: city and domes larger in frame, grid more compressed toward horizon",true,:2,false,
2015/Generativos/naves/naves01,out/2015/Generativos/naves/naves01/notes.md,background,background,20,[220],large,high,"light grey scene, dark grid, neon outlines read as dark lines; white dome and white prism nearly vanish",true,:2,false,
2015/Generativos/planetProblem,out/2015/Generativos/planetProblem/notes.md,bodyCount,bodycount,400,[100],none,low,no visible change - 2-px cubes occupy ~0.5% of pixels,false,:2,true,non-deterministic baseline; only large changes are reliable
2015/Generativos/planetProblem,out/2015/Generativos/planetProblem/notes.md,sphereRadius,sphereradius,"width*random(0.2,0.3)","[""width*random(0.4,0.5)""]",moderate,high,"larger disk; red/green cube swarm sits on it, clearly visible",false,:2,true,non-deterministic baseline; only large changes are reliable
2015/Generativos/planetProblem,out/2015/Generativos/planetProblem/notes.md,gridSpacing,gridspacing,20,[80],none,low,no visible change - grid near-invisible (stroke 16 on background 20),false,:2,true,non-deterministic baseline; only large changes are reliable
2015/Generativos/planetProblem,out/2015/Generativos/planetProblem/notes.md,bodySize,bodysize,2,[8],subtle,low,subtle: red/green cubes read as distinct squares instead of specks,false,:2,true,non-deterministic baseline; only large changes are reliable
2015/Generativos/planetProblem,out/2015/Generativos/planetProblem/notes.md,bodyOffset,bodyoffset,8,[30],none,low,no visible change - cubes/spokes shift slightly outward from sphere rim,false,:2,true,non-deterministic baseline; only large changes are reliable
2015/Generativos/planetProblem,out/2015/Generativos/planetProblem/notes.md,background,background,20,[120],large,high,mid-grey field; dark grid becomes clearly visible across the canvas,false,:2,true,non-deterministic baseline; only large changes are reliable
2015/Generativos/planets3d,out/2015/Generativos/planets3d/notes.md,tam,tam,"random(180, 280)",[400],large,high,"planet much bigger, fills most of the canvas height; lumpy silhouette clearly visible (different random palette this run)",false,:2,true,non-deterministic baseline; only large changes are reliable
2015/Generativos/planets3d,out/2015/Generativos/planets3d/notes.md,displaceStrength,displacestrength,0.2,[0.6],large,high,"stronger vertex displacement: deep, spiky, exaggerated relief on the silhouette",false,:2,true,non-deterministic baseline; only large changes are reliable
2015/Generativos/planets3d,out/2015/Generativos/planets3d/notes.md,sphereDetail,spheredetail,40,[12],large,high,"coarser mesh: chunky, low-poly bumps; bright green artifact background already at frame 1",false,:2,true,non-deterministic baseline; only large changes are reliable
2015/Generativos/planets3d,out/2015/Generativos/planets3d/notes.md,det,det,"random(0.01, 0.02)",[0.05],large,high,"larger, fewer, smoother continents (few big landmasses instead of many small ones); white/gray artifact background at frame 1",false,:2,true,non-deterministic baseline; only large changes are reliable
2015/Generativos/planets3d,out/2015/Generativos/planets3d/notes.md,pointLight color,pointlight color,"(255, 80, 80)","[""(80, 80, 255)""]",large,high,warm red upper-left glow replaced by cool blue/violet light on the highlands; lowest score of the set (0.175),false,:2,true,non-deterministic baseline; only large changes are reliable
2015/Generativos/quadis2,out/2015/Generativos/quadis2/notes.md,capas,capas,int(random(10)),[9],large,high,"fixed 9 layers: denser, finer mosaic with many small cells over the large ones",true,:2,false,
2015/Generativos/quadis2,out/2015/Generativos/quadis2/notes.md,ccc,ccc,"random(2, 200)",[500],large,high,"5x more cells per layer: very busy confetti-like texture, tiny cells dominate",true,:2,false,
2015/Generativos/quadis2,out/2015/Generativos/quadis2/notes.md,halfSplitThreshold,halfsplitthreshold,6,[2],large,high,80% of cells diagonally half-split instead of 40%; surface covered in two-tone triangles,true,:2,false,
2015/Generativos/quadis2,out/2015/Generativos/quadis2/notes.md,strokeAlpha,strokealpha,2,[80],moderate,high,"dark outlines around every cell become visible, reading as grid seams",true,:2,false,
2015/Generativos/quadis2,out/2015/Generativos/quadis2/notes.md,sizeDecay,sizedecay,2,[1.5],large,high,"smaller layers stay larger (width/1.5^(i-1)): more uniform mid-scale cells, fewer tiny ones",true,:2,false,
2015/Generativos/radius,out/2015/Generativos/radius/notes.md,circles_per_group,circles per group,40,[80],large,high,"far denser circle field; nearly covers the canvas, hides hatching and background",true,:2,false,
2015/Generativos/radius,out/2015/Generativos/radius/notes.md,circle_size_step,circle size step,20,[40],moderate,high,"noticeably larger circles overall; coarser, more solid field",true,:2,false,
2015/Generativos/radius,out/2015/Generativos/radius/notes.md,line_spacing,line spacing,5-10,[30],large,high,"coarser, widely spaced diagonal hatching now clearly visible across the background",true,:2,false,
2015/Generativos/radius,out/2015/Generativos/radius/notes.md,border_weight,border weight,16,[40],subtle,low,thicker dark border frame; everything else identical,true,:2,false,
2015/Generativos/radius,out/2015/Generativos/radius/notes.md,blob_alpha,blob alpha,20,[120],subtle,low,soft radial gradient blobs now clearly visible (near-invisible at 20); rest identical,true,:2,false,
2015/Generativos/taptap,out/2015/Generativos/taptap/notes.md,count,count,1000,[300],large,high,"sparser field, more background visible, individual discs and bars read separately",true,:2,false,
2015/Generativos/taptap,out/2015/Generativos/taptap/notes.md,sizeMax,sizemax,380,[100],large,high,"no giant discs; uniform texture of small/medium spinners, much more background visible",true,:2,false,
2015/Generativos/taptap,out/2015/Generativos/taptap/notes.md,loaderProbability,loaderprobability,80,[30],large,high,composition dominated by horizontal bars instead of discs,true,:2,false,
2015/Generativos/taptap,out/2015/Generativos/taptap/notes.md,coreScale,corescale,0.6,[0.3],moderate,high,small dark core; wide light-grey ring band becomes the dominant feature of each disc,true,:2,false,
2015/Generativos/taptap,out/2015/Generativos/taptap/notes.md,arcSweep,arcsweep,2.0,[1.0],subtle,low,no visible change overall; coloured arcs are somewhat shorter with more grey rim showing,true,:2,false,
2015/Generativos/texturasPencil,out/2015/Generativos/texturasPencil/notes.md,c,c,"int(random(2, 5))",[8],large,high,"more hair layers -> canvas nearly pure black, denser darker fur; also shifts the random stream so the dot blob moved to a small corner patch",true,:2,false,
2015/Generativos/texturasPencil,out/2015/Generativos/texturasPencil/notes.md,det,det,random(0.05),[0.02],large,high,lower hair-field detail -> larger smoother flow swirls; stream shift also relocated the dot blob to the bottom-right corner,true,:2,false,
2015/Generativos/texturasPencil,out/2015/Generativos/texturasPencil/notes.md,gro,gro,"random(2, 8)",[8],large,high,max base stroke weight -> thicker lighter grey fur with strong light/dark contrast; stream shift also relocated the dot blob,true,:2,false,
2015/Generativos/texturasPencil,out/2015/Generativos/texturasPencil/notes.md,dotCount,dotcount,100000,[300000],moderate,high,"dot fill in the blob denser and more complete, smoother outline; hair unchanged",true,:2,false,
2015/Generativos/texturasPencil,out/2015/Generativos/texturasPencil/notes.md,dotThreshold,dotthreshold,0,[0.4],moderate,high,blob shrinks to the field core: a dot band along the top edge plus a few small patches; hair unchanged,true,:2,false,
2015/Generativos/triangulitos,out/2015/Generativos/triangulitos/notes.md,tt (grid cell size),tt,"5, 20, 40, 80 (one picked at random)",[5],none,low,"no visible change — seed 42 already resolves tt=5, so forcing all cells to 5 is byte-identical to baseline",true,:2,true,
2015/Generativos/triangulitos,out/2015/Generativos/triangulitos/notes.md,pos (triangle-vs-cross threshold),pos,random(1),[0.0],moderate,high,"0.0 makes random(1)<pos always false -> every shape is a 4-point cross, all gradient triangles vanish",true,:2,true,
2015/Generativos/triangulitos,out/2015/Generativos/triangulitos/notes.md,cc (shape count),cc,"nested random(1,1000), small-biased",[300],moderate,high,"fixed 300 shapes -> much denser field, triangles and crosses fill most of the canvas",true,:2,true,
2015/Generativos/triangulitos,out/2015/Generativos/triangulitos/notes.md,dotAlpha (background dot fill alpha),dotalpha,8,[90],none,low,no visible change; 3px dots are too sparse to move the pixel diff (mean 0.0036),true,:2,true,
2015/Generativos/triangulitos,out/2015/Generativos/triangulitos/notes.md,b (border / grid offset),b,2,[30],moderate,high,grows dx=dy=tt*b and shrinks cw/ch -> whole cluster shifts center-right with a large empty margin top-left,true,:2,true,
2015/Generativos/trianguloSSS,out/2015/Generativos/trianguloSSS/notes.md,triangleCount,trianglecount,100,[300],large,high,"3x density; canvas much more filled, overlaps denser, fewer background gaps",true,:2,false,
2015/Generativos/trianguloSSS,out/2015/Generativos/trianguloSSS/notes.md,sides,sides,3,[5],moderate,high,"triangles become pentagons; larger area per shape, fuller coverage",true,:2,false,
2015/Generativos/trianguloSSS,out/2015/Generativos/trianguloSSS/notes.md,maxR,maxr,80,[40],moderate,high,smaller triangles on average; more background visible between them,true,:2,false,
2015/Generativos/trianguloSSS,out/2015/Generativos/trianguloSSS/notes.md,lineCount,linecount,50,[200],none,low,"no visible change; X strokes are too thin (weight <= 4px, most <1px) to matter at 0.4% of pixels",true,:2,false,
2015/Generativos/trianguloSSS,out/2015/Generativos/trianguloSSS/notes.md,paletteSize,palettesize,2,[6],large,high,palette gains green/teal/olive/pink; entirely different colour look,true,:2,false,
2015/Generativos/uiFuturist,out/2015/Generativos/uiFuturist/notes.md,radar radius,radar radius,width*0.48,"[""width*0.25""]",subtle,low,"smaller compact radar ring in the centre, more empty space around it",false,:2,true,non-deterministic baseline; only large changes are reliable
2015/Generativos/uiFuturist,out/2015/Generativos/uiFuturist/notes.md,grid spacing,grid spacing,50,[25],none,low,no visible change (grid strokes are too faint to distinguish at half the step),false,:2,true,non-deterministic baseline; only large changes are reliable
2015/Generativos/uiFuturist,out/2015/Generativos/uiFuturist/notes.md,slide bar count,slide bar count,20,[40],none,low,no visible change (extra rows only add a few faint bars),false,:2,true,non-deterministic baseline; only large changes are reliable
2015/Generativos/uiFuturist,out/2015/Generativos/uiFuturist/notes.md,radar circle count,radar circle count,"random(4,20)","[""random(4,40)""]",subtle,low,slightly busier radar: more concentric circles and tick rings,false,:2,true,non-deterministic baseline; only large changes are reliable
2015/Generativos/uiFuturist,out/2015/Generativos/uiFuturist/notes.md,left donut point count,left donut point count,50,[120],none,low,no visible change (ring stays a loose cluster of dots),false,:2,true,non-deterministic baseline; only large changes are reliable
2015/Generativos/uiFuturist,out/2015/Generativos/uiFuturist/notes.md,orange donut threshold,orange donut threshold,16,[60],none,low,no visible change (constellation still a sparse orange ring),false,:2,true,non-deterministic baseline; only large changes are reliable
2016/Generativos/ThePiper,out/2016/Generativos/ThePiper/notes.md,subdivisions,subdivisions,800,[1200],moderate,high,more splits: patchwork reads as a distinct checker of maroon squares; word set re-rolls (random stream shifts) and is sparser,true,:2,false,
2016/Generativos/ThePiper,out/2016/Generativos/ThePiper/notes.md,rotation,rotation,PI/8 (22.5 deg),"[""PI/4 (45 deg)""]",moderate,high,words and patchwork tilt at 45 deg instead of 22.5 deg,true,:2,false,
2016/Generativos/ThePiper,out/2016/Generativos/ThePiper/notes.md,speckleCount,specklecount,"random(1000, 8000)","[""random(20000, 30000)""]",none,low,no visible change; specks are too faint to register the 4x count increase,true,:2,false,
2016/Generativos/ThePiper,out/2016/Generativos/ThePiper/notes.md,jitterAmount,jitteramount,"random(-4, 4)","[""random(-20, 20)""]",subtle,low,"subtle: grain slightly coarser, composition unchanged",true,:2,false,
2016/Generativos/ThePiper,out/2016/Generativos/ThePiper/notes.md,textAlpha,textalpha,250,[80],moderate,high,words become semi-transparent grey; patchwork shows through the letters,true,:2,false,
2016/Generativos/ThePiper,out/2016/Generativos/ThePiper/notes.md,textSizeBase,textsizebase,320,[480],large,high,words ~1.5x larger; 'telephone' spans the full width and 'World' is cropped,true,:2,false,
2016/Generativos/ThePiper,out/2016/Generativos/ThePiper/notes.md,quadSubdivide,quadsubdivide,,,,unscored,,true,:2,false,
2016/Generativos/ThePiper,out/2016/Generativos/ThePiper/notes.md,pixelJitter,pixeljitter,,,,unscored,,true,:2,false,
2016/Generativos/ThePiper,out/2016/Generativos/ThePiper/notes.md,arcSpeckle,arcspeckle,,,,unscored,,true,:2,false,
2016/Generativos/ThePiper,out/2016/Generativos/ThePiper/notes.md,scatterWords,scatterwords,,,,unscored,,true,:2,false,
2016/Generativos/arcss,out/2016/Generativos/arcss/notes.md,layers,layers,100,[30],large,high,fewer overlapping layers -> sparser; big solid wedges & a dark-navy block stand out instead of dense blended rings,true,:2,false,
2016/Generativos/arcss,out/2016/Generativos/arcss/notes.md,r2max,r2max,0.8,[0.4],large,high,caps outer radius -> rings become a contained disc on a black margin instead of full-bleed,true,:2,false,
2016/Generativos/arcss,out/2016/Generativos/arcss/notes.md,amp,amp,0.2..0.96,"[""0.2..0.4""]",subtle,low,arcs fill less of each slot -> thinner spokes with more gaps; radii/bands & colours essentially unchanged,true,:2,false,
2016/Generativos/arcss,out/2016/Generativos/arcss/notes.md,cc,cc,3..100,"[""3..30""]",large,high,"fewer segments per ring -> coarser, bolder spoke bars",true,:2,false,
2016/Generativos/arcss,out/2016/Generativos/arcss/notes.md,arcyRes,arcyres,PI*r2+4,"[""PI*r2+30""]",none,low,higher polygon vertex count -> no visible change (arcs already sampled densely enough),true,:2,false,
2016/Generativos/arcss,out/2016/Generativos/arcss/notes.md,maxAlpha,maxalpha,255,[120],moderate,high,"lower alpha -> more translucent, paler, lower-contrast image",true,:2,false,
2016/Generativos/blendCircles,out/2016/Generativos/blendCircles/notes.md,discCount (L30),disccount,8,[16],large,high,"more discs: canvas almost fully tiled by overlapping discs; DARKEST overlap regions (olive, dark red) dominate",false,:2,false,non-deterministic baseline; only large changes are reliable
2016/Generativos/blendCircles,out/2016/Generativos/blendCircles/notes.md,discSizeExponent (L37),discsizeexponent,7,[5],large,high,size ladder 64..1024 instead of 256..4096; visible difference dominated by re-randomised placement (huge black triple overlap),false,:2,false,non-deterministic baseline; only large changes are reliable
2016/Generativos/blendCircles,out/2016/Generativos/blendCircles/notes.md,grainCount (L60),graincount,400,[4000],moderate,high,10x denser white arc grain; clearly visible stipple over the dark discs,false,:2,false,non-deterministic baseline; only large changes are reliable
2016/Generativos/blendCircles,out/2016/Generativos/blendCircles/notes.md,grainSizeMax (L63),grainsizemax,16,[60],large,high,"arcs up to 60 px but stay faint (low alpha, ADD); visible difference dominated by re-randomised placement",false,:2,false,non-deterministic baseline; only large changes are reliable
2016/Generativos/blendCircles,out/2016/Generativos/blendCircles/notes.md,hatchColor (L25),hatchcolor,252,[128],large,high,diagonal hatch becomes clearly visible as darker stripes over the coloured discs,false,:2,false,non-deterministic baseline; only large changes are reliable
2016/Generativos/celular,out/2016/Generativos/celular/notes.md,sep,sep,"random(10, 200*random(0.2,1))",[40],large,high,"much denser field of smaller circles, same cyan-centre to maroon-edge ramp",true,:2,false,
2016/Generativos/celular,out/2016/Generativos/celular/notes.md,d,d,sep*0.1,"[""0.35*sep""]",large,high,"noticeably more scattered, wobbly positions; gaps between circles become uneven",true,:2,false,
2016/Generativos/celular,out/2016/Generativos/celular/notes.md,background,background,240,[20],large,high,"dark charcoal ground; bright cyan/magenta field stands out, same circle layout",true,:2,false,
2016/Generativos/celular,out/2016/Generativos/celular/notes.md,radialBlurAmp,radialbluramp,5,[15],subtle,low,edges and corners slightly softer; overall nearly identical to baseline,true,:2,false,
2016/Generativos/celular,out/2016/Generativos/celular/notes.md,speckleAlpha,specklealpha,5,[40],subtle,low,no visible change - speckle layer is hidden under the nearly opaque circle field,true,:2,false,
2016/Generativos/celular,out/2016/Generativos/celular/notes.md,circleScale,circlescale,"sep*random(0.85,1.15)","[""0.45-0.6*sep""]",large,high,"smaller circles with clear gaps; staccato dotted field, same radial ramp",true,:2,false,
2016/Generativos/circlesAndGrids,out/2016/Generativos/circlesAndGrids/notes.md,str,str,"random(12, 180)","[""random(60, 180)""]",large,high,"thicker, coarser diagonal black stripes; black bands dominate",true,:2,false,
2016/Generativos/circlesAndGrids,out/2016/Generativos/circlesAndGrids/notes.md,div,div,"int(random(2, 40*random(1)))","[""int(random(2, 12))""]",moderate,high,"coarser grid; sub consumes one fewer random, so downstream colours/elements shift too",true,:2,false,
2016/Generativos/circlesAndGrids,out/2016/Generativos/circlesAndGrids/notes.md,drawCircle_cc,drawcircle cc,"int(random(4, random(10, 50)))","[""int(random(4, random(10, 90)))""]",large,high,"more intersection dots; extra circles shift the random stream, so blocks and white arcs change too",true,:2,false,
2016/Generativos/circlesAndGrids,out/2016/Generativos/circlesAndGrids/notes.md,ccBlocks,ccblocks,int(random(0.05)*div*div),"[""int(random(0.15)*div*div)""]",moderate,high,more and larger coloured blocks; stripes/grid/arcs unchanged,true,:2,false,
2016/Generativos/circlesAndGrids,out/2016/Generativos/circlesAndGrids/notes.md,drawCircle2_cc,drawcircle2 cc,int(random(20)),"[""int(random(40))""]",subtle,low,"many more white circles + thin intersection rings, but strokes cover few pixels",true,:2,false,
2016/Generativos/circlesquads,out/2016/Generativos/circlesquads/notes.md,,(unnamed),,,,unscored,,true,:2,false,
2016/Generativos/colorRamp,out/2016/Generativos/colorRamp/notes.md,cc,cc,"random(1,92)*random(1); ~22 at seed 42",[40],moderate,high,"denser, smaller dots; the unchanged warp smears them into a fine marbled texture, dot grid barely legible",true,:2,false,
2016/Generativos/colorRamp,out/2016/Generativos/colorRamp/notes.md,det,det,random(0.02)*random(1); gentle large-scale warp at seed 42,[0.01],moderate,high,higher-frequency warp field; dots fully smeared into thick swirling bands,true,:2,false,
2016/Generativos/colorRamp,out/2016/Generativos/colorRamp/notes.md,dd,dd,"random(2, random(10,600)); gentle warp at seed 42",[40],moderate,high,larger displacement amplitude; dots torn into scattered specks over a more marbled ground,true,:2,false,
2016/Generativos/colorRamp,out/2016/Generativos/colorRamp/notes.md,r1,r1,random(1.4); even dots nearly fill cell at seed 42,[0.7],moderate,high,"even (large) dots shrink to ~0.7 of cell; checkerboard grid and saturated dot colours read more clearly, more background exposed",true,:2,false,
2016/Generativos/colorRamp,out/2016/Generativos/colorRamp/notes.md,dotAlpha,dotalpha,240,[120],subtle,low,"dots become translucent, background bleeds through and colours look muted; geometry unchanged",true,:2,false,
2016/Generativos/formitas,out/2016/Generativos/formitas/notes.md,count,count,"random(20,120)",[40],moderate,high,"fixed at 40: sparser, more open layout; background dominates, fewer glyphs",true,:2,false,
2016/Generativos/formitas,out/2016/Generativos/formitas/notes.md,sizeMax,sizemax,"random(20,400)*random(1)*random(1)","[""random(20,800)*random(1)*random(1)""]",moderate,high,"larger glyphs: big circles/polygons/bar rows, heavy overlap, denser feel",true,:2,false,
2016/Generativos/formitas,out/2016/Generativos/formitas/notes.md,barCount,barcount,"random(3,30)",[6],moderate,high,"bar clusters capped at 6 bars: shorter, chunkier rows; other glyphs unchanged",true,:2,false,
2016/Generativos/formitas,out/2016/Generativos/formitas/notes.md,saturation,saturation,"random(180,240)","[""random(80,120)""]",large,high,"whole image pastel: peach background, soft purple/blue/mint shapes (background is drawn from the same palette)",true,:2,false,
2016/Generativos/formitas,out/2016/Generativos/formitas/notes.md,barAmp,baramp,"random(0.1,0.95)",[0.3],moderate,high,uniform bar widths within each cluster (no thin-fat jitter); overall look close to baseline,true,:2,false,
2016/Generativos/forms2,out/2016/Generativos/forms2/notes.md,rootShapes,rootshapes,"int(random(8, 92))","[""int(random(8, 30))""]",moderate,high,"fewer root shapes: sparse scatter, large empty areas, satellite tail visible",true,:2,false,
2016/Generativos/forms2,out/2016/Generativos/forms2/notes.md,textureBlur,textureblur,8,[20],none,low,no visible change - overlay is already extremely faint,true,:2,false,
2016/Generativos/forms2,out/2016/Generativos/forms2/notes.md,textureBlobs,textureblobs,100,[300],moderate,high,denser mottled overlay; also shifts the random stream so the whole cluster layout changes,true,:2,false,
2016/Generativos/forms2,out/2016/Generativos/forms2/notes.md,arcWeight,arcweight,random(1.2),"[""random(3.5)""]",none,low,no visible change - arcs are tiny and faint,true,:2,false,
2016/Generativos/forms2,out/2016/Generativos/forms2/notes.md,clusterSpacing,clusterspacing,"random(3, 5)","[""random(0.5, 1.5)""]",moderate,high,children placed closer to parents: cluster denser and more concentrated,true,:2,false,
2016/Generativos/forms2,out/2016/Generativos/forms2/notes.md,barCount,barcount,"int(random(3, 22))","[""int(random(10, 60))""]",none,low,no visible change - bars cover roughly the same area in the same colors,true,:2,false,
2016/Generativos/gridAndPoints,out/2016/Generativos/gridAndPoints/notes.md,count,count,"random(10, ~200) per layer",[40],large,high,fixed count=40 gives a regular uniform dot grid with slight wobble instead of the chaotic lacy baseline,true,:2,false,
2016/Generativos/gridAndPoints,out/2016/Generativos/gridAndPoints/notes.md,det,det,random(0.1),[0.03],large,high,"lower detail = much larger, smoother size/position waves; gentle undulating field instead of fine lacy texture",true,:2,false,
2016/Generativos/gridAndPoints,out/2016/Generativos/gridAndPoints/notes.md,layers,layers,5,[2],large,high,"fewer invert layers = less thresholding; large overlapping dots on white, coarser and denser stipple",true,:2,false,
2016/Generativos/gridAndPoints,out/2016/Generativos/gridAndPoints/notes.md,fill,fill,10,[100],large,high,grey dots (100) interact with the INVERT passes differently: mostly-black image with white crescent dots and grey patches,true,:2,false,
2016/Generativos/gridAndPoints,out/2016/Generativos/gridAndPoints/notes.md,sizeScale,sizescale,0.5,[1.5],large,high,"bigger dots overlap heavily: flat mid-grey ground with small black dots, weak thresholding",true,:2,false,
2016/Generativos/linesBox,out/2016/Generativos/linesBox/notes.md,particleCount,particlecount,200,[400],none,low,no visible change at frame 1 (all particles still sub-pixel from the origin; count shapes the grid that develops over frames),true,:2,true,
2016/Generativos/linesBox,out/2016/Generativos/linesBox/notes.md,stepSize,stepsize,40,[120],none,low,no visible change at frame 1 (lattice spacing only matters once walks have grown),true,:2,true,
2016/Generativos/linesBox,out/2016/Generativos/linesBox/notes.md,speedMax,speedmax,0.5,[0.9],none,low,no visible change at frame 1 (faster easing only lengthens the central clump by a few pixels),true,:2,true,
2016/Generativos/linesBox,out/2016/Generativos/linesBox/notes.md,trailAlpha,trailalpha,20,[100],none,low,no visible change at frame 1 (pixel-identical md5; the dim-trail loop is empty until a particle reaches its first target),true,:2,true,
2016/Generativos/linesBox,out/2016/Generativos/linesBox/notes.md,cameraPosSpeed,cameraposspeed,0.1,[0.5],none,low,no visible change at frame 1 (one frame of drift is sub-pixel),true,:2,true,
2016/Generativos/linesBox,out/2016/Generativos/linesBox/notes.md,axisProbX,axisprobx,0.3333333333,[0.6],none,low,no visible change at frame 1 (axis bias only matters as paths grow),true,:2,true,
2016/Generativos/linesBox,out/2016/Generativos/linesBox/notes.md,background,background,18,[160],large,high,background becomes mid-gray; the central white asterisk is unchanged in size and shape,true,:2,true,
2016/Generativos/materialDesign/material00,out/2016/Generativos/materialDesign/material00/notes.md,count,count,1000,[300],large,high,"300 circles still ~86% canvas coverage; sparser stacking, grey background patches appear, same red/lime mix",true,:2,false,
2016/Generativos/materialDesign/material00,out/2016/Generativos/materialDesign/material00/notes.md,sizeExp,sizeexp,"pow(2, random(4))","[""pow(2, random(8))""]",large,high,"max size 320 -> 5120 px; a giant circle drawn near the end of the loop flattens the whole canvas to one light-red shade, only a few later circles remain visible",true,:2,false,
2016/Generativos/materialDesign/material00,out/2016/Generativos/materialDesign/material00/notes.md,palettes,palettes,"random p1,p2 in 0..14","[""p1=5, p2=6""]",large,high,"fixed Blue + Light Blue palettes: same scatter, entirely blue/cyan monochrome",true,:2,false,
2016/Generativos/materialDesign/material00,out/2016/Generativos/materialDesign/material00/notes.md,outlineAlpha,outlinealpha,2,[40],subtle,low,"dark rims become clearly visible around most circles (thin black outlines), fills unchanged",true,:2,false,
2016/Generativos/materialDesign/material00,out/2016/Generativos/materialDesign/material00/notes.md,background,background,234,[0],none,low,"no visible change: circles cover ~95% of the canvas, only tiny gaps turn black instead of grey",true,:2,false,
2016/Generativos/noiseGrids,out/2016/Generativos/noiseGrids/notes.md,step,step,10,[20],subtle,low,"doubled to 20 -> coarser hatch spacing & background grid, larger speckle cells; same composition, nearly the same look",true,:2,false,
2016/Generativos/noiseGrids,out/2016/Generativos/noiseGrids/notes.md,noiseRects,noiserects,40,[120],moderate,high,"40->120 -> many more faint random-grey speckle patches; visibly busier, more uniformly textured field (largest change of the set)",true,:2,false,
2016/Generativos/noiseGrids,out/2016/Generativos/noiseGrids/notes.md,subdivisions,subdivisions,100,[200],subtle,low,"100->200 -> mosaic broken into more, smaller rectangles; finer/fragmented hatch tiles, similar overall white density",true,:2,false,
2016/Generativos/noiseGrids,out/2016/Generativos/noiseGrids/notes.md,hatchAlpha,hatchalpha,"random(40,120)","[""random(100,220)""]",subtle,low,"random(40,120)->random(100,220) -> diagonal hatch lines slightly brighter/bolder; composition unchanged",true,:2,false,
2016/Generativos/noiseGrids,out/2016/Generativos/noiseGrids/notes.md,pixelGrain,pixelgrain,5,[25],none,low,random(5)->random(25) -> no visible change; per-pixel jitter stays too subtle on the dark background to register,true,:2,false,
2016/Generativos/pelosNoise2,out/2016/Generativos/pelosNoise2/notes.md,sep,sep,2,[4],large,high,halves density; sparse strokes reveal the flow as individual hair lines on light gray,true,:2,false,
2016/Generativos/pelosNoise2,out/2016/Generativos/pelosNoise2/notes.md,det,det,0.003,[0.001],moderate,high,"lower detail = larger, smoother, coarser swirls (still near-black)",true,:2,false,
2016/Generativos/pelosNoise2,out/2016/Generativos/pelosNoise2/notes.md,strokeAlpha,strokealpha,120,[20],large,high,"much lighter, mid-gray textured surface instead of solid black",true,:2,false,
2016/Generativos/pelosNoise2,out/2016/Generativos/pelosNoise2/notes.md,maxLen,maxlen,30,[10],large,high,"shorter strokes; flow breaks into short dappled ticks, less continuous",true,:2,false,
2016/Generativos/pelosNoise2,out/2016/Generativos/pelosNoise2/notes.md,zScale,zscale,1,[4],moderate,high,shifts the 3-D noise depth sample; different swirl pattern but still dark,true,:2,false,
2016/Generativos/rosita,out/2016/Generativos/rosita/notes.md,rows,rows,32,[16],moderate,high,"halving stroke count (512 vs 1024) -> sparse, white background visible, strokes distinct",true,:2,false,
2016/Generativos/rosita,out/2016/Generativos/rosita/notes.md,vstepMax,vstepmax,20,[40],moderate,high,"longer segments -> longer, more elongated streaks",true,:2,false,
2016/Generativos/rosita,out/2016/Generativos/rosita/notes.md,brushSizeMax,brushsizemax,80,[160],large,high,"much wider, softer blob-like strokes, denser coverage",true,:2,false,
2016/Generativos/rosita,out/2016/Generativos/rosita/notes.md,angleJitter,anglejitter,0.4,[1.2],moderate,high,strokes bend into hooks and S-curves,true,:2,false,
2016/Generativos/rosita,out/2016/Generativos/rosita/notes.md,strokeAlpha,strokealpha,120,[255],subtle,low,opaque dabs fill the white gaps; no visible texture/shape change,true,:2,false,
2016/Generativos/rosita,out/2016/Generativos/rosita/notes.md,hueRange,huerange,random(30)+355 wrapped,"[""random(360)""]",large,high,full rainbow palette (green/blue/purple added) instead of warm-only,true,:2,false,
2016/Generativos/triangleRamp,out/2016/Generativos/triangleRamp/notes.md,cc,cc,"random(3,100) (~40 under seed 42)",[12],moderate,high,"coarser grid, ~12 columns; palette/grain/symmetry unchanged",true,:2,false,
2016/Generativos/triangleRamp,out/2016/Generativos/triangleRamp/notes.md,cc,cc,"random(3,100) (~40 under seed 42)",[80],large,high,"fine ~8px cells, much busier texture",true,:2,false,
2016/Generativos/triangleRamp,out/2016/Generativos/triangleRamp/notes.md,grainMaxAlpha,grainmaxalpha,random(22)*random(1) (max 22),[80],subtle,low,"subtle: barely stronger white veil, grid still clearly readable",true,:2,false,
2016/Generativos/triangleRamp,out/2016/Generativos/triangleRamp/notes.md,grainMaxAlpha,grainmaxalpha,random(22)*random(1) (max 22),[0],subtle,low,no visible change; alpha 0 points are fully transparent and draw nothing,true,:2,false,
2016/Generativos/triangleRamp,out/2016/Generativos/triangleRamp/notes.md,rampStops,rampstops,4 random RGB stops,"[""white/red/near-black fixed stops""]",large,high,"palette becomes black/maroon/red/pink/cream; also shifts the RNG stream so the random grid count changes too (coarser, ~7 columns)",true,:2,false,
2016/Generativos/triangulosMalditos,out/2016/Generativos/triangulosMalditos/notes.md,cc,cc,8000,[30000],large,high,"more shapes -> denser, heavier woven field with big black diagonal masses",true,:2,false,
2016/Generativos/triangulosMalditos,out/2016/Generativos/triangulosMalditos/notes.md,baseSize,basesize,50,[100],large,high,"2x base size -> coarser pattern of larger shards, less fine detail",true,:2,false,
2016/Generativos/triangulosMalditos,out/2016/Generativos/triangulosMalditos/notes.md,maxExponent,maxexponent,10,[4],large,high,"caps max shape size -> giant shapes vanish, lighter more uniform field",true,:2,false,
2016/Generativos/triangulosMalditos,out/2016/Generativos/triangulosMalditos/notes.md,gridSnap,gridsnap,50,[150],large,high,"coarser 150px lattice -> bigger stepped diagonal bands, more regular tiling",true,:2,false,
2016/Generativos/triangulosMalditos,out/2016/Generativos/triangulosMalditos/notes.md,triAlpha,trialpha,2,[60],subtle,low,no visible change; outlines already near-invisible at alpha 2,true,:2,false,
2017/Generativos/Cuadricula,out/2017/Generativos/Cuadricula/notes.md,rw,rw,"random(2,200)",[40],,unscored,,true,:2,false,
2017/Generativos/Cuadricula,out/2017/Generativos/Cuadricula/notes.md,rh,rh,"random(2,100)",[30],,unscored,,true,:2,false,
2017/Generativos/Cuadricula,out/2017/Generativos/Cuadricula/notes.md,det,det,random(0.005),[0.02],,unscored,,true,:2,false,
2017/Generativos/Cuadricula,out/2017/Generativos/Cuadricula/notes.md,hh,hh,dw*2.0,"[""dw*8.0""]",,unscored,,true,:2,false,
2017/Generativos/Cuadricula,out/2017/Generativos/Cuadricula/notes.md,stroke,stroke,"0,90","[""0,255""]",,unscored,,true,:2,false,
2017/Generativos/Cuadricula,out/2017/Generativos/Cuadricula/notes.md,ic,ic,random(colors.length),[0],,unscored,,true,:2,false,
2017/Generativos/Eyes/eyes001,out/2017/Generativos/Eyes/eyes001/notes.md,cc,cc,"random(10,200)",[30],,unscored,number of concentric eye rings,true,:2,false,
2017/Generativos/Eyes/eyes001,out/2017/Generativos/Eyes/eyes001/notes.md,ss,ss,"random(50,260)",[200],,unscored,central eye / innermost ring size,true,:2,false,
2017/Generativos/Eyes/eyes001,out/2017/Generativos/Eyes/eyes001/notes.md,rot,rot,"random(-PI,PI)",[0],,unscored,total twist of the ring stack,true,:2,false,
2017/Generativos/Eyes/eyes001,out/2017/Generativos/Eyes/eyes001/notes.md,mdx,mdx,"random(0.55,0.64)",[0.9],,unscored,horizontal curvature of the almond outline,true,:2,false,
2017/Generativos/Eyes/eyes001,out/2017/Generativos/Eyes/eyes001/notes.md,mdy,mdy,"random(0.08,0.13)",[0.3],,unscored,vertical curvature of the almond outline,true,:2,false,
2017/Generativos/Eyes/eyes001,out/2017/Generativos/Eyes/eyes001/notes.md,dc,dc,random(10)*random(1),[1],,unscored,palette step per ring,true,:2,false,
2017/Generativos/Eyes/eyes002,out/2017/Generativos/Eyes/eyes002/notes.md,scatterCount,scattercount,300,[100],large,high,"fewer randomly scattered single eyes; trails and rosettes become the dominant layers, canvas still full",true,:2,false,
2017/Generativos/Eyes/eyes002,out/2017/Generativos/Eyes/eyes002/notes.md,trailCount,trailcount,120,[40],large,high,most of the curving eye-trails disappear; full-size scattered eyes and rosette rings stand out,true,:2,false,
2017/Generativos/Eyes/eyes002,out/2017/Generativos/Eyes/eyes002/notes.md,scatterScale,scatterscale,"random(0.1,0.9)","[""random(0.4,1.4)""]",moderate,high,scattered eyes are bigger with more large individual irises; the fine carpet of tiny eyes is reduced,true,:2,false,
2017/Generativos/Eyes/eyes002,out/2017/Generativos/Eyes/eyes002/notes.md,trailAlpha,trailalpha,"map(j,0,cc,40,240)","[""map(j,0,cc,200,255)""]",subtle,low,"trail stamps less transparent; streaks slightly less faded, overall look similar",true,:2,false,
2017/Generativos/Eyes/eyes002,out/2017/Generativos/Eyes/eyes002/notes.md,trailLen,traillen,"int(random(20,300))","[""int(random(20,80))""]",subtle,low,"shorter trails; canvas still dense, difference only in streak length",true,:2,false,
2017/Generativos/Eyes/eyes003,out/2017/Generativos/Eyes/eyes003/notes.md,cc,cc,18,[6],large,high,far fewer eye motifs; grey cracked slits and red round eyes dominate,true,:2,false,
2017/Generativos/Eyes/eyes003,out/2017/Generativos/Eyes/eyes003/notes.md,iters,iters,10000,[2500],large,high,same regions but sparse; black background shows through,true,:2,false,
2017/Generativos/Eyes/eyes003,out/2017/Generativos/Eyes/eyes003/notes.md,det,det,random(0.002)*random(1),"[""random(0.01)*random(1)""]",large,high,"region layout reshuffled, regions somewhat smaller, busier texture",true,:2,false,
2017/Generativos/Eyes/eyes003,out/2017/Generativos/Eyes/eyes003/notes.md,scaBase,scabase,random(0.3),"[""random(0.8)""]",large,high,"eyes much bigger on average, denser large-scale texture",true,:2,false,
2017/Generativos/Eyes/eyes003,out/2017/Generativos/Eyes/eyes003/notes.md,scaRange,scarange,"random(0.5, 2)","[""random(0.5, 4)""]",large,high,occasional giant eyes; rest similar to baseline,true,:2,false,
2017/Generativos/aci2,out/2017/Generativos/aci2/notes.md,det,det,random(0.01)*random(1) (0-0.01),[0.0002],large,high,"lower noise scale -> much larger, smoother concentric bands",true,:2,false,
2017/Generativos/aci2,out/2017/Generativos/aci2/notes.md,cc,cc,random(3)*random(1) (0-3),"[0.5,10]",large,high,"fewer palette wraps -> broad filled regions with thin outlines; more wraps -> busier, orange-dominated",true,:2,false,
2017/Generativos/aci2,out/2017/Generativos/aci2/notes.md,v1,v1,random(0.2)*random(1) (0-0.2),[1.0],large,high,"larger d1/d2 amplitudes -> denser, higher-frequency wavy bands everywhere",true,:2,false,
2017/Generativos/aci2,out/2017/Generativos/aci2/notes.md,des,des,random(1000) (0-1000),[0],large,high,"noise offset 0 -> entirely different, much finer chaotic pattern, green/periwinkle dominated",true,:2,false,
2017/Generativos/acid,out/2017/Generativos/acid/notes.md,amp,amp,random(800)*random(1),"[""random(200)*random(1)""]",large,high,"lower warp amplitude: larger, smoother blobs; fine crack detail mostly gone",false,:2,false,non-deterministic baseline; only large changes are reliable
2017/Generativos/acid,out/2017/Generativos/acid/notes.md,det2,det2,random(0.01)*random(1),"[""random(0.002)*random(1)""]",large,high,lower direction-field frequency: long coherent diagonal streaks instead of rounded billows,false,:2,false,non-deterministic baseline; only large changes are reliable
2017/Generativos/acid,out/2017/Generativos/acid/notes.md,dc,dc,"random(4,20)*random(1)","[""random(4,8)*random(1)""]",large,high,"fewer palette cycles: fewer, wider colour fields with contour-like transition bands",false,:2,false,non-deterministic baseline; only large changes are reliable
2017/Generativos/acid,out/2017/Generativos/acid/notes.md,octaves,octaves,7,[2],large,high,"smoother FBM: blurry low-frequency blobs, fine crack detail lost",false,:2,false,non-deterministic baseline; only large changes are reliable
2017/Generativos/acid,out/2017/Generativos/acid/notes.md,angTurns,angturns,2,[6],large,high,"faster-rotating direction field: tighter, finer, more chaotic curls and rings",false,:2,false,non-deterministic baseline; only large changes are reliable
2017/Generativos/bahu,out/2017/Generativos/bahu/notes.md,sep,sep,"random(8,24)",[24],large,high,"largest cell size: each walk step jumps a full cell, so the same walk count spans the whole canvas; bigger font/text; dense multi-colour mosaic, little dark ground",true,:2,false,
2017/Generativos/bahu,out/2017/Generativos/bahu/notes.md,polygon_count,polygon count,"random(1,random(1,1000))",[500],large,high,many large overlapping filled polygons dominate the field; dark ground mostly covered,true,:2,false,
2017/Generativos/bahu,out/2017/Generativos/bahu/notes.md,walk_count,walk count,random(200),[400],moderate,high,"more, denser dotted zigzag trails; polygons/text unchanged",true,:2,false,
2017/Generativos/bahu,out/2017/Generativos/bahu/notes.md,walk_len,walk len,"random(2,100)",[150],large,high,longer trails that span the whole canvas; dark ground largely gone,true,:2,false,
2017/Generativos/bahu,out/2017/Generativos/bahu/notes.md,polygon_size,polygon size,sep*(1..7)*2,"[""*4""]",moderate,high,polygons ~2x larger diameter; more overlap/coverage,true,:2,false,
2017/Generativos/boxes,out/2017/Generativos/boxes/notes.md,cc,cc,"random(5, random(30,60)) per layer","[10,60]",large,high,"higher = finer, denser tessellation; lower = large coarse cells",true,:2,true,
2017/Generativos/boxes,out/2017/Generativos/boxes/notes.md,amp,amp,random(0.8) per layer,[0.4],subtle,low,"half the facet size: slightly flatter, less 3D relief",true,:2,true,
2017/Generativos/boxes,out/2017/Generativos/boxes/notes.md,det,det,random(0.008) per layer,[0.004],none,low,no visible change at this scale,true,:2,true,
2017/Generativos/boxes,out/2017/Generativos/boxes/notes.md,hue,hue,random(0.2) per layer pass,[0.5],large,high,"stronger per-pass hue rotation, noticeably different palette",true,:2,true,
2017/Generativos/boxes,out/2017/Generativos/boxes/notes.md,layers,layers,10,[3],moderate,high,"fewer rotated layers, more open background, less mottling",true,:2,true,
2017/Generativos/burbujas,out/2017/Generativos/burbujas/notes.md,count,count,200,[150],large,high,"fewer blobs, but the shift in the random stream redraws the whole layout at comparable density; lattice layer still fires at i==100",true,:2,false,
2017/Generativos/burbujas,out/2017/Generativos/burbujas/notes.md,maxSize,maxsize,0.55,[0.25],large,high,"much smaller blobs; the warped lattice and dot grids become dominant, background shows through",true,:2,false,
2017/Generativos/burbujas,out/2017/Generativos/burbujas/notes.md,strengthScale,strengthscale,1.2,[0.3],large,high,"blobs become markedly rounder/more circular, losing organic wobble",true,:2,false,
2017/Generativos/burbujas,out/2017/Generativos/burbujas/notes.md,detailScale,detailscale,0.4,[0.15],subtle,low,blob outlines slightly smoother; overall look comparable,true,:2,false,
2017/Generativos/burbujas,out/2017/Generativos/burbujas/notes.md,confettiMax,confettimax,20,[80],none,low,no visible change,true,:2,false,
2017/Generativos/burbujas_ani,out/2017/Generativos/burbujas_ani/notes.md,blobCount,blobcount,100,[400],large,high,4x more blobs densely fill the whole canvas in all palette colours; the lattice is mostly hidden underneath,true,:2,false,
2017/Generativos/burbujas_ani,out/2017/Generativos/burbujas_ani/notes.md,blobSize,blobsize,width*0.55*random(1),"[""width*1.1*random(1)""]",large,high,"far fewer but much larger blobs, each spanning a large fraction of the canvas",true,:2,false,
2017/Generativos/burbujas_ani,out/2017/Generativos/burbujas_ani/notes.md,wobble,wobble,s*random(1.2),"[""s*random(3.0)""]",moderate,high,blob outlines noticeably more irregular/bumpy (stronger noise displacement); composition otherwise similar,true,:2,false,
2017/Generativos/burbujas_ani,out/2017/Generativos/burbujas_ani/notes.md,gridCells,gridcells,"random(5,40)","[""random(5,90)""]",moderate,high,"finer, denser diamond lattice (more, smaller cells); blobs about the same",true,:2,false,
2017/Generativos/burbujas_ani,out/2017/Generativos/burbujas_ani/notes.md,noiseDetail,noisedetail,0.4,[1.2],subtle,low,subtle: blob edges marginally rougher; no obvious structural change vs baseline,true,:2,false,
2017/Generativos/celular,out/2017/Generativos/celular/notes.md,attempts,attempts,50000,[5000],subtle,low,sparser field; only capsules accepted within the first 5000 RNG attempts remain (large ones come early),true,:2,false,
2017/Generativos/celular,out/2017/Generativos/celular/notes.md,maxLen,maxlen,600,[200],large,high,"capsules capped at ~200 px; the very large soft blobs disappear, field more uniform and denser",true,:2,false,
2017/Generativos/celular,out/2017/Generativos/celular/notes.md,thicknessRatio,thicknessratio,0.8,[0.2],large,high,dot diameter 0.2x length: pills become thin needle dashes,true,:2,false,
2017/Generativos/celular,out/2017/Generativos/celular/notes.md,background,background,random palette-lerp colour,"[""#1D43B8""]",large,high,"solid deep blue background; same capsules, pink/cream pop, blue ones merge",true,:2,false,
2017/Generativos/celular,out/2017/Generativos/celular/notes.md,palette,palette,5 colours (peach..blue),"[""4-colour warm set from the commented line""]",large,high,"maroon background, cream/peach/crimson capsules, no blue/purple",true,:2,false,
2017/Generativos/celular,out/2017/Generativos/celular/notes.md,colorSpread,colorspread,up to 2.5 palette steps,[0],large,high,solid single-colour capsules; two-tone gradient along each dash removed,true,:2,false,
2017/Generativos/chinasseForms,out/2017/Generativos/chinasseForms/notes.md,c (subdivision passes),c,"random(3,200)","[""random(3,40)""]",large,high,"fewer passes -> coarser mosaic: few big cells, big glyphs/plus/dots",true,:2,false,
2017/Generativos/chinasseForms,out/2017/Generativos/chinasseForms/notes.md,maxSub (max split per step),maxsub,"random(1, random(6,20))","[""random(1, random(6,40))""]",large,high,splits up to 40x40 per step: very fine busy clusters next to large untouched cells,true,:2,false,
2017/Generativos/chinasseForms,out/2017/Generativos/chinasseForms/notes.md,ss (cell gap),ss,4,[14],subtle,low,"same layout, slightly thicker dark gaps between rects",true,:2,false,
2017/Generativos/chinasseForms,out/2017/Generativos/chinasseForms/notes.md,branchProb (flat-rect branch),branchprob,0.6,[0.2],large,high,"fewer flat rects; more dark dot/rect-grid panels and icons, busier",true,:2,false,
2017/Generativos/chinasseForms,out/2017/Generativos/chinasseForms/notes.md,palette,palette,"#fe435b,#19b596,#9061bf,#e0dc3f","[""#4fc3f7,#ffb74d""]",large,high,"identical layout, recoloured blue/orange",true,:2,false,
2017/Generativos/cilindros,out/2017/Generativos/cilindros/notes.md,count,count,20,"[8,40]",moderate,high,fewer = sparse scene with large black areas; more = overlapping rods filling the frame,true,:2,false,
2017/Generativos/cilindros,out/2017/Generativos/cilindros/notes.md,scale,scale,"random(360,500)*1.6",[3.0],large,high,"thicker rods; ~2x diameter, foreground dominated by fat cylinders",true,:2,false,
2017/Generativos/cilindros,out/2017/Generativos/cilindros/notes.md,depth,depth,"random(3,20)","[""8,40""]",moderate,high,"objects pushed farther back and scattered wider; sparser, smaller, more black space",true,:2,false,
2017/Generativos/cilindros,out/2017/Generativos/cilindros/notes.md,mw/mf,mw mf,"random(-0.1,0.1)*...",[0],moderate,high,zeroing removes the colour bands along the length; each rod reads as a single colour,true,:2,false,
2017/Generativos/cilindros,out/2017/Generativos/cilindros/notes.md,colors,colors,6-colour coolors.co set,"[""blue ramp""]",moderate,high,same composition recoloured; only the palette's hue range changes the look,true,:2,false,
2017/Generativos/circlesAlpha,out/2017/Generativos/circlesAlpha/notes.md,c,c,"int(random(80)*random(0.1,1))","[""int(random(80)*random(1))""]",subtle,low,"allowed cluster count up to 80; seed 42's redraw landed low, so same 3x3 layout - side/corner clusters turn pale blue-grey, center gains a small core ring",true,:2,false,
2017/Generativos/circlesAlpha,out/2017/Generativos/circlesAlpha/notes.md,cc,cc,"int(random(5, 10))","[""int(random(12, 16))""]",moderate,high,12-15 tightly spaced rings per cluster instead of 5-9; white ring outlines distinct in every cluster,true,:2,false,
2017/Generativos/circlesAlpha,out/2017/Generativos/circlesAlpha/notes.md,fillAlpha,fillalpha,20,[100],moderate,high,"fills 5x more opaque: top/bottom clusters clearly yellow, side clusters solid olive, central overlap a dark-red band",true,:2,false,
2017/Generativos/circlesAlpha,out/2017/Generativos/circlesAlpha/notes.md,dw/dh,dw dh,"int(random(2, random(20))) (seed 42: 3)",[10],large,high,"10x10 lattice scatters clusters over 121 points; they overlap into a full-bleed orange wash with a central figure-8, black background almost gone",true,:2,false,
2017/Generativos/circlesAlpha,out/2017/Generativos/circlesAlpha/notes.md,maxStroke,maxstroke,random(random(256)),[255],subtle,low,crisp white concentric ring outlines now visible in all clusters (faint in baseline); no color or density change,true,:2,false,
2017/Generativos/cybergrids,out/2017/Generativos/cybergrids/notes.md,sub,sub,200,"[600,50]",large,high,"higher = far finer, denser mosaic of small multicolour cells; lower = slightly coarser but still fine-grained at 50",true,:2,false,
2017/Generativos/cybergrids,out/2017/Generativos/cybergrids/notes.md,cellRange,cellrange,"[0.1,0.4]","[0.4,1.0]",large,high,"larger cells: chunky grid, smooth band gradients instead of fine mosaic",true,:2,false,
2017/Generativos/cybergrids,out/2017/Generativos/cybergrids/notes.md,desScale,desscale,8,[30],large,high,faster colour cycling: wide diagonal colour stripes across big regions,true,:2,false,
2017/Generativos/cybergrids,out/2017/Generativos/cybergrids/notes.md,palette,palette,"8-entry {black, white, orange, green, lavender}","[""5-entry warm {#280f04,#e2dcd0,#bf1a2b,#417f5c,#6898c1}""]",large,high,warm brown/red/cream/teal tones replace neon green/orange/black; same layout logic,true,:2,false,
2017/Generativos/cybergrids,out/2017/Generativos/cybergrids/notes.md,splitRange,splitrange,"[0.1,0.9]","[0.35,0.65]",large,high,near-centre splits give a regular repeating banded structure,true,:2,false,
2017/Generativos/datamov,out/2017/Generativos/datamov/notes.md,columnCount,columncount,600,[300],large,high,"half the columns: sparser diagonal bands, wider background gaps between columns",true,:2,false,
2017/Generativos/datamov,out/2017/Generativos/datamov/notes.md,rotation,rotation,-PI*0.25,"[""-PI*0.125""]",large,high,22.5 deg instead of 45: columns tilt much closer to vertical,true,:2,false,
2017/Generativos/datamov,out/2017/Generativos/datamov/notes.md,dd (gap ratio),dd,"random(0.2,0.95)","[""random(0.95,1.0)""]",moderate,high,"blocks nearly touch: thinner seams, denser solid mosaic",true,:2,false,
2017/Generativos/datamov,out/2017/Generativos/datamov/notes.md,dc (color drift per step),dc,random(100),"[""random(2)""]",moderate,high,"slow color cycling: long single-color runs, large smooth diagonal color fields",true,:2,false,
2017/Generativos/datamov,out/2017/Generativos/datamov/notes.md,w range,w range,"diag*random(0.005,0.055)","[""diag*random(0.01,0.11)""]",moderate,high,"wider blocks (h unchanged): chunkier, more elongated bars",true,:2,false,
2017/Generativos/datatata,out/2017/Generativos/datatata/notes.md,cc,cc,200,[100],large,high,"sparser dashes: fewer, more separated streaks, larger empty black center",true,:2,false,
2017/Generativos/datatata,out/2017/Generativos/datatata/notes.md,rings,rings,5,[3],moderate,high,"thinner overall starburst, fewer intersecting tubes, structure otherwise unchanged",true,:2,false,
2017/Generativos/datatata,out/2017/Generativos/datatata/notes.md,dashThickness,dashthickness,"random(1,4)","[""random(1,12)""]",large,high,"much fatter dashes: bold wide streaks, denser white mass and a dark hole at the center",true,:2,false,
2017/Generativos/datatata,out/2017/Generativos/datatata/notes.md,crossSectionRes,crosssectionres,360,[120],large,high,"chunkier, more angular/faceted rectangles; bolder streaks and coarser central dust",true,:2,false,
2017/Generativos/datatata,out/2017/Generativos/datatata/notes.md,radius,radius,"width*random(1,2)","[""width*random(0.5,1)""]",large,high,"smaller rings: finer, tighter central cluster of dust, fewer huge corner streaks",true,:2,false,
2017/Generativos/datatata_animation,out/2017/Generativos/datatata_animation/notes.md,cc,cc,200,"[40,300]",large,high,circles per ring: 40 = sparse filament burst with lots of black; 300 = near-solid white mass,true,:2,false,
2017/Generativos/datatata_animation,out/2017/Generativos/datatata_animation/notes.md,r (ring radius factor),r,"height*random(1,2)","[""height*random(0.5,1)""]",large,high,halved radii: burst shrinks and packs tighter around center,true,:2,false,
2017/Generativos/datatata_animation,out/2017/Generativos/datatata_animation/notes.md,sliver thickness a,sliver thickness a,"random(1,4)","[""random(8,20)""]",large,high,"5x thicker slabs: chunkier rectangles, big white squares more dominant",true,:2,false,
2017/Generativos/datatata_animation,out/2017/Generativos/datatata_animation/notes.md,fov divisor,fov divisor,"PI/random(1.1,2)","[""PI/random(2,4)""]",large,high,"narrower fov: much milder perspective, flatter radial star, less tunnel stretch",true,:2,false,
2017/Generativos/deformBall,out/2017/Generativos/deformBall/notes.md,cd (deformer count),cd,"random(4, 30)",[4],large,high,"fewer deformers -> fewer, larger, smoother bulges with bigger flat regions",true,:2,false,
2017/Generativos/deformBall,out/2017/Generativos/deformBall/notes.md,desform radius,desform radius,"random(20, 500)*2","[""random(300, 1000)*2""]",large,high,"bigger radius -> broad, soft domes covering most of the canvas",true,:2,false,
2017/Generativos/deformBall,out/2017/Generativos/deformBall/notes.md,grid spacing,grid spacing,"random(6, random(20, 50))","[""random(12, random(30, 60))""]",large,high,coarser cells; bulges read as faceted spheres made of distinct squares,true,:2,false,
2017/Generativos/deformBall,out/2017/Generativos/deformBall/notes.md,dot radius factor,dot radius factor,0.2,[0.4],subtle,low,no visible change except larger orange center dots,true,:2,false,
2017/Generativos/deformBall,out/2017/Generativos/deformBall/notes.md,power m,power m,"random(minMod, maxMod) ~ [0.5, 1.0)",[0.5],large,high,"lower exponent -> stronger displacement near field edge, sharper crinkled pinch folds",true,:2,false,
2017/Generativos/deformBall,out/2017/Generativos/deformBall/notes.md,gray fill exponent,gray fill exponent,random(1),[2],large,high,"darker overall: pow(u,2) biases grays toward black, fewer near-white cells",true,:2,false,
2017/Generativos/dotTriangles,out/2017/Generativos/dotTriangles/notes.md,sub,sub,"random(1, 140)","[""random(100, 140)""]",large,high,deeper subdivision -> many small triangles instead of a few large ones,true,:2,false,
2017/Generativos/dotTriangles,out/2017/Generativos/dotTriangles/notes.md,sep,sep,"random(1, 8)","[""random(5, 8)""]",large,high,"wider dot spacing -> larger, sparser dots; same triangle layout",true,:2,false,
2017/Generativos/dotTriangles,out/2017/Generativos/dotTriangles/notes.md,det,det,0.002,[0.02],moderate,high,"finer noise -> mottled grainy dot sizes, smooth per-triangle gradient lost; same layout",true,:2,false,
2017/Generativos/dotTriangles,out/2017/Generativos/dotTriangles/notes.md,invert,invert,0.5,[0.9],large,high,almost all triangles black with white dots; only a few white ones remain,true,:2,false,
2017/Generativos/dotTriangles,out/2017/Generativos/dotTriangles/notes.md,seedRing,seedring,6,[3],large,high,"canvas no longer covered: large empty white area, composition compressed into a diagonal band of bigger triangles",true,:2,false,
2017/Generativos/dricula,out/2017/Generativos/dricula/notes.md,passes,passes,10,[3],large,high,"fewer overlay layers: large coarse blocks, a few big solid squares, sparser mosaic",true,:2,false,
2017/Generativos/dricula,out/2017/Generativos/dricula/notes.md,subdiv,subdiv,int(random(200)*random(1)),"[""int(random(20)*random(1))""]",large,high,"fewer splits per layer: most of the canvas stays flat grey, dense patchwork confined to one corner",true,:2,false,
2017/Generativos/dricula,out/2017/Generativos/dricula/notes.md,stripeProb,stripeprob,0.8,[1.0],large,high,"every rect gets striped: full-bleed with no empty grey squares, denser and more uniform",true,:2,false,
2017/Generativos/dricula,out/2017/Generativos/dricula/notes.md,flipProb,flipprob,"random(-0.1, 0.2)","[""random(-0.1, 1.0)""]",moderate,high,"per-row direction flips become frequent: mottled mixed h/v micro-stripes, square layout unchanged",true,:2,false,
2017/Generativos/dricula,out/2017/Generativos/dricula/notes.md,quarter,quarter,0.5,[0.25],large,high,children at a quarter of the parent size: much finer texture in split clusters; unsplit regions become wide smooth gradient bands,true,:2,false,
2017/Generativos/erosion,out/2017/Generativos/erosion/notes.md,det1,det1,random(0.01),"[""random(0.003)""]",moderate,high,"lower base frequency = larger, more diffuse blobs",true,:2,false,
2017/Generativos/erosion,out/2017/Generativos/erosion/notes.md,det2,det2,random(0.06),"[""random(0.02)""]",subtle,low,coarser second octave = slightly less fine grain,true,:2,false,
2017/Generativos/erosion,out/2017/Generativos/erosion/notes.md,min,min,random(0.3),"[""random(0.1)""]",none,low,no visible change for this seed,true,:2,false,
2017/Generativos/erosion,out/2017/Generativos/erosion/notes.md,max,max,"random(0.8, 1)","[""random(0.5, 0.6)""]",large,high,lower max = high contrast: white patches with dark veins,true,:2,false,
2017/Generativos/erosion,out/2017/Generativos/erosion/notes.md,lim,lim,random(0.08)*random(1),"[""random(0.3)*random(1)""]",none,low,no visible change for this seed,true,:2,false,
2017/Generativos/erosion,out/2017/Generativos/erosion/notes.md,val1,val1,"random(0.7, 1)","[""random(0.2, 0.4)""]",large,high,"lower first-octave amplitude = pale, low-contrast hazy gray field",true,:2,false,
2017/Generativos/esquinas,out/2017/Generativos/esquinas/notes.md,sub,sub,"10^random(1, random(1,2)), i.e. 10-99","[100,20]",large,high,"100 = denser tiling (more, smaller cells); 20 = sparser (huge blocks dominate); both also reshuffle the random stream since the random() call was removed",true,:2,false,
2017/Generativos/esquinas,out/2017/Generativos/esquinas/notes.md,ms,ms,0.25,"[0.5,0.1]",subtle,low,"scales the corner accent square: 0.5 fills a whole corner quadrant, 0.1 is almost invisible; composition unchanged",true,:2,false,
2017/Generativos/esquinas,out/2017/Generativos/esquinas/notes.md,colors,colors,5 cool pastels #F8CA9C..#1D43B8,"[""warm alt {#45171D, #F03861, #FF847C, #FECEA8} (line 97)""]",large,high,pure palette swap to salmon/peach/cream + maroon/brown; same composition,true,:2,false,
2017/Generativos/esquinas,out/2017/Generativos/esquinas/notes.md,dir,dir,random(4),[0],large,high,all cells bevel in the same direction (uniform lighting); score inflated by random-stream reshuffle,true,:2,false,
2017/Generativos/fieeee,out/2017/Generativos/fieeee/notes.md,size,size,2048,[512],large,high,coarser blocky texture; central tunnel becomes a large smooth wavy sheet,true,:2,false,
2017/Generativos/fieeee,out/2017/Generativos/fieeee/notes.md,sub,sub,"random(8,20)",[16],large,high,"wider cells; corridor structure preserved, stripes slightly coarser",true,:2,false,
2017/Generativos/fieeee,out/2017/Generativos/fieeee/notes.md,h,h,"random(80,300)",[300],large,high,"closer view: undulating striped surface fills frame, tunnel whorls large, no longer reads as corridor",true,:2,false,
2017/Generativos/fieeee,out/2017/Generativos/fieeee/notes.md,res,res,80,[24],large,high,tube rings become coarse polygonal facets; floor turns to large flat color facets,true,:2,false,
2017/Generativos/fieeee,out/2017/Generativos/fieeee/notes.md,s2,s2,"s1*random(0.04,0.3)","[""s1*0.5""]",large,high,wider waist: fine stripes become smooth wide radial bands,true,:2,false,
2017/Generativos/fields,out/2017/Generativos/fields/notes.md,sub,sub,0,[4],large,high,"enables quad subdivision: 1 -> 13 overlapping rotated squares of different sizes and grid densities; colours re-rolled (subdivision consumes randoms, shifting the stream)",true,:2,false,
2017/Generativos/fields,out/2017/Generativos/fields/notes.md,det,det,random(0.01)*random(1) (<=0.01),"[""random(0.05)*random(1)""]",moderate,high,higher noise frequency -> visibly wavier cell boundaries; colour layout unchanged (same random call count),true,:2,false,
2017/Generativos/fields,out/2017/Generativos/fields/notes.md,cc,cc,"random(6,200)/quads.size() (~100 at seed 42, ~19px cells)","[""random(6,100)/quads.size() (~53, ~37px cells)""]",large,high,"coarser grid, warp relatively stronger on bigger cells; colours re-rolled by shifted stream",true,:2,false,
2017/Generativos/fields,out/2017/Generativos/fields/notes.md,des,des,q.z*random(0.2) (<=~384px),"[""q.z*random(0.5) (<=~960px)""]",large,high,2.5x noise displacement -> cells visibly buckle and pinch; colour layout unchanged,true,:2,false,
2017/Generativos/fields,out/2017/Generativos/fields/notes.md,strokeAlpha,strokealpha,random(256)*random(1) (0-255),[255],large,high,all corner-to-centre X lines fully opaque -> dense crosshatch web over every cell; colours re-rolled (2 random calls removed per cell),true,:2,false,
2017/Generativos/fields,out/2017/Generativos/fields/notes.md,rotate,rotate,random(TWO_PI) (~15 deg at seed 42),[0],large,high,grid axis-aligned instead of tilted; colours re-rolled by shifted stream,true,:2,false,
2017/Generativos/gradients,out/2017/Generativos/gradients/notes.md,ch,ch,"int(random(3, 10))",[2],large,high,"2 tall (480px) bands instead of 8; top band becomes one full-width smooth horizontal gradient, bottom band ~15 wide strips",true,:2,false,
2017/Generativos/gradients,out/2017/Generativos/gradients/notes.md,cw,cw,"int(random(30, 100))","[10,300]",large,high,"10 = 10 wide ~96px discrete colour blocks per band, gradient smoothness lost; 300 = every band uniform ultra-fine ~3px vertical stripes",true,:2,false,
2017/Generativos/gradients,out/2017/Generativos/gradients/notes.md,dc,dc,random(5)*random(1)*random(1),"[""random(5)""]",large,high,"undamped sweep speed: within-band colour sweeps smoother with longer, gentler colour regions",true,:2,false,
2017/Generativos/gradients,out/2017/Generativos/gradients/notes.md,colors,colors,5-colour palette incl. #D1370C,"[""#D1370C -> #3366CC""]",moderate,high,orange-red replaced by blue throughout; band layout and strip positions identical to baseline,true,:2,false,
2017/Generativos/gricula,out/2017/Generativos/gricula/notes.md,c1,c1,"random(40, 800)",[150],large,high,"more rows: finer striping, a big rotated V-fold dominates the composition",true,:2,false,
2017/Generativos/gricula,out/2017/Generativos/gricula/notes.md,c2,c2,"random(8, 100)",[40],large,high,"more segments per row: smaller blocks, busier checker, deeper pinched central corridor",true,:2,false,
2017/Generativos/gricula,out/2017/Generativos/gricula/notes.md,amp1,amp1,"random(1, 90)",[1],large,high,"no vertical warp: rows stay straight, centre collapses to a clean vertical slit, sharper fan",true,:2,false,
2017/Generativos/gricula,out/2017/Generativos/gricula/notes.md,colors,colors,#FFFFFF #09080C #D1370C #094C22 #C997A7,"[""#FFFFFF #09080C #2563EB #F59E0B #10B981""]",large,high,"same geometry, hues replaced (white/black/orange/green become white/black/blue/orange/green)",true,:2,false,
2017/Generativos/gricula,out/2017/Generativos/gricula/notes.md,rotation,rotation,"random(0, TWO_PI)",[0],large,high,"axis-aligned: horizon exactly mid-canvas, horizontal strips top / vertical strips bottom, notch opens downward from centre",true,:2,false,
2017/Generativos/griddssssdsd,out/2017/Generativos/griddssssdsd/notes.md,slabCount,slabcount,6,[12],moderate,high,"more slabs; denser, busier composition",true,:2,false,
2017/Generativos/griddssssdsd,out/2017/Generativos/griddssssdsd/notes.md,subdivideIters,subdivideiters,6,[9],moderate,high,"deeper subdivision; large flat solid slabs, sparser scattered grids",true,:2,false,
2017/Generativos/griddssssdsd,out/2017/Generativos/griddssssdsd/notes.md,dotProb,dotprob,0.4,[0.9],moderate,high,many more slabs rendered as dot grids,true,:2,false,
2017/Generativos/griddssssdsd,out/2017/Generativos/griddssssdsd/notes.md,gridRes,gridres,"random(2,10)","[""random(6,14)""]",moderate,high,"finer, denser grids; smaller cells",true,:2,false,
2017/Generativos/griddssssdsd,out/2017/Generativos/griddssssdsd/notes.md,slabSize,slabsize,"width*random(0.4,0.75)","[""width*random(0.2,0.4)""]",moderate,high,smaller slabs; more negative space,true,:2,false,
2017/Generativos/griddssssdsd,out/2017/Generativos/griddssssdsd/notes.md,outlineProb,outlineprob,0.8,[0.5],moderate,high,"more filled checkerboard slabs, fewer pure outline grids",true,:2,false,
2017/Generativos/grids,out/2017/Generativos/grids/notes.md,sub,sub,"random(100, 800)","[""random(100, 200)""]",large,high,"lines per family; fewer = wider bands, coarser grid, much larger cells",true,:2,false,
2017/Generativos/grids,out/2017/Generativos/grids/notes.md,d,d,width*8,"[""width*3""]",large,high,"chord radius from the far centre; too small = chords never reach the canvas, nearly blank output",true,:2,false,
2017/Generativos/grids,out/2017/Generativos/grids/notes.md,x,x,"width*random(-5, 5)","[""width*random(-1, 1)""]",large,high,"family centre range; closer to canvas = denser, more vertical bands covering the whole canvas",true,:2,false,
2017/Generativos/grids,out/2017/Generativos/grids/notes.md,w,w,"random(0.2, 0.8)","[""random(0, 1)""]",none,low,shading-facet position; no visible change at the low alphas used (10-40),true,:2,false,
2017/Generativos/grids,out/2017/Generativos/grids/notes.md,colors,colors,7-colour coolors.co palette,"[""7-step grayscale #111..#DDD""]",large,high,"identical geometry, fully grayscale rendering",true,:2,false,
2017/Generativos/gusanos,out/2017/Generativos/gusanos/notes.md,cc,cc,8,[16],large,high,"more columns; ribbons flatten and hug the midline, big flat background masses (green/plum) dominate",false,:2,false,non-deterministic baseline; only large changes are reliable
2017/Generativos/gusanos,out/2017/Generativos/gusanos/notes.md,c,c,10,[4],large,high,"fewer contour layers per column; ribbons keep full height but with thick simple bands, background colours show more",false,:2,false,non-deterministic baseline; only large changes are reliable
2017/Generativos/gusanos,out/2017/Generativos/gusanos/notes.md,det,det,random(0.012)*random(1),[0.03],moderate,high,"higher-frequency global warp; similar composition, somewhat tighter wobble (baseline non-deterministic, part is time noise)",false,:2,false,non-deterministic baseline; only large changes are reliable
2017/Generativos/gusanos,out/2017/Generativos/gusanos/notes.md,amp,amp,random(800),[200],moderate,high,"less displacement; calmer edges, smoother boundaries on the big colour masses (partly time noise)",false,:2,false,non-deterministic baseline; only large changes are reliable
2017/Generativos/gusanos,out/2017/Generativos/gusanos/notes.md,dd,dd,10,[25],moderate,high,"coarser sampling; visually almost identical, curveVertex smooths the coarser steps",false,:2,false,non-deterministic baseline; only large changes are reliable
2017/Generativos/gusanos,out/2017/Generativos/gusanos/notes.md,det1,det1,random(0.02),[0.005],large,high,"smoother, broader contour waves; ribbons become wide calm bands instead of fine ripples",false,:2,false,non-deterministic baseline; only large changes are reliable
2017/Generativos/intersecCirclesGrid,out/2017/Generativos/intersecCirclesGrid/notes.md,shapeCount,shapecount,1000,[300],large,high,"airier collage: fewer layers, ground and large flat shapes show through gaps",true,:2,false,
2017/Generativos/intersecCirclesGrid,out/2017/Generativos/intersecCirclesGrid/notes.md,circleSegments,circlesegments,32,[8],subtle,low,no visible change at normal viewing; octagonal facetting only on exposed circle rims,true,:2,false,
2017/Generativos/intersecCirclesGrid,out/2017/Generativos/intersecCirclesGrid/notes.md,shapeWidthRange,shapewidthrange,"width*random(0.1,0.3)","[""width*random(0.4,0.8)""]",large,high,"shapes 3-5x larger; a few dominate the frame, rest of canvas emptier",true,:2,false,
2017/Generativos/intersecCirclesGrid,out/2017/Generativos/intersecCirclesGrid/notes.md,gridColsRange,gridcolsrange,"int(random(10,100)*random(0.1,1)) = 1..100","[""int(random(8,16)*random(0.5,1)) = 4..16""]",large,high,mosaic coarsens into big checkerboard tiles instead of fine speckle,true,:2,false,
2017/Generativos/intersecCirclesGrid,out/2017/Generativos/intersecCirclesGrid/notes.md,paletteSize,palettesize,10,[3],large,high,same layout; all fills restricted to red/blue/off-white,true,:2,false,
2017/Generativos/lineTextures,out/2017/Generativos/lineTextures/notes.md,sep,sep,"random(3, 30)",[15.0],large,high,"coarser, sparser hatch; rows separated by clear black bands (angle also shifted via PRNG)",true,:2,false,
2017/Generativos/lineTextures,out/2017/Generativos/lineTextures/notes.md,minLen,minlen,"random(5, 20)",[30.0],large,high,longer segments; rows read as near-continuous oblique lines,true,:2,false,
2017/Generativos/lineTextures,out/2017/Generativos/lineTextures/notes.md,b,b,"sep*random(0.8, 1)",[0.0],large,high,gaps removed; segments merge into continuous parallel lines with grainy joints,true,:2,false,
2017/Generativos/lineTextures,out/2017/Generativos/lineTextures/notes.md,strokeWeight,strokeweight,"sep*random(0.2, 0.9)",[3.0],large,high,"thick pill-shaped dashes; bolder, chunkier texture",true,:2,false,
2017/Generativos/lineTextures,out/2017/Generativos/lineTextures/notes.md,ang,ang,random(TWO_PI),[0.0],large,high,"axis-aligned (vertical) rows; dense zigzag weave, overall lighter gray",true,:2,false,
2017/Generativos/lineTextures,out/2017/Generativos/lineTextures/notes.md,maxLen,maxlen,"minLen*random(1, 8)","[""minLen*2.0""]",large,high,"uniform dash lengths; more regular, less organic texture",true,:2,false,
2017/Generativos/lineTextures2,out/2017/Generativos/lineTextures2/notes.md,minLen,minlen,"random(5, 40)","[""random(30, 120)""]",large,high,"longer dashes -> more continuous linear streaks, texture reads as scratchy hatching",true,:2,false,
2017/Generativos/lineTextures2,out/2017/Generativos/lineTextures2/notes.md,g,g,"random(0.2, 0.9)","[""random(0.05, 0.2)""]",large,high,"stroke-weight scale (strokeWeight = sep*g); lower -> much thinner strokes, darker sparser texture",true,:2,false,
2017/Generativos/lineTextures2,out/2017/Generativos/lineTextures2/notes.md,strokeAlpha,strokealpha,"random(50, 200)","[""random(50, 80)""]",large,high,"lower alpha -> overall darker, muddier image; dark red background dominates",true,:2,false,
2017/Generativos/lineTextures2,out/2017/Generativos/lineTextures2/notes.md,gap,gap,"sep*random(0.8, 1)","[""sep*random(0.2, 0.5)""]",large,high,"smaller gaps -> dashes merge into fat continuous chunks, dense grainy texture",true,:2,false,
2017/Generativos/lineTextures2,out/2017/Generativos/lineTextures2/notes.md,sep,sep,"random(2, random(30))","[""random(4, random(60))""]",large,high,"wider column spacing -> fewer, more separated columns, more dark red visible between rows",true,:2,false,
2017/Generativos/lineTextures2,out/2017/Generativos/lineTextures2/notes.md,palette,palette,"[#d9601a, #5ae68b, #770101, #d9601a, #5ae68b]","[[""#4477ff"",""#55aaff"",""#223388"",""#4477ff"",""#55aaff""]]",large,high,all blue tones; dash structure unchanged,true,:2,false,
2017/Generativos/minimal,out/2017/Generativos/minimal/notes.md,sub,sub,"random(40,260)","[""random(40,90)""]",subtle,low,"coarser hatch strips, barely perceptible; same composition",true,:2,false,
2017/Generativos/minimal,out/2017/Generativos/minimal/notes.md,iterations,iterations,20,[4],moderate,high,"fewer stacked shapes: one big beige triangle dominates, pink triangle + beige disc behind",true,:2,false,
2017/Generativos/minimal,out/2017/Generativos/minimal/notes.md,hatchDarkAlpha,hatchdarkalpha,10,[60],subtle,low,"diagonal hatching now clearly visible on every surface, same layout",true,:2,false,
2017/Generativos/minimal,out/2017/Generativos/minimal/notes.md,ellipseSpan,ellipsespan,sub*0.1..sub*0.4,"[""sub*0.5..sub*1.4""]",subtle,low,ellipses span up to the full canvas; this run still ends on a beige half-triangle over blue,true,:2,false,
2017/Generativos/minimal,out/2017/Generativos/minimal/notes.md,palette,palette,6 pastels,"[""#1B1B1B,#F5F1E8,#EA4140""]",large,high,"cream field with giant beige disc, red corner triangle, dark-grey wedge",true,:2,false,
2017/Generativos/naif,out/2017/Generativos/naif/notes.md,sub_max,sub max,500,[2000],large,high,"raises the max subdivision count 4x; at seed 42 baseline the count lands near zero so it looks near-empty, but 2000 gives a busy full-bleed mosaic of colored squares with corner arcs (four-pointed stars where four arcs meet)",true,:2,false,
2017/Generativos/naif,out/2017/Generativos/naif/notes.md,mul,mul,1|2,"[""2 (always)""]",large,high,"forces the 2x arc size; the single visible lower-left arc nearly doubles in radius and covers more of the canvas, layout otherwise unchanged",true,:2,false,
2017/Generativos/naif,out/2017/Generativos/naif/notes.md,four_corners_p,four corners p,0.1,[0.5],none,low,"no visible change at seed 42 (very few rects, so the branch that draws all four corners is effectively never reached)",true,:2,false,
2017/Generativos/naif,out/2017/Generativos/naif/notes.md,split,split,0.5,[0.7],none,low,no visible change at seed 42 (so few rects get subdivided that the uneven horizontal split is not exposed),true,:2,false,
2017/Generativos/naif,out/2017/Generativos/naif/notes.md,palette,palette,bright-8,"[""muted-5""]",moderate,high,"swaps the 8 bright colors for a muted 5-color set (near-black, cream, red, green, steel-blue); same sparse layout, every color desaturated",true,:2,false,
2017/Generativos/neonLights,out/2017/Generativos/neonLights/notes.md,ms,ms,"random(0.986, 0.999)",[0.97],large,high,"faster size decay: fewer, more spaced rings; orange band splits out, green fills the interior",true,:2,false,
2017/Generativos/neonLights,out/2017/Generativos/neonLights/notes.md,mr,mr,"random(-0.02, 0.02)",[0.08],large,high,"stronger per-step twist: pinwheel spiral, busy multicolored ring core",true,:2,false,
2017/Generativos/neonLights,out/2017/Generativos/neonLights/notes.md,vel,vel,"random(1.0)*random(0.2, 1)",[0.0],large,high,no center drift: concentric rings centered on canvas (RNG shift also flipped form to ellipse),true,:2,false,
2017/Generativos/neonLights,out/2017/Generativos/neonLights/notes.md,alpha,alpha,120,[255],moderate,high,"opaque squares: chunky mosaic overlap, more orange/grey visible in core",true,:2,false,
2017/Generativos/neonLights,out/2017/Generativos/neonLights/notes.md,form,form,int(random(2)) (0 for seed 42),[1],large,high,ellipses: smooth green disc of concentric rings with faint banded middle,true,:2,false,
2017/Generativos/nipon,out/2017/Generativos/nipon/notes.md,cc,cc,int(random(1000)*random(1)*random(1)),[150],large,high,"grid markedly finer and denser; wedges chopped into smaller fragments; busier, darker overall (also shifts downstream RNG)",true,:2,false,
2017/Generativos/nipon,out/2017/Generativos/nipon/notes.md,sub,sub,"int(random(16, random(16, 80)))",[20],large,high,"sparse fans: few wide-spaced wedges, large sage gaps, grid much more visible; more open composition (also shifts downstream RNG)",true,:2,false,
2017/Generativos/nipon,out/2017/Generativos/nipon/notes.md,diag,diag,"dist(0, 0, width, height)*0.91","[""dist(0, 0, width, height)*0.5""]",moderate,high,fans truncated to ~half length; canvas edges largely empty sage grid; clean single-variable test (no random() in the line),true,:2,false,
2017/Generativos/nipon,out/2017/Generativos/nipon/notes.md,amp,amp,"random(0.2, 0.7)",[0.25],large,high,"wedges become thin needle-like spokes with big gaps; fans read as radial spikes, not thick blades (also shifts downstream RNG)",true,:2,false,
2017/Generativos/nipon,out/2017/Generativos/nipon/notes.md,b,b,1,[0],subtle,low,no visible change to composition; the 1px gaps between grid cells disappear and wedge fragments merge into continuous shapes,true,:2,false,
2017/Generativos/pajaritos,out/2017/Generativos/pajaritos/notes.md,iterations,iterations,1000,[300],large,high,"fewer splits = fewer, larger quads; sliver tangle thins out",true,:2,false,
2017/Generativos/pajaritos,out/2017/Generativos/pajaritos/notes.md,edgeT,edget,0.1-0.9,"[""0.4-0.6""]",large,high,"narrowing the split range = more uniform, balanced tiling",true,:2,false,
2017/Generativos/pajaritos,out/2017/Generativos/pajaritos/notes.md,underAlpha,underalpha,16,[80],none,low,no visible change; underlay pass is covered by the opaque fill pass,true,:2,false,
2017/Generativos/pajaritos,out/2017/Generativos/pajaritos/notes.md,strokeAlpha,strokealpha,220,[100],subtle,low,seams/strokes slightly thinner,true,:2,false,
2017/Generativos/pajaritos,out/2017/Generativos/pajaritos/notes.md,displaceScale,displacescale,0.1,[1.0],none,low,no visible change; displacement only affects the hidden underlay pass,true,:2,false,
2017/Generativos/palta,out/2017/Generativos/palta/notes.md,s,s,0.6,[0.9],subtle,low,"larger figure; outlines closer to canvas edges, same shape",true,:2,false,
2017/Generativos/palta,out/2017/Generativos/palta/notes.md,bodyRatio,bodyratio,"random(0.6, 0.8)","[""random(0.85, 0.95)""]",subtle,low,"wider body; main ellipse rounder, top/bottom rects wider",true,:2,false,
2017/Generativos/palta,out/2017/Generativos/palta/notes.md,ms,ms,"random(0.22, 0.4)","[""random(0.35, 0.55)""]",subtle,low,"taller neck (top part), higher split line, smaller lower bulge",true,:2,false,
2017/Generativos/palta,out/2017/Generativos/palta/notes.md,stroke,stroke,"stroke(0, 200)","[""stroke(255, 200)""]",none,low,outlines fade to nearly the background colour; only the brown seed stands out,true,:2,false,
2017/Generativos/palta,out/2017/Generativos/palta/notes.md,seedFill,seedfill,"fill(120, 80, 10)","[""fill(160, 60, 60)""]",none,low,no visible change (seed hue shifts slightly within 'none' range),true,:2,false,
2017/Generativos/palta,out/2017/Generativos/palta/notes.md,cs,cs,"random(0.3, 0.38)","[""random(0.45, 0.55)""]",none,low,"larger seed; small area, so small pixel fraction",true,:2,false,
2017/Generativos/pcb,out/2017/Generativos/pcb/notes.md,cc,cc,"random(20,100)",[35],,unscored,,true,:2,false,
2017/Generativos/pcb,out/2017/Generativos/pcb/notes.md,traceWeight,traceweight,ss*0.15,"[""ss*0.4""]",,unscored,,true,:2,false,
2017/Generativos/pcb,out/2017/Generativos/pcb/notes.md,resistorFrac,resistorfrac,random(0.04),"[""random(0.15)""]",,unscored,,true,:2,false,
2017/Generativos/pcb,out/2017/Generativos/pcb/notes.md,growthIterations,growthiterations,10000,[40000],,unscored,,true,:2,false,
2017/Generativos/pcb,out/2017/Generativos/pcb/notes.md,background,background,10,[60],,unscored,,true,:2,false,
2017/Generativos/pelos,out/2017/Generativos/pelos/notes.md,cc,cc,random(1000),"[""random(200)""]",large,high,"fewer subdivision iterations: fewer, larger tiles and a much darker overall tone (fewer light tiles)",true,:2,false,
2017/Generativos/pelos,out/2017/Generativos/pelos/notes.md,sub,sub,"random(2, 5)","[""random(2, 9)""]",large,high,"splits into up to 8 slices: many smaller tiles, fine comb-like stripes in the corners",true,:2,false,
2017/Generativos/pelos,out/2017/Generativos/pelos/notes.md,d,d,"random(14, 20)","random(30, 40)",moderate,high,"longer hairs: softer, flowing fur, less grainy, whole image slightly darker",true,:2,false,
2017/Generativos/pelos,out/2017/Generativos/pelos/notes.md,hairDensity,hairdensity,"w*h*random(0.7, 1.2)","w*h*random(2, 3)",large,high,"~3x stroke density: fur goes near-black, only a few light patches remain",true,:2,false,
2017/Generativos/pelos,out/2017/Generativos/pelos/notes.md,strokeAlpha,strokealpha,70,150,large,high,"higher stroke alpha: much denser, darker fur, tile boundaries stand out more",true,:2,false,
2017/Generativos/pelos,out/2017/Generativos/pelos/notes.md,det1,det1,random(0.02),random(0.06),moderate,high,"higher angle-noise detail: smaller, busier local swirls; finer mottled texture",true,:2,false,
2017/Generativos/perlinTextures,out/2017/Generativos/perlinTextures/notes.md,cc,cc,"random(180, 480)",[400],moderate,high,"more, thinner bands: strata average out into a smooth green-to-mint vertical gradient, bottom saturates brighter, only thin contour lines remain",true,:2,false,
2017/Generativos/perlinTextures,out/2017/Generativos/perlinTextures/notes.md,det,det,random(0.01),[0.001],moderate,high,"much longer x-wavelength: broad smooth vertical swells, lavender top, large near-white bottom — composition reorganises (98.6% of pixels changed)",true,:2,false,
2017/Generativos/perlinTextures,out/2017/Generativos/perlinTextures/notes.md,det2,det2,"random(0.01, 0.1)*random(1)",[0.002],moderate,high,adjacent bands cohere into one smooth melting teal/green flow with large soft drips instead of independent wavy strata,true,:2,false,
2017/Generativos/perlinTextures,out/2017/Generativos/perlinTextures/notes.md,fillAlpha,fillalpha,6,[20],large,high,"band edges become clearly visible as dense wavy contour lines across the canvas; colours saturate faster, bottom near-white",true,:2,false,
2017/Generativos/perlinTextures,out/2017/Generativos/perlinTextures/notes.md,strokeAlpha,strokealpha,22,[90],none,low,no visible change — 1-px anti-aliased strokes are negligible against the fills,true,:2,false,
2017/Generativos/perlinTextures,out/2017/Generativos/perlinTextures/notes.md,gridAlpha,gridalpha,5,[25],subtle,low,8-px hairline grid becomes faintly visible across the image; band texture unchanged,true,:2,false,
2017/Generativos/puntas,out/2017/Generativos/puntas/notes.md,clusterCount,clustercount,100,[300],large,high,"more ring clusters; at 300 they overlap densely and fill nearly the whole frame, black ground almost gone",true,:2,false,
2017/Generativos/puntas,out/2017/Generativos/puntas/notes.md,gridN,gridn,8,[12],moderate,high,"finer grid, smaller cells (144 vs 64); same three cell types",true,:2,false,
2017/Generativos/puntas,out/2017/Generativos/puntas/notes.md,gridFrac,gridfrac,0.9,[0.6],moderate,high,"smaller centered grid (60% width); wider black margin, ring field more visible around it",true,:2,false,
2017/Generativos/puntas,out/2017/Generativos/puntas/notes.md,ringDrift,ringdrift,10,[2],moderate,high,slower per-ring color shift; rings hold a hue over more rings before jumping; grid unchanged,true,:2,false,
2017/Generativos/puntas,out/2017/Generativos/puntas/notes.md,maxClusterFrac,maxclusterfrac,1.0,[0.4],moderate,high,"clusters capped at 0.4*width; smaller-scale ring circles, none as huge as baseline",true,:2,false,
2017/Generativos/quadDiag,out/2017/Generativos/quadDiag/notes.md,iterations,iterations,1000,[300],large,high,"fewer, larger surviving quads; sparse clusters with big empty gray regions",true,:2,false,
2017/Generativos/quadDiag,out/2017/Generativos/quadDiag/notes.md,rotateProb,rotateprob,0.2,[0.5],large,high,far more 45-degree diamonds; mosaic dominated by rotated squares,true,:2,false,
2017/Generativos/quadDiag,out/2017/Generativos/quadDiag/notes.md,rotateScale,rotatescale,sqrt(2)*0.5,[1.0],moderate,high,"rotated child covers the whole parent square; big solid diamonds, denser fine clusters",true,:2,false,
2017/Generativos/quadDiag,out/2017/Generativos/quadDiag/notes.md,splitScale,splitscale,0.5,[0.3],large,high,"smaller children leave gaps between them; sparser clusters, more gray ground visible",true,:2,false,
2017/Generativos/quadDiag,out/2017/Generativos/quadDiag/notes.md,background,background,200,[0],none,low,no visible change; the quad mosaic covers the canvas so the background is hidden,true,:2,false,
2017/Generativos/quadDiag2,out/2017/Generativos/quadDiag2/notes.md,iterations,iterations,1000,[300],large,high,"coarser mosaic: far fewer splits, much larger un-subdivided squares and diamond patches",true,:2,false,
2017/Generativos/quadDiag2,out/2017/Generativos/quadDiag2/notes.md,rotateProb,rotateprob,0.2,[0.5],large,high,"many more rotated 45-degree splits: more nested diamond-in-diamond motifs with solid corner frames, busier overall",true,:2,false,
2017/Generativos/quadDiag2,out/2017/Generativos/quadDiag2/notes.md,background,background,200,[255],none,low,"no visible change: quads cover the canvas fully, background never shows",true,:2,false,
2017/Generativos/quadDiag2,out/2017/Generativos/quadDiag2/notes.md,rotatedScale,rotatedscale,0.5,[0.4],subtle,low,rotated child slightly smaller: thin ring of parent colour around each rotated diamond; overall look nearly unchanged,true,:2,false,
2017/Generativos/quadDiag2,out/2017/Generativos/quadDiag2/notes.md,childScale,childscale,0.5,[0.45],large,high,gaps open between the four children of every axis-aligned split: a seam grid of background/underlying colour runs through the mosaic,true,:2,false,
2017/Generativos/radigrafff,out/2017/Generativos/radigrafff/notes.md,sub,sub,4,[8],large,high,"denser 8x8 mosaic with mixed tile sizes (2x2, 3x3, 4x4 blocks); packing no longer fills a uniform grid",true,:2,false,
2017/Generativos/radigrafff,out/2017/Generativos/radigrafff/notes.md,background,background,#efcebf,"[""#d8e3dc""]",moderate,high,pale sage background; SUBTRACT makes tile fills lighter and less saturated,true,:2,false,
2017/Generativos/radigrafff,out/2017/Generativos/radigrafff/notes.md,colors[1],colors 1,#0057BB,"[""#2f9e44""]",moderate,high,rosette and grid lines go dark brown (green subtracted from warm fills); tile fills shift but stay in muted olive/teal family,true,:2,false,
2017/Generativos/radigrafff,out/2017/Generativos/radigrafff/notes.md,bb,bb,2,[12],subtle,low,larger rounded-corner radius on tiles; everything else identical,true,:2,false,
2017/Generativos/radigrafff,out/2017/Generativos/radigrafff/notes.md,arc count,arc count,10000,[40000],none,low,no visible change; 4x more low-alpha speckle arcs is indistinguishable,true,:2,false,
2017/Generativos/sand,out/2017/Generativos/sand/notes.md,mo,mo,"random(1, 3.5)","[""4.0 + random(1, 3.5)""]",subtle,low,"more wave cycles -> busier wiggly boundary, but the two colour fields are unchanged (only the thin boundary moves)",true,:2,false,
2017/Generativos/sand,out/2017/Generativos/sand/notes.md,amp,amp,"random(0.1, 0.3)","[""0.5 + random(0.1, 0.3)""]",moderate,high,"larger amplitude -> wider S, bulges out further, left/right fields more unequal; same colours",true,:2,false,
2017/Generativos/sand,out/2017/Generativos/sand/notes.md,dy,dy,2,[8],none,low,no visible change; strip height is invisible because each strip already renders a smooth horizontal gradient,true,:2,false,
2017/Generativos/sand,out/2017/Generativos/sand/notes.md,mx1,mx1,"random(0.4, 0.6)","[""0.4 + random(0.4, 0.6)""]",subtle,low,"pushes the top anchor right -> steeper diagonal; colours unchanged, little overall change",true,:2,false,
2017/Generativos/sand,out/2017/Generativos/sand/notes.md,palette,palette,amber 5-colour list,"[""blue 5-colour list""]",large,high,"recolours the whole image (amber -> blue/indigo duotone); S geometry identical, fully decoupled from palette",true,:2,false,
2017/Generativos/sphhhh,out/2017/Generativos/sphhhh/notes.md,res,res,"random(10, random(80, 800))","[""random(10, random(20, 60))""]",large,high,coarser grid: few large flat cells instead of a dense checker,true,:2,false,
2017/Generativos/sphhhh,out/2017/Generativos/sphhhh/notes.md,size,size,"random(600, 2400)","[""random(300, 500)""]",large,high,"smaller sphere: whole rounded sphere visible, centred, black border around it",true,:2,false,
2017/Generativos/sphhhh,out/2017/Generativos/sphhhh/notes.md,paletteWrap,palettewrap,9,[3],large,high,"fewer palette cycles: white/gray tones disappear, surface becomes a yellow/dark-teal duotone",true,:2,false,
2017/Generativos/sphhhh,out/2017/Generativos/sphhhh/notes.md,det,det,random(1)*random(1),"[""random(1)*random(1)*3""]",large,high,"finer noise: smaller colour patches, more white/gray mixed in, same overall look",true,:2,false,
2017/Generativos/sphhhh,out/2017/Generativos/sphhhh/notes.md,fov,fov,"PI/random(1.1, 3)","[""PI/random(1.1, 1.8)""]",large,high,"narrower fov range: strong head-on pinwheel view, cells converging to a central vortex",true,:2,false,
2017/Generativos/sphhhh,out/2017/Generativos/sphhhh/notes.md,meshSphere,meshsphere,,,,unscored,,true,:2,false,
2017/Generativos/sphhhh,out/2017/Generativos/sphhhh/notes.md,getColor,getcolor,,,,unscored,,true,:2,false,
2017/Generativos/spiral,out/2017/Generativos/spiral/notes.md,rt,rt,"random(-0.02, 0.02)",[0.02],large,high,"fixed max twist: rings rotate consistently, clear swirled spiral instead of loose wobble",true,:2,false,
2017/Generativos/spiral,out/2017/Generativos/spiral/notes.md,da,da,"random(-0.1, 0.1)","[""random(-0.4, 0.4)""]",subtle,low,subtle: wobble range widened but ring shapes and core position nearly unchanged at this seed,true,:2,false,
2017/Generativos/spiral,out/2017/Generativos/spiral/notes.md,dd,dd,random(1),"[""random(5)""]",large,high,"stronger per-ring drift: core lands far off-center (upper right), big empty margin at lower left",true,:2,false,
2017/Generativos/spiral,out/2017/Generativos/spiral/notes.md,dc,dc,random(colors.length*2)*random(1)*random(1),"[""random(colors.length*2)""]",large,high,"faster colour cycling: many more colour bands, denser rainbow effect around the rings",true,:2,false,
2017/Generativos/spiral,out/2017/Generativos/spiral/notes.md,smo,smo,"map(j, 0, cc, 0, 0.5)*r.z","[""map(j, 0, cc, 0, 0.9)*r.z""]",moderate,high,"inner rings much more rounded, softer blob-like core; outer rings already nearly maxed out",true,:2,false,
2017/Generativos/spiral2,out/2017/Generativos/spiral2/notes.md,discCount,disccount,20,[6],large,high,fewer discs; bigger pinwheels with black background visible between them,true,:2,false,
2017/Generativos/spiral2,out/2017/Generativos/spiral2/notes.md,sub,sub,32,[96],large,high,"3x angular segments per ring; cells much finer, discs read as dense radial fans",true,:2,false,
2017/Generativos/spiral2,out/2017/Generativos/spiral2/notes.md,div,div,32,[16],large,high,"half the rings; radial cells 2x thicker, coarser bladed look",true,:2,false,
2017/Generativos/spiral2,out/2017/Generativos/spiral2/notes.md,twistFactor,twistfactor,0.2,[0.8],large,high,4x per-ring twist; arms wind into clear multi-turn spirals,true,:2,false,
2017/Generativos/spiral2,out/2017/Generativos/spiral2/notes.md,dc,dc,"int(random(1,10))","[""int(random(1,2))""]",large,high,much slower hue advance per segment; arms hold one colour in long sector-like stretches,true,:2,false,
2017/Generativos/studio,out/2017/Generativos/studio/notes.md,cc,cc,int(random(100000*random(1))),[300],subtle,low,"fewer circles, sparser pack, more green background showing; overall density still reads similar",true,:2,false,
2017/Generativos/studio,out/2017/Generativos/studio/notes.md,maxSize,maxsize,320,[120],moderate,high,no large rings; much finer texture of small circles and dots,true,:2,false,
2017/Generativos/studio,out/2017/Generativos/studio/notes.md,strokeWeightRange,strokeweightrange,"p.z*random(0.01,0.08)","[""p.z*random(0.03,0.12)""]",subtle,low,"strokes ~40% thicker on every circle, most visible on the big rings (measured 9->13 px at same crossing)",true,:2,false,
2017/Generativos/studio,out/2017/Generativos/studio/notes.md,segs,segs,"random(3,9)","[""random(8,20)""]",subtle,low,"ring dashes finer: more, shorter arc segments; overall look similar",true,:2,false,
2017/Generativos/studio,out/2017/Generativos/studio/notes.md,radiusLimit,radiuslimit,cx*1.5-s,"[""cx*2.0-s""]",moderate,high,packing extends to all four corners; coverage uniform full-bleed instead of centre-biased,true,:2,false,
2017/Generativos/subBox,out/2017/Generativos/subBox/notes.md,sub,sub,"random(2000, 6000)","[""random(12000, 15000)""]",large,high,more iterations = far denser tunnel; tiny boxes and wireframes fill almost every region,true,:2,false,
2017/Generativos/subBox,out/2017/Generativos/subBox/notes.md,wireframeProb,wireframeprob,0.4,[0.8],large,high,"mostly wireframe boxes; thin red/green/cream outlines replace solid faces, lattice look",true,:2,false,
2017/Generativos/subBox,out/2017/Generativos/subBox/notes.md,startZ,startz,width*4,"[""width*8""]",large,high,"same fractal shifted one subdivision level: different large planes frame the view, mid-size boxes look a size category larger",true,:2,false,
2017/Generativos/subBox,out/2017/Generativos/subBox/notes.md,pickBias,pickbias,"random(0.5, 1)","[""random(0.8, 1)""]",large,high,biasing picks toward smaller boxes leaves big boxes unsplit: lopsided composition with a dense mass in one corner and large flat dark planes elsewhere,true,:2,false,
2017/Generativos/subBox,out/2017/Generativos/subBox/notes.md,strokeWeight,strokeweight,"random(1, 3)","[""random(4, 10)""]",subtle,low,no visible change beyond slightly thicker wireframe lines,true,:2,false,
2017/Generativos/subBox,out/2017/Generativos/subBox/notes.md,palette,palette,6 earthy colors,"[""6 cool blue/slate colors""]",moderate,high,"identical geometry recoloured blue/slate/teal/white/black; structure unchanged, only hue family",true,:2,false,
2017/Generativos/subsbusbu,out/2017/Generativos/subsbusbu/notes.md,sub,sub,random(3000),"[500,8000]",large,high,fewer subdivisions = coarse large facets; more = dense fine triangles,true,:2,false,
2017/Generativos/subsbusbu,out/2017/Generativos/subsbusbu/notes.md,div,div,64,[16],none,low,"background lattice is fully covered by the forms, invisible",true,:2,false,
2017/Generativos/subsbusbu,out/2017/Generativos/subsbusbu/notes.md,fill alpha (line 83),fill alpha,80,[200],none,low,dead code: per-vertex fill (line 87) overwrites it before endShape,true,:2,false,
2017/Generativos/subsbusbu,out/2017/Generativos/subsbusbu/notes.md,stroke alpha (line 80),stroke alpha,20,[255],subtle,low,white edges between triangles become clearly visible,true,:2,false,
2017/Generativos/terrainCollage,out/2017/Generativos/terrainCollage/notes.md,det,det,random(0.01),"[""random(0.003)""]",large,high,"lower noise detail = larger, smoother terrain bands; pink background shows through more",true,:2,false,
2017/Generativos/terrainCollage,out/2017/Generativos/terrainCollage/notes.md,count,count,4000,[1000],large,high,"fewer tiles = sparser coverage, individual tiles and gaps visible; same tile-size range so gaps not larger tiles",true,:2,false,
2017/Generativos/terrainCollage,out/2017/Generativos/terrainCollage/notes.md,sca,sca,"random(0.2)*random(0.5,1)","[""random(0.5)*random(0.5,1)""]",large,high,"up to 2.5x bigger tiles; dense coverage, large forest/sea/sand regions dominate",true,:2,false,
2017/Generativos/terrainCollage,out/2017/Generativos/terrainCollage/notes.md,swd,swd,random(5),"[""random(30)""]",none,low,no visible change: shadow alpha (max 40/255) is faint and shadows are quickly buried under later tiles,true,:2,false,
2017/Generativos/terrainCollage,out/2017/Generativos/terrainCollage/notes.md,band,band,sand 0.4-0.5,"[""sand 0.45-0.6""]",large,high,"wider sand band: sand strongly dominant, forest shrunk to only n>=0.6 regions, sea reduced",true,:2,false,
2017/Generativos/tevebe,out/2017/Generativos/tevebe/notes.md,ch,ch,"random(1,18)",[4],large,high,4 tall bands; row colours re-drawn (fewer draws shift the stream),true,:2,false,
2017/Generativos/tevebe,out/2017/Generativos/tevebe/notes.md,cw,cw,"random(1,80)",[20],large,high,uniform 20-cell column width in every row; row colours re-drawn (draw shift),true,:2,false,
2017/Generativos/tevebe,out/2017/Generativos/tevebe/notes.md,pwr,pwr,"random(0.5,2)",[0.5],large,high,"same rows; stripes go high-contrast, cells pushed to near-black/near-white",true,:2,false,
2017/Generativos/tevebe,out/2017/Generativos/tevebe/notes.md,dd,dd,random(50)/w,"[""10/w""]",large,high,same rows; pattern coarsens into wide blocks instead of fine stripes,true,:2,false,
2017/Generativos/tevebe,out/2017/Generativos/tevebe/notes.md,colors,colors,8-colour list,"[""4 warm colours""]",large,high,all rows restricted to maroon/pink/salmon/cream,true,:2,false,
2017/Generativos/trianglesLines,out/2017/Generativos/trianglesLines/notes.md,sub (subdivision budget),sub,"int(random(1, random(30000)))","[""random(1,1000)"",""random(1,60000)""]",,unscored,fewer steps = sparser mesh with more bare large triangles; more steps = canvas fully carpeted by overlapping fans,true,:2,false,
2017/Generativos/trianglesLines,out/2017/Generativos/trianglesLines/notes.md,sb (spokes base),sb,"2^int(random(2,12))","[""2^int(random(2,6))""]",none,low,"no visible change (with same seed both ranges drew the same integer sb, so the image is identical)",true,:2,false,
2017/Generativos/trianglesLines,out/2017/Generativos/trianglesLines/notes.md,alpha (line opacity),alpha,160,[255],subtle,low,lines slightly brighter/more saturated; structure unchanged,true,:2,false,
2017/Generativos/trianglesLines,out/2017/Generativos/trianglesLines/notes.md,colors (palette),colors,"5 warm colours (#BCBDAC,#CFBE27,#F27435,#F02475,#3B2D38)","[""5 blues/cyans""]",subtle,low,"same structure recoloured blue/cyan (structure identical, only hue shifts)",true,:2,false,
2017/Generativos/trianglesLines2,out/2017/Generativos/trianglesLines2/notes.md,sub,sub,"random(1, random(10000))",[15],large,high,"fewer splits -> sparser, larger facets; the dominant facet-scale knob",true,:2,false,
2017/Generativos/trianglesLines2,out/2017/Generativos/trianglesLines2/notes.md,ringCount,ringcount,6,[3],large,high,3 seed triangles -> 3-fold angular sectors instead of 6-fold,true,:2,false,
2017/Generativos/trianglesLines2,out/2017/Generativos/trianglesLines2/notes.md,shadeMax,shademax,70,[160],moderate,high,"higher -> darker black facets, stronger 3D contrast",true,:2,false,
2017/Generativos/trianglesLines2,out/2017/Generativos/trianglesLines2/notes.md,palette,palette,5 warm colors,"[""5 cool colors""]",large,high,recolored only; geometry unchanged,true,:2,false,
2017/Generativos/trianglesLines2,out/2017/Generativos/trianglesLines2/notes.md,ringRadius,ringradius,ss*0.25,"[""ss*0.5""]",large,high,"seed ring pushed outward -> denser, more uniform full-bleed coverage",true,:2,false,
2017/Generativos/triangularGradient,out/2017/Generativos/triangularGradient/notes.md,cc,cc,4+int(random(100)*random(1)) (4..103),[20],moderate,high,"fewer points -> fewer, sparser rings; the big ring dominates",true,:2,false,
2017/Generativos/triangularGradient,out/2017/Generativos/triangularGradient/notes.md,cs,cs,"int(random(1, 4)) (1..3)",[1],moderate,high,one palette cycle per ring: single smooth conic sweep instead of repeated colour bands,true,:2,false,
2017/Generativos/triangularGradient,out/2017/Generativos/triangularGradient/notes.md,mr2,mr2,random(0.4) (0..0.4),[0.0],subtle,low,subtle: ring still undulates (mr1 stays active); slight change in thickness profile,true,:2,false,
2017/Generativos/triangularGradient,out/2017/Generativos/triangularGradient/notes.md,res,res,360/2 (180),[45],none,low,no visible change; antialiasing and smooth per-wedge colour hide the lower wedge count,true,:2,false,
2017/Generativos/triangularGradient,out/2017/Generativos/triangularGradient/notes.md,dd,dd,"-random(0.2, 0.4)",[0],moderate,high,"points span the full canvas; rings reach the edges, huge partial circles cross the frame",true,:2,false,
2017/Generativos/triangularGradient,out/2017/Generativos/triangularGradient/notes.md,palette,palette,"{#F8CA9C, #F8B6D9, #EF276B, #A14FBE, #1D43B8}","[""{#2D3142, #3A5A40, #588157, #A3B18A, #DAD7CD}""]",large,high,"same geometry (same seed), entirely different scheme: dark green field, sage/silver rings",true,:2,false,
2017/Generativos/vapo,out/2017/Generativos/vapo/notes.md,waveLobes,wavelobes,"random(2,20)","[""random(12,20)""]",none,low,"reshapes the wave boundary into a sharper S; confined to a thin band along the outline, so the score stays none",true,:2,false,
2017/Generativos/vapo,out/2017/Generativos/vapo/notes.md,waveAmp,waveamp,random(180),"[""random(40)""]",none,low,lower amplitude flattens the wave boundary slightly; only the band along the boundary changes,true,:2,false,
2017/Generativos/vapo,out/2017/Generativos/vapo/notes.md,sep,sep,"random(4,60)","[""random(20,40)""]",none,low,upper-left hatching visibly sparser (wider line spacing); score low because lines are thin and semi-transparent,true,:2,false,
2017/Generativos/vapo,out/2017/Generativos/vapo/notes.md,count,count,"random(8,32)","[""random(24,32)""]",subtle,low,"more scatter shapes, but the size scale is inversely tied to count so all shapes shrink slightly; net difference small",true,:2,false,
2017/Generativos/vapo,out/2017/Generativos/vapo/notes.md,shapeScale,shapescale,"random(0.6,1)","[""random(1,2)""]",moderate,high,"all scatter shapes ~1.5-2x larger (circles, squares, triangles, strokes); heavier, denser composition",true,:2,false,
2017/Generativos/vapo,out/2017/Generativos/vapo/notes.md,lineWeight,lineweight,"random(0.095,0.12)","[""random(0.3,0.5)""]",subtle,low,"line-type strokes (red squiggle, black zigzag, pink diagonal, red rect border) ~3x thicker; pixel metric low because strokes are thin",true,:2,false,
2017/Generativos/walking_gradient,out/2017/Generativos/walking_gradient/notes.md,cc,cc,int(random(1200)),"[""int(random(400))""]",none,low,"no visible change at frame 1; dot count is itself a per-run random, so density varies between renders anyway",false,:2,false,non-deterministic baseline; only large changes are reliable
2017/Generativos/walking_gradient,out/2017/Generativos/walking_gradient/notes.md,div,div,"int(random(4, 80))","[""int(random(4, 20))""]",subtle,low,"coarser lattice (fewer, larger cells); subtle at frame 1, dominated by per-run random seed",false,:2,false,non-deterministic baseline; only large changes are reliable
2017/Generativos/walking_gradient,out/2017/Generativos/walking_gradient/notes.md,sizeScale,sizescale,1,[3],none,low,no visible change at frame 1 (dots are still tiny at t~0.2 s),false,:2,false,non-deterministic baseline; only large changes are reliable
2017/Generativos/walking_gradient,out/2017/Generativos/walking_gradient/notes.md,alpha,alpha,"random(20, 90)","[""random(80, 255)""]",none,low,no visible change at frame 1; opacity only matters once dots grow in later frames,false,:2,false,non-deterministic baseline; only large changes are reliable
2017/Generativos/walking_gradient,out/2017/Generativos/walking_gradient/notes.md,background,background,getColor(random(colors.length)),"[""colors[7]""]",large,high,"background becomes near-black (#21232E); every pixel changes, dots look muted on the dark ground",false,:2,false,non-deterministic baseline; only large changes are reliable
2018/Generativos/Eyes/eyes_004,out/2018/Generativos/Eyes/eyes_004/notes.md,sub,sub,int(random(100)),[20],,unscored,"subdivision iterations; more = finer, busier mosaic of more, smaller eyes",true,:2,false,
2018/Generativos/Eyes/eyes_004,out/2018/Generativos/Eyes/eyes_004/notes.md,ss,ss,"r.z*random(0.6, 0.8)",[0.35],,unscored,"sclera size as a fraction of its cell; smaller = eye shrinks, larger empty margins",true,:2,false,
2018/Generativos/Eyes/eyes_004,out/2018/Generativos/Eyes/eyes_004/notes.md,s1,s1,"ss*random(0.4, 0.8)",[0.25],,unscored,"iris size as a fraction of the sclera; smaller = tiny iris, mostly-white eye",true,:2,false,
2018/Generativos/Eyes/eyes_004,out/2018/Generativos/Eyes/eyes_004/notes.md,grainCount,graincount,4000,[0],,unscored,count of faint white speckle arcs scattered over the whole canvas; 0 = clean surfaces,true,:2,false,
2018/Generativos/Eyes/eyes_004,out/2018/Generativos/Eyes/eyes_004/notes.md,colors,colors,7-colour warm/cool mix,"[""cool 7-colour blues""]",,unscored,"palette sampled per cell background, iris and background",true,:2,false,
2018/Generativos/Forms/forms001,out/2018/Generativos/Forms/forms001/notes.md,cc,cc,16,[8],,unscored,"tile grid 16x2 -> 8x2: same dense look, slightly darker, more background gaps",true,:2,false,
2018/Generativos/Forms/forms001,out/2018/Generativos/Forms/forms001/notes.md,pointCount,pointcount,3000,[1500],,unscored,"sparser, more black shows; also shifts random stream so the 4 tint colors are redrawn (this seed: red/salmon instead of orange)",true,:2,false,
2018/Generativos/Forms/forms001,out/2018/Generativos/Forms/forms001/notes.md,sizeScale,sizescale,120,[60],,unscored,"strips half width and half height: much darker, top of canvas far sparser",true,:2,false,
2018/Generativos/Forms/forms001,out/2018/Generativos/Forms/forms001/notes.md,tintAlpha,tintalpha,180,[255],,unscored,"opaque stamps: densest, brightest image, almost no background left",true,:2,false,
2018/Generativos/Forms/forms001,out/2018/Generativos/Forms/forms001/notes.md,stripAspect,stripaspect,8,[2],,unscored,"strip height s*8 -> s*2: short dashes instead of long strips, breaks vertical continuity, darkest overall",true,:2,false,
2018/Generativos/Forms/forms001,out/2018/Generativos/Forms/forms001/notes.md,yDistExp,ydistexp,0.7,[1.0],,unscored,"uniform y distribution: density even top-to-bottom, loses the bottom-weighted accumulation",true,:2,false,
2018/Generativos/Forms/forms002,out/2018/Generativos/Forms/forms002/notes.md,count,count,3000,"[1500,6000]",,unscored,"fewer = sparser field with more black ground (coverage 69% vs 86%); more = denser weave. Side effect: count also shifts the tint palette, because c1-c4 are drawn from the random stream after the placement loop",true,:2,false,
2018/Generativos/Forms/forms002,out/2018/Generativos/Forms/forms002/notes.md,det (noise scale),det,"random(0.06, 0.012)*0.8","[""random(0.06, 0.012)*0.3""]",,unscored,"lower = coarser noise field, larger smoother size variation, full-bleed soft columns",true,:2,false,
2018/Generativos/Forms/forms002,out/2018/Generativos/Forms/forms002/notes.md,stretchY,stretchy,s*8,"[""s*2""]",,unscored,"4x shorter strips: dashed/dabbed texture instead of flowing, coverage drops 86% -> 48%, much more black ground",true,:2,false,
2018/Generativos/Forms/forms002,out/2018/Generativos/Forms/forms002/notes.md,tintAlpha,tintalpha,180,[90],,unscored,"half opacity: darker overall, strips read thinner, more black ground showing between them, same palette",true,:2,false,
2018/Generativos/Forms/forms002b,out/2018/Generativos/Forms/forms002b/notes.md,det,det,"random(0.06,0.012)*0.8",[3.2],,unscored,"higher multiplier = finer, smaller, more uniform clumps; baseline is soft large-scale clumps",true,:2,false,
2018/Generativos/Forms/forms002b,out/2018/Generativos/Forms/forms002b/notes.md,det2,det2,"random(0.06,0.012)*0.2",[1.0],,unscored,"higher multiplier = more even density, large voids vanish (mask frequency)",true,:2,false,
2018/Generativos/Forms/forms002b,out/2018/Generativos/Forms/forms002b/notes.md,count,count,30000,[60000],,unscored,"more candidates = denser field, voids fill in; first frame 3553ms -> 5648ms (O(n^2) rejection)",true,:2,false,
2018/Generativos/Forms/forms002b,out/2018/Generativos/Forms/forms002b/notes.md,size,size,120,[240],,unscored,"2x = bigger, busier slivers with more overlap",true,:2,false,
2018/Generativos/Forms/forms002b,out/2018/Generativos/Forms/forms002b/notes.md,alpha,alpha,180,[255],,unscored,"255 = opaque, brighter, more saturated, less soft overlap blending",true,:2,false,
2018/Generativos/Forms/forms002b,out/2018/Generativos/Forms/forms002b/notes.md,aspect,aspect,s*8,"[""s*4""]",,unscored,"s*4 = short stubby dashes, confetti-like instead of needle-like",true,:2,false,
2018/Generativos/Forms/forms002d,out/2018/Generativos/Forms/forms002d/notes.md,sub,sub,0,[40],,unscored,"enables the rect subdivision loop: canvas breaks into many squares, each with its own noise offset -> distinct density/colour patches (mosaic look)",true,:2,false,
2018/Generativos/Forms/forms002d,out/2018/Generativos/Forms/forms002d/notes.md,sizeScale,sizescale,120,[240],,unscored,"2x longer slivers: busier, spikier texture, strokes cross more; overall layout unchanged",true,:2,false,
2018/Generativos/Forms/forms002d,out/2018/Generativos/Forms/forms002d/notes.md,densityDiv,densitydiv,26,[13],,unscored,"2x candidate points: much denser, brighter mat; dark band narrows; overlap dominates",true,:2,false,
2018/Generativos/Forms/forms002d,out/2018/Generativos/Forms/forms002d/notes.md,tintAlpha,tintalpha,180,[255],,unscored,"subtle: slivers slightly more opaque, marginally more contrast, no layout change",true,:2,false,
2018/Generativos/Forms/forms002d,out/2018/Generativos/Forms/forms002d/notes.md,spriteAspect,spriteaspect,8,[3],,unscored,"shorter, fatter slivers (1:3 vs 1:8 length ratio): soft fuzzy starfield instead of sharp hair-like strokes",true,:2,false,
2018/Generativos/Forms/forms002d,out/2018/Generativos/Forms/forms002d/notes.md,globalScale,globalscale,0.84,[1.0],,unscored,"removes the black margin; composition runs edge to edge, same texture",true,:2,false,
2018/Generativos/Forms/forms003,out/2018/Generativos/Forms/forms003/notes.md,count,count,50000,[15000],large,high,"sparser field; individual strokes and the black ground show through, bottom third becomes open",true,:2,false,
2018/Generativos/Forms/forms003,out/2018/Generativos/Forms/forms003/notes.md,sizeBase,sizebase,120,[240],large,high,"longer, chunkier brushstrokes; coarser texture, vortices still readable",true,:2,false,
2018/Generativos/Forms/forms003,out/2018/Generativos/Forms/forms003/notes.md,aspectW,aspectw,0.4,[1.2],moderate,high,"thicker flatter strokes, more brush-like (first run at 50000 points timed out; retry used count 15000 too)",true,:2,false,
2018/Generativos/Forms/forms003,out/2018/Generativos/Forms/forms003/notes.md,alpha,alpha,180,[80],moderate,high,"more transparent, lighter and hazier; black ground shows through more",true,:2,false,
2018/Generativos/Forms/forms003,out/2018/Generativos/Forms/forms003/notes.md,rotationGain,rotationgain,2,[8],moderate,high,orientations more chaotic; coherent vortices break into finer tangled scribble,true,:2,false,
2018/Generativos/Forms/forms004,out/2018/Generativos/Forms/forms004/notes.md,count,count,50000,[20000],moderate,high,"sparser fur, more black background visible between strokes",true,:2,false,
2018/Generativos/Forms/forms004,out/2018/Generativos/Forms/forms004/notes.md,gapFactor,gapfactor,0.02,[0.06],moderate,high,"looser packing, strokes longer-sparser with more gaps",true,:2,false,
2018/Generativos/Forms/forms004,out/2018/Generativos/Forms/forms004/notes.md,sizeScale,sizescale,120,[240],moderate,high,"strokes ~2x longer, spikier, bottom dominated by long blades",true,:2,false,
2018/Generativos/Forms/forms004,out/2018/Generativos/Forms/forms004/notes.md,tintAlpha,tintalpha,180,[255],subtle,low,no visible change at this density,true,:2,false,
2018/Generativos/Forms/forms004,out/2018/Generativos/Forms/forms004/notes.md,aspect,aspect,"random(4,6)","[""random(1,1.5)""]",moderate,high,"shorter near-round stamps, mottled grainy texture instead of blades",true,:2,false,
2018/Generativos/Forms/forms004,out/2018/Generativos/Forms/forms004/notes.md,pwr,pwr,"random(0.1,0.2)","[""random(0.6,0.8)""]",subtle,low,"subtle: hue shifts from rust-red to dark steel-blue, same fur structure",true,:2,false,
2018/Generativos/III,out/2018/Generativos/III/notes.md,sub,sub,"int(random(random(40, 100)))","[20,70]",large,high,"subdivision iterations: 20 = larger, sparser cells; 70 = finer, denser cells",true,:2,false,
2018/Generativos/III,out/2018/Generativos/III/notes.md,sides,sides,"pow(2, int(2+random(4)))*2 (8/16/32)",[16],large,high,fixing to 16 removes the 8/32 spike-count variation -> uniform medium-density rosettes,true,:2,false,
2018/Generativos/III,out/2018/Generativos/III/notes.md,radius,radius,"q.z*random(0.2, 0.9)","[""q.z*random(0.4, 0.95)""]",subtle,low,"slightly larger central discs, shorter spikes; cell layout unchanged",true,:2,false,
2018/Generativos/III,out/2018/Generativos/III/notes.md,colors,colors,7-col warm magenta/orange/cream set,"[""cool blue/teal/olive/tan set""]",large,high,"whole image recoloured to the new palette, geometry identical",true,:2,false,
2018/Generativos/OP/op_011,out/2018/Generativos/OP/op_011/notes.md,div,div,"random(2,10) (int 2..9)",[5],large,high,"exactly 5 bold spiral arms; triangles grow large and separated, chevron bands become thick blocks",true,:2,false,
2018/Generativos/OP/op_011,out/2018/Generativos/OP/op_011/notes.md,twist (da),twist,random(TWO_PI)*random(1),[0.02],large,high,"little per-ring rotation: few broad blocky spiral arms, coarse checkerboard texture instead of a dense whirlpool",true,:2,false,
2018/Generativos/OP/op_011,out/2018/Generativos/OP/op_011/notes.md,sizeScale (ss factor),sizescale,160,[40],large,high,"triangles 1/4 size: sparse small white triangles on black, chevron bands break apart, black background dominates",true,:2,false,
2018/Generativos/OP/op_011,out/2018/Generativos/OP/op_011/notes.md,aperture,aperture,HALF_PI*0.25,"[""HALF_PI*0.5""]",large,high,"triangle opening doubled: triangles merge into wide continuous zigzag chevron bands, banded rather than spiky",true,:2,false,
2018/Generativos/OP/op_011,out/2018/Generativos/OP/op_011/notes.md,circleScale,circlescale,width*1.42,"[""width*0.8""]",large,high,"field radius shrinks: outer triangles become huge radial bars at the edges, centre becomes a clear multi-armed fine-hatched spiral",true,:2,false,
2018/Generativos/OP/op_013,out/2018/Generativos/OP/op_013/notes.md,cw,cw,"random(8,~30); 9 at seed 42",[24],large,high,"finer 24x24 grid, motifs ~quarter size, much denser pattern",true,:2,false,
2018/Generativos/OP/op_013,out/2018/Generativos/OP/op_013/notes.md,amp,amp,"random(0.1,0.4); ~0.3 at seed 42",[0.6],moderate,high,"cell-centre dots grow to 0.6 of the cell, nearly touching the big disks",true,:2,false,
2018/Generativos/OP/op_013,out/2018/Generativos/OP/op_013/notes.md,sc,sc,"random(0.3,0.8); ~0.32 at seed 42",[0.9],large,high,cyan rings swell to 0.9 of the cell and dominate each eye,true,:2,false,
2018/Generativos/OP/op_013,out/2018/Generativos/OP/op_013/notes.md,det,det,random(0.05),[0.5],none,low,no visible change: noise value n is computed but never used (dead code),true,:2,false,
2018/Generativos/OP/op_013,out/2018/Generativos/OP/op_013/notes.md,ringWeight,ringweight,0.1,[0.3],moderate,high,"ring stroke x3: cyan annulus closes into a near-solid disc, tiny centre dot remains",true,:2,false,
2018/Generativos/OP/op_014,out/2018/Generativos/OP/op_014/notes.md,cc,cc,random 8-39 (9 for seed 42),[24],large,high,denser 24x24 mosaic of smaller gradient tiles,true,:2,false,
2018/Generativos/OP/op_014,out/2018/Generativos/OP/op_014/notes.md,walkCount,walkcount,100,[30],large,high,fewer walks leaves more plain-black unvisited cells,true,:2,false,
2018/Generativos/OP/op_014,out/2018/Generativos/OP/op_014/notes.md,turnProb,turnprob,0.25,[0.5],large,high,"more turns: orientations more shuffled, more dark cells, less white",true,:2,false,
2018/Generativos/OP/op_014,out/2018/Generativos/OP/op_014/notes.md,background,background,0,[200],none,low,"no visible change: canvas fully covered by opaque tiles, background never visible",true,:2,false,
2018/Generativos/OP/op_014,out/2018/Generativos/OP/op_014/notes.md,walkLen,walklen,200,[50],large,high,"shorter walks: more plain-black unvisited cells, sparser mosaic",true,:2,false,
2018/Generativos/OP/op_015,out/2018/Generativos/OP/op_015/notes.md,amp,amp,"random(1, 8)",[2],large,high,"lower = much flatter, near-horizontal bands; small spike artifacts where band edges cross",true,:2,false,
2018/Generativos/OP/op_015,out/2018/Generativos/OP/op_015/notes.md,det,det,random(0.01),[0.004],large,high,"lower = longer, gentler, fewer waves per band",true,:2,false,
2018/Generativos/OP/op_015,out/2018/Generativos/OP/op_015/notes.md,div,div,"int(random(4, random(8, 120)))",[30],large,high,"higher = more, thinner bands (baseline ~15, variant ~30)",true,:2,false,
2018/Generativos/OP/op_015,out/2018/Generativos/OP/op_015/notes.md,umbral,umbral,0,[0.6],large,high,"thresholds the noise: edges snap back to grid lines where noise is low, exposing black gaps between bands, spikier peaks",true,:2,false,
2018/Generativos/OP/op_015,out/2018/Generativos/OP/op_015/notes.md,c2,c2,255,[120],large,high,"darkens gradient bottom: whole image is dark greys, no pure white",true,:2,false,
2018/Generativos/OP/op_016,out/2018/Generativos/OP/op_016/notes.md,ss,ss,5,[10],moderate,high,"coarser grid, sparser and lighter texture, blobs merge less",true,:2,false,
2018/Generativos/OP/op_016,out/2018/Generativos/OP/op_016/notes.md,det,det,random(0.01),[0.002],subtle,low,"noise rescaled; blob arrangement and size shift, same overall density",true,:2,false,
2018/Generativos/OP/op_016,out/2018/Generativos/OP/op_016/notes.md,des,des,random(1000),[500],subtle,low,"noise window offset; different cluster placement, same texture density",true,:2,false,
2018/Generativos/OP/op_016,out/2018/Generativos/OP/op_016/notes.md,amp,amp,1.41,[3.0],large,high,"dots grow, dense darker blobs, stronger halftone contrast",true,:2,false,
2018/Generativos/OP/op_016,out/2018/Generativos/OP/op_016/notes.md,noiseDetail,noisedetail,2,[4],moderate,high,busier texture with finer substructure and more small clusters,true,:2,false,
2018/Generativos/OP/op_016,out/2018/Generativos/OP/op_016/notes.md,fill,fill,0 (black),"[""(200,60,60)""]",subtle,low,"identical layout, red dots instead of black",true,:2,false,
2018/Generativos/OP/op_prob1,out/2018/Generativos/OP/op_prob1/notes.md,cc,cc,30,[15],large,high,"fewer, bigger checkerboard squares; dots read as a denser fine-grain noise field over them",true,:2,false,
2018/Generativos/OP/op_prob1,out/2018/Generativos/OP/op_prob1/notes.md,dotSize,dotsize,0.2,[0.35],large,high,corner dots fill most of each cell corner; texture becomes coarse and blocky,true,:2,false,
2018/Generativos/OP/op_prob1,out/2018/Generativos/OP/op_prob1/notes.md,cornerOffset,corneroffset,0.3,[0.15],large,high,dots move from the cell corners toward the cell centre; a regular dot grid appears,true,:2,false,
2018/Generativos/OP/op_prob1,out/2018/Generativos/OP/op_prob1/notes.md,threshold,threshold,0.5,[0.65],subtle,low,a few extra dots per cell; overall look barely different,true,:2,false,
2018/Generativos/OP/op_prob1,out/2018/Generativos/OP/op_prob1/notes.md,noiseDetail,noisedetail,random(0.05),[0.01],moderate,high,dot placement correlates over many cells; dots cluster into 2x2 groups / crosses instead of looking random,true,:2,false,
2018/Generativos/aakk,out/2018/Generativos/aakk/notes.md,cc,cc,"int(random(12, 21))",[6],large,high,"fewer, much larger tiles (6x6 grid instead of ~15x15)",true,:2,false,
2018/Generativos/aakk,out/2018/Generativos/aakk/notes.md,bb,bb,ss*0.18,"[""ss*0.05""]",subtle,low,"thinner bevels, flatter checker; bevels nearly disappear",true,:2,false,
2018/Generativos/aakk,out/2018/Generativos/aakk/notes.md,alp,alp,100,[200],moderate,high,"stronger, higher-contrast bevel edges (more sunken/glossy 3D)",true,:2,false,
2018/Generativos/aakk,out/2018/Generativos/aakk/notes.md,c1,c1,int(random(4)),[0],moderate,high,bevel white/black orientation pattern shifts (now driven only by column),true,:2,false,
2018/Generativos/aakk,out/2018/Generativos/aakk/notes.md,checker green,checker green,"fill(80, 200, 0)","[""fill(200, 80, 0)""]",large,high,green tiles become orange,true,:2,false,
2018/Generativos/abstracactact,out/2018/Generativos/abstracactact/notes.md,cc,cc,"random(7, random(8, 160))",[40],large,high,"capping cell count at 40 gives finer, denser stripe bands with smaller kinks (random stream also shifts)",true,:2,false,
2018/Generativos/abstracactact,out/2018/Generativos/abstracactact/notes.md,k,k,100,[40],large,high,"fewer walks: big flat solid black/white angular areas appear, stripe coverage thinner",true,:2,false,
2018/Generativos/abstracactact,out/2018/Generativos/abstracactact/notes.md,lar,lar,"random(8, random(8, 50))",[90],large,high,"longer walks: longer, more winding bands with very fine high-frequency stripes",true,:2,false,
2018/Generativos/abstracactact,out/2018/Generativos/abstracactact/notes.md,sub,sub,"random(1, 50)",[10],large,high,"shorter stamp runs: bands become short wide stripe segments, fewer long interlocking ribbons",true,:2,false,
2018/Generativos/abstracactact,out/2018/Generativos/abstracactact/notes.md,shw,shw,40,[0],moderate,high,"pure black/white fills instead of 40/215 midtones; same structure, crisper contrast, some large solid areas",true,:2,false,
2018/Generativos/acum001,out/2018/Generativos/acum001/notes.md,gg,gg,20,[10],large,high,"halving the grid cell makes a much finer, denser mosaic; checkers and extruded blocks shrink too",true,:2,false,
2018/Generativos/acum001,out/2018/Generativos/acum001/notes.md,"ssMult (line 47 random(1,4))",ssmult,4,[8],large,high,"4x max square size: large flat beveled squares in horizontal bands, coarser checkers",true,:2,false,
2018/Generativos/acum001,out/2018/Generativos/acum001/notes.md,"ccCheck (line 58 random(2,11))",cccheck,11,[21],large,high,"finer checker sub-grids (up to 20x20 cells): granular texture, same macro composition",true,:2,false,
2018/Generativos/acum001,out/2018/Generativos/acum001/notes.md,"scatterMax (line 84 random(30,80))",scattermax,80,[200],subtle,low,no visible macro change; a few more extruded stepped blocks,true,:2,false,
2018/Generativos/acum001,out/2018/Generativos/acum001/notes.md,"extrudeMult (line 96 random(1,5))",extrudemult,5,[9],subtle,low,"longer, smoother gradient ramps on the extruded blocks",true,:2,false,
2018/Generativos/ailan,out/2018/Generativos/ailan/notes.md,cc,cc,"random(300,360)*0.8",[120],moderate,high,"coarser mesh (about 120 lines vs about 260), cells about 2x larger; discs look proportionally larger",true,:2,false,
2018/Generativos/ailan,out/2018/Generativos/ailan/notes.md,detDes,detdes,"random(0.002,0.01)*0.8",[2.4],large,high,"3x displacement distance: big folds, lines bundle into bright ridges, discs elongate",true,:2,false,
2018/Generativos/ailan,out/2018/Generativos/ailan/notes.md,detAng,detang,"random(0.002,0.01)*0.02",[0.08],large,high,"4x angle detail: fine chaotic swirls, mesh bundles into dense woven ribbons",true,:2,false,
2018/Generativos/ailan,out/2018/Generativos/ailan/notes.md,colors,colors,warm 6-colour list,"[""cool 6-colour list""]",subtle,low,discs shift from warm to cool (teal/blue/purple); grid lines stay mostly white,true,:2,false,
2018/Generativos/ailan,out/2018/Generativos/ailan/notes.md,c,c,40,[16],moderate,high,"16x16 discs about 2.5x larger (radius scales with 1/c); small random dots remain, mesh unchanged",true,:2,false,
2018/Generativos/aires,out/2018/Generativos/aires/notes.md,cw,cw,"int(random(8, 33))",[4],large,high,"fewer, much wider columns — mosaic becomes large flat colour blocks",true,:2,false,
2018/Generativos/aires,out/2018/Generativos/aires/notes.md,ch,ch,"int(random(8, 33))",[40],large,high,"more, thinner rows — finer horizontal banding",true,:2,false,
2018/Generativos/aires,out/2018/Generativos/aires/notes.md,circleCount,circlecount,30,[10],moderate,high,sparser circles; more of the banded mosaic shows through,true,:2,false,
2018/Generativos/aires,out/2018/Generativos/aires/notes.md,burstHalfAngle,bursthalfangle,"random(0.2, 0.44)","[""random(0.5, 0.9)""]",moderate,high,starburst fans widen to near half-circles around each circle,true,:2,false,
2018/Generativos/aires,out/2018/Generativos/aires/notes.md,circleSizeRange,circlesizerange,"width*random(0.05, 0.2)","[""width*random(0.02, 0.08)""]",moderate,high,circles much smaller; halos and stipple shrink with them,true,:2,false,
2018/Generativos/alfombra,out/2018/Generativos/alfombra/notes.md,circleCount,circlecount,100,[50],large,high,"fewer, larger-feeling donuts; black ground visible in uncovered areas (left band)",true,:2,false,
2018/Generativos/alfombra,out/2018/Generativos/alfombra/notes.md,bigSizeRange,bigsizerange,"width*random(0.1, 0.3)","[""width*random(0.2, 0.5)""]",moderate,high,much larger circles that tile the canvas almost completely,true,:2,false,
2018/Generativos/alfombra,out/2018/Generativos/alfombra/notes.md,innerSizeRange,innersizerange,"s*random(0.2, 0.6)","[""s*random(0.5, 0.9)""]",moderate,high,"thinner rings; donuts read as near-solid discs, more saturated",true,:2,false,
2018/Generativos/alfombra,out/2018/Generativos/alfombra/notes.md,hairLayers,hairlayers,16,[8],moderate,high,"fainter, lighter felt texture; colours washed out, lower contrast",true,:2,false,
2018/Generativos/alfombra,out/2018/Generativos/alfombra/notes.md,hairAlpha,hairalpha,80,[160],moderate,high,"denser, darker hair layer; more saturated colours, darker ground between circles",true,:2,false,
2018/Generativos/alfombra,out/2018/Generativos/alfombra/notes.md,noiseColor,noisecolor,,,,unscored,,true,:2,false,
2018/Generativos/alfombra,out/2018/Generativos/alfombra/notes.md,hairGrid,hairgrid,,,,unscored,,true,:2,false,
2018/Generativos/alfombra,out/2018/Generativos/alfombra/notes.md,scatterDots,scatterdots,,,,unscored,,true,:2,false,
2018/Generativos/arabe,out/2018/Generativos/arabe/notes.md,sub,sub,"int(random(1,8))",[7],moderate,high,"fixing the step count reshuffles the random stream: coarser, smoother mosaic, faint checker",true,:2,false,
2018/Generativos/arabe,out/2018/Generativos/arabe/notes.md,checkerDiv,checkerdiv,"int(random(2,16))","[32,2]",moderate,high,32 = fine near-noise checker in subdivided patches; 2 = coarse 2x2 check per tile,true,:2,false,
2018/Generativos/arabe,out/2018/Generativos/arabe/notes.md,checkerAlpha,checkeralpha,90,[255],moderate,high,opaque checker hides diagonal tile fills; canvas becomes a high-contrast fine pixel mosaic,true,:2,false,
2018/Generativos/arabe,out/2018/Generativos/arabe/notes.md,palette,palette,"#F19617,#251207,#15727F,#CEAB81,#BD3E36","[""#15727F,#7D57C6,#3DC1CD,#F72C11,#FACD00""]",moderate,high,same layout; teal/purple/red/ochre replaces warm-brown dominance,true,:2,false,
2018/Generativos/araniaaas,out/2018/Generativos/araniaaas/notes.md,cc,cc,"int(random(80, 500)*random(1))","[""int(random(80, 160)*random(1))""]",moderate,high,"fewer, larger triangles; bolder black web",true,:2,false,
2018/Generativos/araniaaas,out/2018/Generativos/araniaaas/notes.md,amp1,amp1,"random(1)*random(0.06, 0.1)","[""random(1)*random(0.3, 0.4)""]",large,high,"much larger white centre holes, shorter thinner internal web lines",true,:2,false,
2018/Generativos/araniaaas,out/2018/Generativos/araniaaas/notes.md,amp2,amp2,amp1*random(0.25),"[""amp1*random(0.8)""]",subtle,low,edge-midpoint insets shift slightly; otherwise nearly identical,true,:2,false,
2018/Generativos/araniaaas,out/2018/Generativos/araniaaas/notes.md,palette,palette,"#FF3E6D,#2C50FE,#F9FF60,#D036E9,#23778A","[""#1B3BFF,#4A7BFF,#7FA8FF,#B3C9FF,#23778A""]",moderate,high,same structure in monochrome blues/teal plus white,true,:2,false,
2018/Generativos/araniaaas,out/2018/Generativos/araniaaas/notes.md,gradientColor,gradientcolor,255,[120],large,high,"per-triangle gradient fades to grey instead of white; darker, murkier, pastel look lost",true,:2,false,
2018/Generativos/araniaaas,out/2018/Generativos/araniaaas/notes.md,bb,bb,300,[50],large,high,points no longer spill past the canvas; white border around the composition instead of full-bleed,true,:2,false,
2018/Generativos/arbolito,out/2018/Generativos/arbolito/notes.md,cc,cc,1800,[400],large,high,"fewer trees: sparse grove with large black gaps, colour patches unchanged",true,:2,false,
2018/Generativos/arbolito,out/2018/Generativos/arbolito/notes.md,totalIte,totalite,15,[10],moderate,high,"shallower recursion: shorter, stubbier trees, finer tops lost",true,:2,false,
2018/Generativos/arbolito,out/2018/Generativos/arbolito/notes.md,det,det,0.005,[0.001],moderate,high,"lower = larger, smoother, more continuous colour patches",true,:2,false,
2018/Generativos/arbolito,out/2018/Generativos/arbolito/notes.md,branchProb,branchprob,0.8,[0.5],large,high,"lower = visibly sparser, more open branches, more black showing through",true,:2,false,
2018/Generativos/arbolito,out/2018/Generativos/arbolito/notes.md,alpha,alpha,240,[120],moderate,high,"lower = darker, thinner, more see-through, muted colour",true,:2,false,
2018/Generativos/arbolito,out/2018/Generativos/arbolito/notes.md,strokeWeightFactor,strokeweightfactor,8,[2],moderate,high,"lower = hairline strokes, finer, lighter overall",true,:2,false,
2018/Generativos/arbolito2,out/2018/Generativos/arbolito2/notes.md,cc,cc,1800,[400],large,high,far sparser forest; individual trees separated by black ground instead of a merged full-bleed mass,true,:2,false,
2018/Generativos/arbolito2,out/2018/Generativos/arbolito2/notes.md,totalIte,totalite,18,[10],large,high,"shallower recursion; finer, grass-like strokes and smaller, less bushy canopies",true,:2,false,
2018/Generativos/arbolito2,out/2018/Generativos/arbolito2/notes.md,det,det,0.005,[0.015],moderate,high,"finer noise-driven colour mottling; denser, more uniform red with smaller green/indigo patches",true,:2,false,
2018/Generativos/arbolito2,out/2018/Generativos/arbolito2/notes.md,strokeScale (8*str),strokescale,8,[2],moderate,high,"thinner, more delicate strokes; more black ground shows between branches",true,:2,false,
2018/Generativos/arbolito2,out/2018/Generativos/arbolito2/notes.md,sizeBase (500-60*(1-val)),sizebase,500,[200],large,high,much smaller trees; more distinct individual trees with clearer red/green/indigo separation,true,:2,false,
2018/Generativos/arbolito3,out/2018/Generativos/arbolito3/notes.md,cc,cc,2500,[800],moderate,high,"fewer trees = sparser field, individual clumps visible, orange background shows through",true,:2,false,
2018/Generativos/arbolito3,out/2018/Generativos/arbolito3/notes.md,det,det,0.005,[0.002],large,high,"lower = larger, smoother colour regions; individual branching trees read as distinct shapes",true,:2,false,
2018/Generativos/arbolito3,out/2018/Generativos/arbolito3/notes.md,branchAlpha,branchalpha,240,[80],moderate,high,"smallest change of the set; overall same look, slightly more background showing through",true,:2,false,
2018/Generativos/arbolito3,out/2018/Generativos/arbolito3/notes.md,errAng,errang,0.09,[0.3],moderate,high,"higher = thinner, more vertical grass-like strokes, more visible tip dots",true,:2,false,
2018/Generativos/arbolito3,out/2018/Generativos/arbolito3/notes.md,totalIte,totalite,14,[8],large,high,"lower = much shorter, coarser strokes, sparse with lots of background",true,:2,false,
2018/Generativos/arbolito4,out/2018/Generativos/arbolito4/notes.md,cc,cc,120,[40],moderate,high,"fewer trees: sparser field, individual trees clearly separated, some reduced to bare trunks",true,:2,false,
2018/Generativos/arbolito4,out/2018/Generativos/arbolito4/notes.md,totalIte,totalite,8,[12],large,high,"deeper recursion: much denser, busier field with dark clumped canopies",true,:2,false,
2018/Generativos/arbolito4,out/2018/Generativos/arbolito4/notes.md,s (tree size),s,200-60*(1-val),"[""400-60*(1-val)""]",large,high,"larger trees: bigger, more overlapping, covers more of the canvas",true,:2,false,
2018/Generativos/arbolito4,out/2018/Generativos/arbolito4/notes.md,strokeWeight scale,strokeweight scale,8,[20],moderate,high,"thicker trunks and branches, same density",true,:2,false,
2018/Generativos/arbolito4,out/2018/Generativos/arbolito4/notes.md,ea (spread),ea,"random(0.4, 0.6)","[""random(0.8, 1.0)""]",moderate,high,"wider branch spread: bushier, more open fanning silhouettes",true,:2,false,
2018/Generativos/arc,out/2018/Generativos/arc/notes.md,c,c,"random(18, 45)","[""random(18, 45)*3""]",subtle,low,denser line grid; composition otherwise unchanged,true,:2,false,
2018/Generativos/arc,out/2018/Generativos/arc/notes.md,rings,rings,12,[4],moderate,high,"fewer rings -> smaller, sparser centre flower, more background shows",true,:2,false,
2018/Generativos/arc,out/2018/Generativos/arc/notes.md,cc,cc,"int(random(38, 90)*4)","[""int(random(38, 90))""]",large,high,"4x fewer slabs per ring -> sparse, separated, coarser spikes",true,:2,false,
2018/Generativos/arc,out/2018/Generativos/arc/notes.md,size,size,width*0.3*random(2),"[""width*0.3*random(2)*2""]",large,high,"ring radius doubled -> burst much larger, fans reach the corners",true,:2,false,
2018/Generativos/arc,out/2018/Generativos/arc/notes.md,w,w,"random(30, 60)*0.6","[""random(30, 60)""]",moderate,high,"slabs ~1.7x wider -> denser/blockier fans, less needle-like",true,:2,false,
2018/Generativos/arc,out/2018/Generativos/arc/notes.md,fov,fov,"PI/random(1.4, 1.9)","[""PI/random(0.7, 0.9)""]",large,high,"wider FOV -> strong perspective, grid curved/stretched, burst pushed to edges",true,:2,false,
2018/Generativos/azulejos,out/2018/Generativos/azulejos/notes.md,subw,subw,1-99,"[""1-4""]",large,high,fewer horizontal splits -> blocks span nearly full width; image becomes horizontal bands of different grain,true,:2,false,
2018/Generativos/azulejos,out/2018/Generativos/azulejos/notes.md,subh,subh,1-49,"[""1-4""]",large,high,fewer vertical splits -> blocks span nearly full height; image becomes vertical strips,true,:2,false,
2018/Generativos/azulejos,out/2018/Generativos/azulejos/notes.md,sca,sca,"{1,2,4,8}","[""{1,2}""]",large,high,"no fine blocks; every block filled at 1x/2x resolution, whole image coarser",true,:2,false,
2018/Generativos/azulejos,out/2018/Generativos/azulejos/notes.md,accentProb,accentprob,0.2,[0.7],large,high,"many more cells get the small offset accent square; busier, more 'ringed' texture",true,:2,false,
2018/Generativos/azulejos,out/2018/Generativos/azulejos/notes.md,stippleAlpha,stipplealpha,30,[200],none,low,no visible change: stipple layer is drawn under the opaque mosaic and only a thin margin shows,true,:2,false,
2018/Generativos/ba_o,out/2018/Generativos/ba_o/notes.md,sub,sub,"random(12, 80)","[20,70]",moderate,high,"20 = coarser, fewer larger panels covering the canvas; 70 = finer busier mosaic with white showing between cells",true,:2,false,
2018/Generativos/ba_o,out/2018/Generativos/ba_o/notes.md,strokeWeight,strokeweight,0.8,[2.0],moderate,high,"thicker, more visible dark wireframe cube outlines; scene otherwise the same",true,:2,false,
2018/Generativos/ba_o,out/2018/Generativos/ba_o/notes.md,planeAlpha,planealpha,"random(8, 18)",[60],moderate,high,"washed-out pastel result, paler overlaps, larger white areas",true,:2,false,
2018/Generativos/ba_o,out/2018/Generativos/ba_o/notes.md,fovVal,fovval,3,[1.5],large,high,"wide-angle view: central cluster enlarged, more outer boxes at the edges, stronger perspective distortion",true,:2,false,
2018/Generativos/ba_o,out/2018/Generativos/ba_o/notes.md,ccScale,ccscale,"random(0.1, 0.9)",[0.3],large,high,"fewer planes per box: sparser colour fill, wireframe structure more visible",true,:2,false,
2018/Generativos/baclares,out/2018/Generativos/baclares/notes.md,cc,cc,"random(8, random(30))",[12],large,high,"fewer, larger cells; node positions and colours differ (random stream shifts); composition still a scattered starburst mosaic",true,:2,false,
2018/Generativos/baclares,out/2018/Generativos/baclares/notes.md,wedgePairs,wedgepairs,3,[6],large,high,double the wedge-sector pairs per node; denser busier starbursts; node positions also differ (random stream shifts),true,:2,false,
2018/Generativos/baclares,out/2018/Generativos/baclares/notes.md,wedgeSize,wedgesize,ss*10,"[""ss*20""]",subtle,low,"same nodes; wedges extend slightly further out, canvas edges gain a few longer slices",true,:2,false,
2018/Generativos/baclares,out/2018/Generativos/baclares/notes.md,haloAlpha,haloalpha,20,[60],subtle,low,"same nodes; the big faint halo discs around each node are slightly more visible, tinting nearby background",true,:2,false,
2018/Generativos/baclares,out/2018/Generativos/baclares/notes.md,discScale,discscale,ss*3,"[""ss*6""]",moderate,high,"same node positions; the outer disc ring of each target is twice as wide, making the targets read as bolder concentric rings",true,:2,false,
2018/Generativos/balls,out/2018/Generativos/balls/notes.md,count,count,1000,[300],large,high,"sparser: pale background visible in many gaps, shapes read individually instead of as a dense field",true,:2,false,
2018/Generativos/balls,out/2018/Generativos/balls/notes.md,capsuleAngle,capsuleangle,PI*0.3,"[""PI*0.1""]",moderate,high,"capsules tilt shallower (18 deg vs 54 deg), diagonal bands run flatter across the canvas",true,:2,false,
2018/Generativos/balls,out/2018/Generativos/balls/notes.md,capsuleLenScale,capsulelenscale,random(0.8),"[""random(0.3)""]",moderate,high,capsules become short stubby pills/dashes; the long parallel bands of the baseline disappear,true,:2,false,
2018/Generativos/balls,out/2018/Generativos/balls/notes.md,capsuleWidthFactor,capsulewidthfactor,random(0.3),"[""random(0.6)""]",moderate,high,capsules noticeably thicker/chunkier relative to their length,true,:2,false,
2018/Generativos/balls,out/2018/Generativos/balls/notes.md,discSizeScale,discsizescale,random(0.5),"[""random(0.25)""]",moderate,high,circles all about half the size; composition shifts to a field of small discs with the same capsules,true,:2,false,
2018/Generativos/balls,out/2018/Generativos/balls/notes.md,rimAlpha,rimalpha,16,[80],none,low,no visible change: the faint dark ring around discs stays barely visible even at 5x alpha,true,:2,false,
2018/Generativos/balls,out/2018/Generativos/balls/notes.md,palettePick,palettepick,,,,unscored,,true,:2,false,
2018/Generativos/basic,out/2018/Generativos/basic/notes.md,cc,cc,5..50,"[""15..25""]",subtle,low,finer ~16x16 grid; shapes shrink and land in different cells,true,:2,false,
2018/Generativos/basic,out/2018/Generativos/basic/notes.md,gridStrokeAlpha,gridstrokealpha,12,[90],none,low,no visible change per score; grid lines only fractionally darker,true,:2,false,
2018/Generativos/basic,out/2018/Generativos/basic/notes.md,ccc,ccc,2..cc^1.4,"[""2..6*cc^1.4""]",subtle,low,"still two visible sectors, with different orientations/gradients",true,:2,false,
2018/Generativos/basic,out/2018/Generativos/basic/notes.md,sweepQuanta,sweepquanta,0..3 quarter turns,"[""0..7 quarter turns""]",subtle,low,"sectors take different sweeps; one near-invisible, one a half-disc",true,:2,false,
2018/Generativos/basic,out/2018/Generativos/basic/notes.md,colors,colors,pink/teal/blue 5-colour list,"[""grey/blue/orange 5-colour list""]",moderate,high,light-grey background; sectors become navy/grey-blue and orange/blue-grey,true,:2,false,
2018/Generativos/bbballs,out/2018/Generativos/bbballs/notes.md,count,count,"random(10000)*random(0.1,1)","[""random(10000)*random(0.1,0.25)""]",large,high,"far fewer circles; large sparsely scattered discs, lots of empty background",true,:2,false,
2018/Generativos/bbballs,out/2018/Generativos/bbballs/notes.md,sizeExponent,sizeexponent,0.8,[2.0],large,high,"circles much larger on average; canvas nearly fully covered, very few tiny dots",true,:2,false,
2018/Generativos/bbballs,out/2018/Generativos/bbballs/notes.md,sectorRoll,sectorroll,random(5),"[""random(2)""]",large,high,only 2-sector (halved) and solid discs; no quartered discs,true,:2,false,
2018/Generativos/bbballs,out/2018/Generativos/bbballs/notes.md,haloAlpha,haloalpha,8,[30],subtle,low,faint grey halo behind each disc slightly more visible; otherwise same,true,:2,false,
2018/Generativos/bbballs,out/2018/Generativos/bbballs/notes.md,palette,palette,10-colour warm/mixed list,"[""5-colour cool list""]",large,high,"same composition, recoloured navy/steel/light-blue/off-white/red",true,:2,false,
2018/Generativos/bbnn,out/2018/Generativos/bbnn/notes.md,sub,sub,int(random(10000)),[200],moderate,high,"fewer subdivision iterations -> coarser, larger tiles; mosaic smaller/sparser, dominated by a few large solid blocks in the upper-left",true,:2,false,
2018/Generativos/bbnn,out/2018/Generativos/bbnn/notes.md,ms_factor,ms factor,0.4999,[0.5],subtle,low,0.4999->0.5 removes the thin grid gaps; faces meet exactly and reveal 3D overlap/edge thickness (z-fighting) on the right edge,true,:2,false,
2018/Generativos/bbnn,out/2018/Generativos/bbnn/notes.md,palette,palette,bright 5-color,"[""night 5-color""]",moderate,high,"swap to the dark blue/gray/black night palette; same layout, all tiles recoloured",true,:2,false,
2018/Generativos/bbnn,out/2018/Generativos/bbnn/notes.md,camz,camz,-width*3,"[""-width*1""]",none,low,no visible change; orthographic projection is insensitive to camera distance,true,:2,false,
2018/Generativos/bbnn,out/2018/Generativos/bbnn/notes.md,init_size,init size,"width*random(1,3)","[""width*0.5""]",moderate,high,"half initial size -> smaller mosaic compacted to the upper-left, more visible 3D depth and z-fighting/flicker on the faces",true,:2,false,
2018/Generativos/blobs,out/2018/Generativos/blobs/notes.md,cc,cc,3,[5],large,high,"control points per blob; more = rounder, softer petal-like outlines",true,:2,false,
2018/Generativos/blobs,out/2018/Generativos/blobs/notes.md,blobCount,blobcount,400,[100],large,high,"number of blobs; fewer = sparser field, more background shows through",true,:2,false,
2018/Generativos/blobs,out/2018/Generativos/blobs/notes.md,sizeRange,sizerange,0.02-0.2,0.1-0.4,large,high,"per-blob size as fraction of width; larger = bigger blobs, heavier overlap, fuller coverage",true,:2,false,
2018/Generativos/blobs,out/2018/Generativos/blobs/notes.md,dd,dd,1.4,[2.2],moderate,high,shadow offset scale about blob center; larger = bigger dark echo behind each blob,true,:2,false,
2018/Generativos/blobs,out/2018/Generativos/blobs/notes.md,amp,amp,0.6,[2.0],subtle,low,colour oscillation amplitude; higher = wider hue sweep around a blob (barely visible),true,:2,false,
2018/Generativos/bordis,out/2018/Generativos/bordis/notes.md,cc,cc,"int(random(160,180)*1.2)",[60],,unscored,TBD,true,:2,false,
2018/Generativos/bordis,out/2018/Generativos/bordis/notes.md,walkers,walkers,120,[40],,unscored,TBD,true,:2,false,
2018/Generativos/bordis,out/2018/Generativos/bordis/notes.md,det,det,"random(0.004,0.012)*0.7","[""*2.0""]",,unscored,TBD,true,:2,false,
2018/Generativos/bordis,out/2018/Generativos/bordis/notes.md,lineAlpha,linealpha,180,[60],,unscored,TBD,true,:2,false,
2018/Generativos/bordis,out/2018/Generativos/bordis/notes.md,dotAlpha,dotalpha,40,[100],,unscored,TBD,true,:2,false,
2018/Generativos/bordis,out/2018/Generativos/bordis/notes.md,palette,palette,7-col warm/cool,"[""5-col blue/red alt""]",,unscored,TBD,true,:2,false,
2018/Generativos/botons,out/2018/Generativos/botons/notes.md,sub,sub,int(random(1000)),[],,unscored,,true,:2,false,
2018/Generativos/bububu,out/2018/Generativos/bububu/notes.md,cellAttempts,cellattempts,30000,[6000],none,low,"no visible change; packing saturates well before 30000 attempts, same cells accepted",true,:2,false,
2018/Generativos/bububu,out/2018/Generativos/bububu/notes.md,cellSizeMax,cellsizemax,0.6,[0.15],large,high,"max cell size as fraction of width; 0.15 removes the giant circles, leaves only small/medium clusters, more uniform texture",true,:2,false,
2018/Generativos/bububu,out/2018/Generativos/bububu/notes.md,det,det,random(0.01)*random(1),[0.001],moderate,high,"noise scale of the displacement field; lower = field varies faster in space, dots scatter less, clusters rounder and more compact",true,:2,false,
2018/Generativos/bububu,out/2018/Generativos/bububu/notes.md,displaceDist,displacedist,300,[60],large,high,"max noise displacement distance; 60 keeps small dots hugging their cells, clean round halo clusters instead of fuzzy silhouettes",true,:2,false,
2018/Generativos/bububu,out/2018/Generativos/bububu/notes.md,pointAttempts,pointattempts,100000,[20000],large,high,"inner packing attempts per cell; 20000 leaves clusters visibly sparser, more gray ground between dots",true,:2,false,
2018/Generativos/bububu,out/2018/Generativos/bububu/notes.md,background,background,80,[230],large,high,background gray level; 230 inverts the figure/ground to a light gray field (composition unchanged),true,:2,false,
2018/Generativos/candela,out/2018/Generativos/candela/notes.md,n_points,n points,100,[250],large,high,"more dot chains, rings and endpoint dots; canvas fully filled, no empty black areas",true,:2,false,
2018/Generativos/candela,out/2018/Generativos/candela/notes.md,tri_alpha,tri alpha,30,[120],moderate,high,"white Delaunay mesh clearly visible; whole image brightened/washed out, dot chains unchanged",true,:2,false,
2018/Generativos/candela,out/2018/Generativos/candela/notes.md,tri_stroke_alpha,tri stroke alpha,4,[60],none,low,"no visible change per score; only a faint thin black wireframe just perceptible (1px lines, ~1.3% of pixels)",true,:2,false,
2018/Generativos/candela,out/2018/Generativos/candela/notes.md,wire_steps_mult,wire steps mult,3,[10],large,high,beaded chains merge into smooth thick ribbons; endpoint dots read as large solid circles,true,:2,false,
2018/Generativos/candela,out/2018/Generativos/candela/notes.md,maxSize,maxsize,"[20,90]","[[20,200]]",large,high,"dots become huge overlapping blobs; wire structure mostly lost, composition blob-like",true,:2,false,
2018/Generativos/candela,out/2018/Generativos/candela/notes.md,colors,colors,"F8F8F9,FE3B00,7233A6,0601FE,000000","[""FFFFFF,FFC930,F58B3F,395942,212129""]",large,high,"same structure, warm yellow/orange/green palette replaces white/red/blue/black",true,:2,false,
2018/Generativos/candy,out/2018/Generativos/candy/notes.md,packFactor,packfactor,0.48,[],none,low,,true,:2,false,
2018/Generativos/capasAni,out/2018/Generativos/capasAni/notes.md,cc,cc,"random(1,50)",[8],large,high,"coarse grid: big overlapping discs tile the whole canvas in a regular clover-like pattern, grid dots prominent",true,:2,true,
2018/Generativos/capasAni,out/2018/Generativos/capasAni/notes.md,fishCount,fishcount,80,[300],subtle,low,many more small comet trails scattered over the canvas; large arcs and overall tone unchanged,true,:2,true,
2018/Generativos/capasAni,out/2018/Generativos/capasAni/notes.md,fishSize,fishsize,random(200),[400],subtle,low,trails become thicker and chunkier; composition unchanged,true,:2,true,
2018/Generativos/capasAni,out/2018/Generativos/capasAni/notes.md,arcAlpha,arcalpha,120,[255],large,high,big discs become strong opaque pastel masses covering most of the canvas; trails barely visible,true,:2,true,
2018/Generativos/capasAni,out/2018/Generativos/capasAni/notes.md,veil,veil,"fill(0,20)",[120],subtle,low,overall slightly darker; trails a touch less visible,true,:2,true,
2018/Generativos/caramel,out/2018/Generativos/caramel/notes.md,cc,cc,random(random(200000)),[60000],large,high,"fewer attempts -> sparser dot field, large empty brown areas",true,:2,false,
2018/Generativos/caramel,out/2018/Generativos/caramel/notes.md,maxSizeFrac,maxsizefrac,0.3,[0.6],large,high,"width*random(maxSizeFrac): bigger circles, canvas nearly fully covered by large dots",true,:2,false,
2018/Generativos/caramel,out/2018/Generativos/caramel/notes.md,gapFactor,gapfactor,0.6,[1.5],moderate,high,"(ss+p.z)*gapFactor rejection: wider minimum gap -> circles spaced further apart, diagonal shadow bands more visible",true,:2,false,
2018/Generativos/caramel,out/2018/Generativos/caramel/notes.md,shadowLen,shadowlen,3,[8],none,low,sx/sy multiplier for shadow tails: no visible change; opaque circles painted over the shadow region,true,:2,false,
2018/Generativos/caramel,out/2018/Generativos/caramel/notes.md,shadowAlpha,shadowalpha,20,[90],none,low,alpha of first shadow parallelogram: no visible change at this scale,true,:2,false,
2018/Generativos/caramelo,out/2018/Generativos/caramelo/notes.md,dustMaxRelSize,dustmaxrelsize,0.02,[0.06],subtle,low,background dust arcs up to 3x larger; circle layout unchanged,true,:2,false,
2018/Generativos/caramelo,out/2018/Generativos/caramelo/notes.md,packMaxRelRadius,packmaxrelradius,0.5,[0.25],large,high,"no giant circles; denser field of many smaller, more uniform candies",true,:2,false,
2018/Generativos/caramelo,out/2018/Generativos/caramelo/notes.md,wedgeCountMax,wedgecountmax,4,[11],large,high,up to 11 glow wedges per circle; big translucent glows wash the whole image out,true,:2,false,
2018/Generativos/caramelo,out/2018/Generativos/caramelo/notes.md,nestedMaxRelSize,nestedmaxrelsize,0.2,[0.35],large,high,"inner dots up to 35% of parent size; sparser, chunkier dot clusters",true,:2,false,
2018/Generativos/caramelo,out/2018/Generativos/caramelo/notes.md,palette,palette,9 colours (warm+cool),"[""5 cool colours""]",large,high,cool-only image (navy/purple/blue/sky/off-white); background becomes sky blue,true,:2,false,
2018/Generativos/cardu,out/2018/Generativos/cardu/notes.md,count,count,200000,[50000],large,high,field thins to a sparse band; individual dots/slivers and the cube's near edge become distinct,true,:2,false,
2018/Generativos/cardu,out/2018/Generativos/cardu/notes.md,sizeMul,sizemul,5,[15],large,high,"3x bigger dots stop blending into texture; canvas becomes confetti of separate coloured ellipses, near-black background mostly covered",true,:2,false,
2018/Generativos/cardu,out/2018/Generativos/cardu/notes.md,alpha,alpha,180,[60],large,high,field much dimmer; colour zones persist but the whole image is darker and the black background shows through,true,:2,false,
2018/Generativos/cardu,out/2018/Generativos/cardu/notes.md,noisedetail,noisedetail,0.001,[0.02],large,high,"coarser noise: wider, smoother colour regions (large gold/white/teal zones) and clumped, larger dots instead of fine even speckle",true,:2,false,
2018/Generativos/cardu,out/2018/Generativos/cardu/notes.md,zrange,zrange,480,[40],large,high,"points compressed into a thin slab; the cube reads as a dense flat sheet/band with soft edges, texture more uniform",true,:2,false,
2018/Generativos/caritas,out/2018/Generativos/caritas/notes.md,cc,cc,"random(80,300)",[300],large,high,"denser stacking; since yy is mapped over cc, every row remaps — more layers and more visible faces",false,:2,true,non-deterministic baseline; only large changes are reliable
2018/Generativos/caritas,out/2018/Generativos/caritas/notes.md,fillAlpha,fillalpha,240,[120],none,low,"no visible change — line 49 fill(rcol(), 240) is dead code: arc2() resets the fill per strip (lines 89/92) before it is ever used",false,:2,true,non-deterministic baseline; only large changes are reliable
2018/Generativos/caritas,out/2018/Generativos/caritas/notes.md,des,des,random(1000),"[""random(10)""]",large,high,"smoother noise field: dome sizes vary coherently over larger areas, larger flatter domes",false,:2,true,non-deterministic baseline; only large changes are reliable
2018/Generativos/caritas,out/2018/Generativos/caritas/notes.md,spread,spread,height*1.6,"[""height*0.8""]",large,high,"rows compressed into top 80% of height: much denser vertical packing, more overlap layers per column",false,:2,true,non-deterministic baseline; only large changes are reliable
2018/Generativos/caritas,out/2018/Generativos/caritas/notes.md,baseSize,basesize,width*random(0.6),"[""width*random(0.3)""]",large,high,"smaller, more numerous domes; less overlap so several complete faces are visible",false,:2,true,non-deterministic baseline; only large changes are reliable
2018/Generativos/carto001,out/2018/Generativos/carto001/notes.md,cc,cc,"int(random(8, 33)) (~16 cells at seed 42)",[32],moderate,high,"finer grid: smaller cells, thinner walks, denser overall pattern; stippled patches shrink to near-invisibility",true,:2,false,
2018/Generativos/carto001,out/2018/Generativos/carto001/notes.md,sub,sub,5,[10],none,low,no visible change - halving the sub-cell size leaves patch coverage looking the same,true,:2,false,
2018/Generativos/carto001,out/2018/Generativos/carto001/notes.md,det,det,random(0.01),"[""random(0.002)""]",none,low,no visible change at seed 42 despite 5x smaller noise scale,true,:2,false,
2018/Generativos/carto001,out/2018/Generativos/carto001/notes.md,noiseMaxFraction,noisemaxfraction,0.5,[1.5],subtle,low,"noise-sized squares ~3x larger, stippled patches read denser and coarser; dot lattice and walks unchanged",true,:2,false,
2018/Generativos/carto001,out/2018/Generativos/carto001/notes.md,walkStepsFactor,walkstepsfactor,0.04,[0.15],subtle,low,"walks ~4x longer, more connected, denser diagonal crosshatch coverage; other layers unchanged",true,:2,false,
2018/Generativos/carto002,out/2018/Generativos/carto002/notes.md,cc,cc,32,[16],moderate,high,"coarser grid; every layer (grid lines, diamonds, walk steps) scales up ~2x, reads as zoomed-in version",true,:2,false,
2018/Generativos/carto002,out/2018/Generativos/carto002/notes.md,sub,sub,5,[10],none,low,no visible change; the noise-mottled subgrid is too faint to affect the overall look,true,:2,false,
2018/Generativos/carto002,out/2018/Generativos/carto002/notes.md,walkSteps (cc*cc*factor),walksteps,0.04,[0.1],moderate,high,"walks ~2.5x longer; denser, longer continuous zig-zag paths",true,:2,false,
2018/Generativos/carto002,out/2018/Generativos/carto002/notes.md,diamondCount,diamondcount,40,[80],subtle,low,"twice as many scattered diamonds, more overlaps, same size distribution",true,:2,false,
2018/Generativos/carto002,out/2018/Generativos/carto002/notes.md,"bgGridAlpha (fill(0,a))",bggridalpha,20,[80],large,high,"background grid rects much darker; overall canvas tone drops, grid and white squares clearly visible",true,:2,false,
2018/Generativos/carto002,out/2018/Generativos/carto002/notes.md,walkWeight (ss*factor),walkweight,0.04,[0.1],subtle,low,"walk lines ~2.5x thicker; same layout, bolder line network",true,:2,false,
2018/Generativos/carto003,out/2018/Generativos/carto003/notes.md,cc,cc,32,[16],moderate,high,"coarser 16-cell grid: cells, diamonds and walk steps double, line web sparser",true,:2,false,
2018/Generativos/carto003,out/2018/Generativos/carto003/notes.md,sub,sub,5,[10],none,low,no visible change; only sub-pixel noise-dot size varies,true,:2,false,
2018/Generativos/carto003,out/2018/Generativos/carto003/notes.md,det,det,0.01,[0.002],none,low,no visible change (score mean 0.0); noise dots stay <=2px,true,:2,false,
2018/Generativos/carto003,out/2018/Generativos/carto003/notes.md,walkCount,walkcount,100,[25],moderate,high,"sparser meandering line web, all else identical",true,:2,false,
2018/Generativos/carto003,out/2018/Generativos/carto003/notes.md,diamondCount,diamondcount,40,[10],subtle,low,fewer scattered diamonds; web and grid unchanged,true,:2,false,
2018/Generativos/carto004,out/2018/Generativos/carto004/notes.md,cc,cc,32,[64],large,high,"halves cell size; grid, diamonds, hatch, quadtree cells all at half scale — finer, denser texture",true,:2,false,
2018/Generativos/carto004,out/2018/Generativos/carto004/notes.md,det,det,random(0.01),"[""random(0.003)""]",none,low,no visible change; pixel-identical — noise speckle layer rounds to 0px at this seed,true,:2,false,
2018/Generativos/carto004,out/2018/Generativos/carto004/notes.md,subs,subs,"random(8,91)",[180],moderate,high,"denser quadtree: many more, smaller black-outlined rects and faint rings; earlier layers unchanged",true,:2,false,
2018/Generativos/carto004,out/2018/Generativos/carto004/notes.md,diamondCount,diamondcount,80,[40],moderate,high,sparser diamond scatter; fewer random() calls also shift the quadtree layout,true,:2,false,
2018/Generativos/carto004,out/2018/Generativos/carto004/notes.md,walkSteps,walksteps,(cc*cc)*0.04,"[""(cc*cc)*0.16""]",large,high,4x denser grey diagonal hatch covering the canvas; quadtree layout also shifts (random sequence),true,:2,false,
2018/Generativos/ccss,out/2018/Generativos/ccss/notes.md,count,count,2000,[5000],large,high,"busier, denser mosaic with more overlapping blocks",true,:2,false,
2018/Generativos/ccss,out/2018/Generativos/ccss/notes.md,sizeExpMax,sizeexpmax,9,[6],moderate,high,"no sub-30px blocks; larger, more legible blocks and subdivided regions",true,:2,false,
2018/Generativos/ccss,out/2018/Generativos/ccss/notes.md,subWMax,subwmax,20,[6],large,high,"chunkier cells, coarser patchwork instead of fine grain",true,:2,false,
2018/Generativos/ccss,out/2018/Generativos/ccss/notes.md,stripeAlpha,stripealpha,random(200)*random(1),"[""random(200)""]",large,high,"darker, more prominent black stripes across blocks",true,:2,false,
2018/Generativos/ccss,out/2018/Generativos/ccss/notes.md,lightAlpha,lightalpha,6,[100],none,low,no visible change,true,:2,false,
2018/Generativos/cells,out/2018/Generativos/cells/notes.md,count,count,1000,"[250,3000]",large,high,"fewer = separated soft disks with visible dark cores and more background showing; more = denser, busier, stronger dark navy smudges",true,:2,false,
2018/Generativos/cells,out/2018/Generativos/cells/notes.md,maxsize,maxsize,0.4,[0.15],large,high,smaller max blob size turns the field into small soft dots over a visible cream background,true,:2,false,
2018/Generativos/cells,out/2018/Generativos/cells/notes.md,alphaMax,alphamax,250,[80],moderate,high,"same composition but paler, lower-contrast, washed-out",true,:2,false,
2018/Generativos/cells,out/2018/Generativos/cells/notes.md,palette,palette,"[""#121435"",""#FAF9F0"",""#EDEBCA"",""#FF5722""]","[""#0D1B2A"",""#E0E1DD"",""#1B9AAA"",""#776DAF""]",large,high,identical structure recolored to cool teal/purple/gray-blue,true,:2,false,
2018/Generativos/chea02,out/2018/Generativos/chea02/notes.md,nSegments,nsegments,60,[20],large,high,"fewer segments = much sparser web; individual curves and concentric rings become visible, large empty areas",true,:2,false,
2018/Generativos/chea02,out/2018/Generativos/chea02/notes.md,lineAlpha,linealpha,10,[100],none,low,no visible change - the faint straight base lines contribute almost nothing either way,true,:2,false,
2018/Generativos/chea02,out/2018/Generativos/chea02/notes.md,stepDensity,stepdensity,2,[8],moderate,high,"4x more steps per segment = thicker, denser, more saturated ribbons, same overall composition",true,:2,false,
2018/Generativos/chea02,out/2018/Generativos/chea02/notes.md,ampRange,amprange,400,[200],moderate,high,"halving the start-size range thins strokes near segment starts; web reads slightly lighter, central green arc more prominent",true,:2,false,
2018/Generativos/chea02,out/2018/Generativos/chea02/notes.md,alpRange,alprange,40,[120],moderate,high,"higher start alpha = more opaque strokes, web more saturated, especially mid-band and lower orange area",true,:2,false,
2018/Generativos/chea03,out/2018/Generativos/chea03/notes.md,line_count,line count,60,[120],moderate,high,"denser, busier overprint; background less visible, more prominent orange/pink ribbons",true,:2,false,
2018/Generativos/chea03,out/2018/Generativos/chea03/notes.md,amp,amp,400,[200],moderate,high,"all shapes and beads about half size; finer, lighter, more mesh-like texture",true,:2,false,
2018/Generativos/chea03,out/2018/Generativos/chea03/notes.md,alpha,alpha,80,[200],moderate,high,ribbons more opaque and saturated; overprint denser (only ~10% of pixels changed),true,:2,false,
2018/Generativos/chea03,out/2018/Generativos/chea03/notes.md,osc,osc,2,[0.3],none,low,no visible change; bead size pulse is too small to see at this scale,true,:2,false,
2018/Generativos/chea03,out/2018/Generativos/chea03/notes.md,line_alpha,line alpha,10,[80],none,low,"no visible change; connector lines stay invisible, erased by the dense overprint of later shape outlines",true,:2,false,
2018/Generativos/chime,out/2018/Generativos/chime/notes.md,boxCount,boxcount,1200,[400],moderate,high,"sparser field, more green background showing",true,:2,false,
2018/Generativos/chime,out/2018/Generativos/chime/notes.md,maxW,maxw,200,[600],large,high,"wider, bigger cards; large yellow/green slabs dominate",true,:2,false,
2018/Generativos/chime,out/2018/Generativos/chime/notes.md,scatterVolume,scattervolume,500,[150],large,high,"much denser; background mostly hidden, huge near-camera plane across center",true,:2,false,
2018/Generativos/chime,out/2018/Generativos/chime/notes.md,fov,fov,"PI/random(2.2,3.0)","[""PI/random(1.2,1.8)""]",large,high,"wider angle: stronger perspective, near planes much bigger",true,:2,false,
2018/Generativos/chime,out/2018/Generativos/chime/notes.md,maxD,maxd,2,[40],moderate,high,boxes show visible thickness (3D side faces) instead of flat cards,true,:2,false,
2018/Generativos/chime,out/2018/Generativos/chime/notes.md,strokeWeight,strokeweight,0.5,[3],subtle,low,no visible change; stroke alpha 20 keeps edges faint,true,:2,false,
2018/Generativos/chime,out/2018/Generativos/chime/notes.md,boxGrid,boxgrid,,,,unscored,,true,:2,false,
2018/Generativos/chime,out/2018/Generativos/chime/notes.md,confettiScatter,confettiscatter,,,,unscored,,true,:2,false,
2018/Generativos/chime,out/2018/Generativos/chime/notes.md,lerpRampColor,lerprampcolor,,,,unscored,,true,:2,false,
2018/Generativos/circir,out/2018/Generativos/circir/notes.md,cc,cc,1000,[500],moderate,high,"fewer circles: olive ground shows between them, individual circles more distinct",true,:2,false,
2018/Generativos/circir,out/2018/Generativos/circir/notes.md,disk alpha,disk alpha,120,[255],moderate,high,"opaque disks: flat unblended palette colours, muddy brown-green blending gone",true,:2,false,
2018/Generativos/circir,out/2018/Generativos/circir/notes.md,s (disk diameter),s,random(120),"[""random(60)"",""random(200)""]",moderate,high,"smaller = finer sparse field, ground visible; larger = full coverage, soft big patches",true,:2,false,
2018/Generativos/circir,out/2018/Generativos/circir/notes.md,halo alpha,halo alpha,20,[80],moderate,high,"faint halo rings become clearly visible around circles, field darkens",true,:2,false,
2018/Generativos/circity,out/2018/Generativos/circity/notes.md,sub,sub,"int(random(3, random(5, 40)))",[8],large,high,"8x8 grid instead of 4x4; smaller tiles, thinner streets, denser layout",true,:2,false,
2018/Generativos/circity,out/2018/Generativos/circity/notes.md,ver,ver,"random(0.8, 0.9)",[0.6],large,high,"smaller light border rect; dark background shows in wider gaps between tiles, intersection motifs loom larger over them",true,:2,false,
2018/Generativos/circity,out/2018/Generativos/circity/notes.md,man,man,"ver-random(0.05, 0.1)",[0.45],large,high,"much smaller dark interior and motif scale; tiles read as white with small centred content, corner diamonds dominate",true,:2,false,
2018/Generativos/circity,out/2018/Generativos/circity/notes.md,glow alpha (random(10)),glow alpha,random(10),[120],moderate,high,"strong translucent colour halos wash over the whole canvas, dulling and mixing the palette",true,:2,false,
2018/Generativos/circity,out/2018/Generativos/circity/notes.md,street gap amp (linee),street gap amp,0.4,[0.1],none,low,no visible change; dash length of the 1px street lines is below pixel resolution at this size,true,:2,false,
2018/Generativos/circity,out/2018/Generativos/circity/notes.md,cc,cc,"int(random(2, 10))",[20],moderate,high,checkerboard motif cells up to 20x20; affected tiles show fine dense checker texture instead of coarse squares,true,:2,false,
2018/Generativos/circity2,out/2018/Generativos/circity2/notes.md,sub,sub,"random(3, random(5, 40))",[12],large,high,"finer 12-division grid, smaller motifs, same Bauhaus field layout with reshuffled randoms",true,:2,false,
2018/Generativos/circity2,out/2018/Generativos/circity2/notes.md,ver,ver,"random(0.8, 0.9)",[0.3],large,high,"white block shrinks to sliver; soft wash and big triangles dominate, large smooth gradient areas",true,:2,false,
2018/Generativos/circity2,out/2018/Generativos/circity2/notes.md,man,man,"ver-random(0.05, 0.1)","[""ver+0.35""]",large,high,coloured block outgrows and fully covers the white block + corner-cut triangle; cells become solid single-colour squares,true,:2,false,
2018/Generativos/circity2,out/2018/Generativos/circity2/notes.md,background,background,30,[235],none,low,no visible change; background fully covered by wash and shapes,true,:2,false,
2018/Generativos/circity2,out/2018/Generativos/circity2/notes.md,palette,palette,2018 bauhaus 6-colour set,"[""#1D3557 #457B9D #A8DADC #F1FAEE #E63946 #F1C40F""]",large,high,"same composition recoloured: yellow wash, coral reds, teal blues, cream",true,:2,false,
2018/Generativos/circity2,out/2018/Generativos/circity2/notes.md,washAlpha,washalpha,random(10),"[""random(80)""]",subtle,low,"slightly stronger, more saturated soft colour washes; layout unchanged",true,:2,false,
2018/Generativos/circles,out/2018/Generativos/circles/notes.md,count,count,60,[20],moderate,high,"sparser scatter, more white, less overlap",true,:2,true,
2018/Generativos/circles,out/2018/Generativos/circles/notes.md,maxCircleSize,maxcirclesize,0.3,[1.0],large,high,circles up to full canvas width; dense full-bleed overlap,true,:2,true,
2018/Generativos/circles,out/2018/Generativos/circles/notes.md,shadowAlpha,shadowalpha,200,[80],subtle,low,shadow cones fainter and washed out; circles unchanged,true,:2,true,
2018/Generativos/circles,out/2018/Generativos/circles/notes.md,shadowLength,shadowlength,"r1*random(0.5,10)","[""r1*random(0.5,2)""]",moderate,high,cones collapse to short grainy halos hugging each circle,true,:2,true,
2018/Generativos/circles,out/2018/Generativos/circles/notes.md,shadowWobble,shadowwobble,random(0.1)*random(1),"[""random(0.5)*random(1)""]",subtle,low,cones become broad twisted fans with rippled outer edges,true,:2,true,
2018/Generativos/circles003,out/2018/Generativos/circles003/notes.md,cccc (element count),cccc,"random(80, random(120,200))",[300],large,high,"more elements = denser full-bleed collage, background almost gone",true,:2,true,
2018/Generativos/circles003,out/2018/Generativos/circles003/notes.md,element size s,element size s,width*random(1)^3,"[""width*random(1)""]",large,high,"dropping the cube bias makes circles/fans full-canvas, few visible elements",true,:2,true,
2018/Generativos/circles003,out/2018/Generativos/circles003/notes.md,background,background,250,[20],large,high,"same layout on near-black; translucent fans read deeper, shadow blobs vanish",true,:2,true,
2018/Generativos/circles003,out/2018/Generativos/circles003/notes.md,palette,palette,10-colour list,"[""[#100D93,#DF390C]""]",large,high,"duotone navy/red-orange, high-contrast bold fans",true,:2,true,
2018/Generativos/circles003,out/2018/Generativos/circles003/notes.md,arc() fan alpha1,arc fan alpha1,255,[100],none,low,no visible change; these wedge fans are too small/sparse to matter,true,:2,true,
2018/Generativos/circles004,out/2018/Generativos/circles004/notes.md,det,det,random(0.01),[0.05],none,low,no visible change; stipple dots are <=~6.5px so noise scale is imperceptible,true,:2,true,
2018/Generativos/circles004,out/2018/Generativos/circles004/notes.md,stippleCount,stipplecount,1000000,[200000],large,high,grain visibly sparser AND whole circle layout shifts (loop consumes fewer random() calls),true,:2,true,
2018/Generativos/circles004,out/2018/Generativos/circles004/notes.md,cccc,cccc,"int(random(80, random(120, 200))*0.6) (48-120)","[""*2.0 (160-400)""]",large,high,"much denser, heavily overlapping circle coverage",true,:2,true,
2018/Generativos/circles004,out/2018/Generativos/circles004/notes.md,sizeExp,sizeexp,random(1)^3,"[""random(1)""]",large,high,"circles much larger, canvas nearly covered; downstream layout also shifts",true,:2,true,
2018/Generativos/circles004,out/2018/Generativos/circles004/notes.md,stippleAlpha,stipplealpha,80,[200],subtle,low,grain slightly darker/denser; identical composition,true,:2,true,
2018/Generativos/circles004,out/2018/Generativos/circles004/notes.md,strokeWeight,strokeweight,2,[8],subtle,low,thin arc outlines thicker; nothing else changes,true,:2,true,
2018/Generativos/circles005,out/2018/Generativos/circles005/notes.md,cccc,cccc,"random(80, random(120, 200))*0.6",[0.3],,unscored,,true,:2,true,
2018/Generativos/citydatacity,out/2018/Generativos/citydatacity/notes.md,sub,sub,"int(random(20)*random(0.1,1)) (0-19)",[60],large,high,"many more coarse regions -> ~8 big coloured ellipses instead of ~4, each with its own fine-cell interior",true,:2,false,
2018/Generativos/citydatacity,out/2018/Generativos/citydatacity/notes.md,sub2,sub2,int(random(400)*random(1)) (0-399),[50],large,high,"far coarser fine cells: large rectangular blocks with 1-4 subdivisions, ragged gaps mostly gone",true,:2,false,
2018/Generativos/citydatacity,out/2018/Generativos/citydatacity/notes.md,alp,alp,random(256),[80],large,high,"lower alpha -> quads more transparent, colours mix muddily and black shows through more; less opaque 'solid block' look",true,:2,false,
2018/Generativos/citydatacity,out/2018/Generativos/citydatacity/notes.md,ss,ss,1,[6],moderate,high,"corner marks grow from 1px dots to 6px squares, adding a visible multicoloured stippled scatter at every cell corner",true,:2,false,
2018/Generativos/citydatacity,out/2018/Generativos/citydatacity/notes.md,palette,palette,FF0000/FF6C06/EF9FE2/0045D8/152300,"[""greyscale FFFFFF/CCCCCC/888888/444444/000000""]",large,high,"same structure in monochrome; white edge glow blends into white cells, gradients read as smooth greys",true,:2,false,
2018/Generativos/citydatacity,out/2018/Generativos/citydatacity/notes.md,bb (glow width),bb,"min(w,h)*0.1","[""min(w,h)*0.3""]",moderate,high,"3x wider white bottom/right edge glow -> strong bevelled, raised 3D-block appearance on every cell",true,:2,false,
2018/Generativos/citydatacity2,out/2018/Generativos/citydatacity2/notes.md,sub,sub,"random(20)*random(0.1,1)","[""random(200)*random(0.1,1)""]",large,high,"more outer quadtree splits: canvas fills with many small overlapping ellipses, mosaic covers almost everything, black gaps nearly gone",true,:2,false,
2018/Generativos/citydatacity2,out/2018/Generativos/citydatacity2/notes.md,max,max,20,[2],none,low,"no visible change: with this seed the outer quadtree is shallow enough that the 20-px min-size guard never triggers, so lowering it to 2 alters nothing",true,:2,false,
2018/Generativos/citydatacity2,out/2018/Generativos/citydatacity2/notes.md,sub2,sub2,random(400)*random(1),"[""random(4000)*random(1)""]",large,high,"deeper inner quadtree: mosaic cells much smaller, circles read as fine pixelated texture instead of patchy blocks",true,:2,false,
2018/Generativos/citydatacity2,out/2018/Generativos/citydatacity2/notes.md,alp,alp,random(256),[255],large,high,"opaque cells: hard-edged flat blocks, no soft colour blending between overlaps; mosaic looks more solid/painterly",true,:2,false,
2018/Generativos/citydatacity2,out/2018/Generativos/citydatacity2/notes.md,colors,colors,"{#3520A6, #68FB77, #FB8F2D, #F0F962, #874BAB}","[""{#001E5C, #007EC0, #00BCD4, #98C1D9, #E0FBFC}""]",large,high,"same geometry, cool blue/white palette replaces saturated yellow/green/orange; confirms layout is seed-driven and independent of palette",true,:2,false,
2018/Generativos/citydatacity2,out/2018/Generativos/citydatacity2/notes.md,ss,ss,1,[6],moderate,high,6-px corner squares at each mosaic cell corner: visible dotted grid texture over the cells,true,:2,false,
2018/Generativos/citypop,out/2018/Generativos/citypop/notes.md,cc (cloud count),cc,int(random(120)),[30],large,high,"fewer cloud streaks, but also re-rolls every downstream random draw, so the whole circle layout, ground colour and palm/city positions shift — a global reseed rather than a local change",true,:2,false,
2018/Generativos/citypop,out/2018/Generativos/citypop/notes.md,scattered dot count,scattered dot count,1000,[300],large,high,pale mottled underlayer becomes much sparser; sky reads cleaner and the large circles stand out more. Some of the score comes from the RNG stream shifting afterwards,true,:2,false,
2018/Generativos/citypop,out/2018/Generativos/citypop/notes.md,sky circle palette,sky circle palette,"{#FF3D20,#FC9D43,#3998C2,#3E56A8,#090D0E}","[""{#687FA1,#AFE0CD,#FDECB4,#F63A49,#FE8141} (the commented-out list)""]",large,high,"same layout, but circles become muted sage/cream/red-orange instead of saturated red/blue/black; noticeably pastel",true,:2,false,
2018/Generativos/citypop,out/2018/Generativos/citypop/notes.md,formSky circle attempts,formsky circle attempts,1000,[500],moderate,high,"fewer large circles, more open sky; faint clouds and contrails become easier to see (also partly RNG-stream shift)",true,:2,false,
2018/Generativos/citypop,out/2018/Generativos/citypop/notes.md,city building count,city building count,8,[3],subtle,low,city cluster shrinks to 3 buildings in the lower right; ground band happens to pick the pink pastel this run,true,:2,false,
2018/Generativos/citypop02,out/2018/Generativos/citypop02/notes.md,balloon size range,balloon size range,"random(0.02, 0.1)","[""random(0.02, 0.25)""]",,unscored,,true,:2,false,
2018/Generativos/citypop02,out/2018/Generativos/citypop02/notes.md,city width w,city width w,160,[320],,unscored,,true,:2,false,
2018/Generativos/citypop02,out/2018/Generativos/citypop02/notes.md,buildings per city cc,buildings per city cc,8,[20],,unscored,,true,:2,false,
2018/Generativos/citypop02,out/2018/Generativos/citypop02/notes.md,flowers mound height hh,flowers mound height hh,0.2,[0.5],,unscored,,true,:2,false,
2018/Generativos/citypop02,out/2018/Generativos/citypop02/notes.md,airplane trail alpha,airplane trail alpha,2,[30],,unscored,,true,:2,false,
2018/Generativos/citypop02,out/2018/Generativos/citypop02/notes.md,cityCount,citycount,"int(random(1, 4))",[6],,unscored,,true,:2,false,
2018/Generativos/clima,out/2018/Generativos/clima/notes.md,sep,sep,120,[240],large,high,"larger minimum cell size; coarser tiling with fewer, bigger cells, bigger bubble clusters and mountains",true,:2,false,
2018/Generativos/clima,out/2018/Generativos/clima/notes.md,sub,sub,int(random(500)*random(1)) = 0-499,"[""int(random(2000)*random(1))""]",large,high,"more subdivision iterations; finer, busier tiling with many smaller cells",true,:2,false,
2018/Generativos/clima,out/2018/Generativos/clima/notes.md,gri,gri,15,[30],large,high,"coarser per-cell texture: sparser dot grid, larger mini-squares/ellipses, coarser flow hatch; same cell layout",true,:2,false,
2018/Generativos/clima,out/2018/Generativos/clima/notes.md,det1,det1,random(0.01),"[""random(0.001)""]",none,low,"no visible change (seed-42 draw of random(0.01) is already tiny, so flow angles are near-constant either way)",true,:2,false,
2018/Generativos/clima,out/2018/Generativos/clima/notes.md,cc,cc,"int(random(1, 4)) = 1-3","[""int(random(1, 8))""]",large,high,"up to 7 mountain layers per cell; denser, more jagged bottom silhouettes",true,:2,false,
2018/Generativos/clima,out/2018/Generativos/clima/notes.md,div,div,int(random(20)) = 0-19,"[""int(random(5))""]",moderate,high,"shallower bubble-cluster recursion; fewer, smaller circles per cell",true,:2,false,
2018/Generativos/cnotc,out/2018/Generativos/cnotc/notes.md,cc,cc,200000,[50000],moderate,high,"fewer candidate points -> sparser field, fewer circles, fewer/longer network lines",true,:2,false,
2018/Generativos/cnotc,out/2018/Generativos/cnotc/notes.md,det,det,random(0.01),"[""random(0.002)""]",moderate,high,"coarser noise scale -> circle sizes vary in broad patches, visible clumps of similar-sized circles",true,:2,false,
2018/Generativos/cnotc,out/2018/Generativos/cnotc/notes.md,max,max,"width*random(0.0625, 0.1875)","[""width*random(0.03, 0.1)""]",large,high,"smaller max radius -> no huge circles, denser field of small-medium dots",true,:2,false,
2018/Generativos/cnotc,out/2018/Generativos/cnotc/notes.md,sep,sep,"random(1.2, 2.4)","[""random(1.8, 3.2)""]",moderate,high,"larger minimum separation -> fewer, more widely spaced circles, bigger gaps; outline rings (radius c.z*sep) farther out",true,:2,false,
2018/Generativos/cnotc,out/2018/Generativos/cnotc/notes.md,ringprob,ringprob,0.2,[0.8],subtle,low,"rings on nearly every circle, but thin strokes -> small pixel change",true,:2,false,
2018/Generativos/cnotc,out/2018/Generativos/cnotc/notes.md,rejectPack,rejectpack,,,,unscored,,true,:2,false,
2018/Generativos/cnotc,out/2018/Generativos/cnotc/notes.md,arc2,arc2,,,,unscored,,true,:2,false,
2018/Generativos/cnotc,out/2018/Generativos/cnotc/notes.md,poly,poly,,,,unscored,,true,:2,false,
2018/Generativos/cocirco,out/2018/Generativos/cocirco/notes.md,ribbonCount,ribboncount,1000,[2000],large,high,denser ribbon mesh; also reshuffles all 50 discs because the extra iterations consume random values from the single shared stream,true,:2,false,
2018/Generativos/cocirco,out/2018/Generativos/cocirco/notes.md,ribbonDiv,ribbondiv,"random(32, 120)","[""random(64, 240)""]",subtle,low,finer two-color stripes on the ribbons; composition unchanged,true,:2,false,
2018/Generativos/cocirco,out/2018/Generativos/cocirco/notes.md,discDiv,discdiv,"random(16, 69)","[""random(32, 138)""]",moderate,high,finer radial wedges on the sunburst discs; composition unchanged,true,:2,false,
2018/Generativos/cocirco,out/2018/Generativos/cocirco/notes.md,dd,dd,0.72,[1.2],moderate,high,ribbon endpoints on a larger circle; bands reach the corners and crossing angles change; composition unchanged,true,:2,false,
2018/Generativos/cocirco,out/2018/Generativos/cocirco/notes.md,dotSize,dotsize,0.2,[0.5],subtle,low,center dots clearly larger (up to ~2.5x radius); composition unchanged,true,:2,false,
2018/Generativos/cocirco,out/2018/Generativos/cocirco/notes.md,palette,palette,5-color warm set,"[""6-color set: yellow/orange/pink/purple/green/cyan""]",large,high,"same composition, every color replaced",true,:2,false,
2018/Generativos/colasUnicorneo,out/2018/Generativos/colasUnicorneo/notes.md,tailCount,tailcount,80,[40],large,high,sparser composition; more background shows through between tails,true,:2,false,
2018/Generativos/colasUnicorneo,out/2018/Generativos/colasUnicorneo/notes.md,shrink,shrink,0.99,[0.97],large,high,tails become short stubby teardrops; no long tapering tips,true,:2,false,
2018/Generativos/colasUnicorneo,out/2018/Generativos/colasUnicorneo/notes.md,colorDrift,colordrift,random(0.02),"[""random(0.1)""]",large,high,rapid rainbow banding along each tail instead of one smooth two-colour blend,true,:2,false,
2018/Generativos/colasUnicorneo,out/2018/Generativos/colasUnicorneo/notes.md,vel,vel,0.02,[0.08],large,high,"longer, straighter, more elongated tails with gentler curves",true,:2,false,
2018/Generativos/colasUnicorneo,out/2018/Generativos/colasUnicorneo/notes.md,startSize,startsize,"width*random(0.1, 0.3)","[""width*random(0.05, 0.1)""]",large,high,"much smaller, thinner tails; lots of flat background visible",true,:2,false,
2018/Generativos/colasUnicorneo,out/2018/Generativos/colasUnicorneo/notes.md,decoCount,decocount,"random(-2, 4)","[""random(4, 8)""]",large,high,more small gradient rings and dots scattered across the canvas,true,:2,false,
2018/Generativos/conecttions,out/2018/Generativos/conecttions/notes.md,iterations,iterations,1000,[2000],subtle,low,"denser web, slightly larger outline, same radial structure",true,:2,false,
2018/Generativos/conecttions,out/2018/Generativos/conecttions/notes.md,seedBand,seedband,"random(0.4, 0.6)","[""random(0.3, 0.7)""]",moderate,high,web spreads wider over the canvas; larger outer facets,true,:2,false,
2018/Generativos/conecttions,out/2018/Generativos/conecttions/notes.md,triAlpha,trialpha,"random(200)*random(0.2, 1)","[""random(255)*random(0.5, 1)""]",none,low,no visible change,true,:2,false,
2018/Generativos/conecttions,out/2018/Generativos/conecttions/notes.md,dotSize,dotsize,3,[6],none,low,no visible change,true,:2,false,
2018/Generativos/conecttions,out/2018/Generativos/conecttions/notes.md,lineAlpha,linealpha,30,[100],subtle,low,midpoint-to-vertex lines slightly more visible,true,:2,false,
2018/Generativos/conecttions,out/2018/Generativos/conecttions/notes.md,mergeDist,mergedist,0.2,[2.0],none,low,pixel-identical output; no point pairs within 2 px,true,:2,false,
2018/Generativos/conitos,out/2018/Generativos/conitos/notes.md,cc,cc,"random(20,200)",[300],large,high,no density gain: noise gate still rejects most candidates; layout fully reshuffled (fixed literal shifts the random stream),true,:2,false,
2018/Generativos/conitos,out/2018/Generativos/conitos/notes.md,det,det,random(0.01),[0.003],large,high,"coarser noise -> larger surviving regions; cones cluster into big blobs (top center, bottom)",true,:2,false,
2018/Generativos/conitos,out/2018/Generativos/conitos/notes.md,gate,gate,0.4,[0.3],moderate,high,more candidates pass the threshold -> denser scatter of same-size cones,true,:2,false,
2018/Generativos/conitos,out/2018/Generativos/conitos/notes.md,size_scale,size scale,width*1.2,"[""width*2.4""]",large,high,"2x cone radius/height -> huge overlapping cones, canvas crowded",true,:2,false,
2018/Generativos/conitos,out/2018/Generativos/conitos/notes.md,colors,colors,6-colour primary set,"[""grayscale""]",large,high,same layout recoloured; background flips to light grey (random pick from new list),true,:2,false,
2018/Generativos/cubidata,out/2018/Generativos/cubidata/notes.md,cc,cc,"int(random(4, 120)) (10 at seed 42)",[40],large,high,"coarser resolution: 40x40 fine grid reads as a busy pixel-art texture, insets become tiny dots",true,:2,false,
2018/Generativos/cubidata,out/2018/Generativos/cubidata/notes.md,insetProb,insetprob,0.5,[1.0],large,high,every cell gets a centered inset square; the sparse-dot look becomes a uniform cell-plus-dot pattern,true,:2,false,
2018/Generativos/cubidata,out/2018/Generativos/cubidata/notes.md,insetScale,insetscale,0.2,[0.5],moderate,high,"inset squares grow to half the cell size, dominating their cells; cell fills unchanged",true,:2,false,
2018/Generativos/cubidata,out/2018/Generativos/cubidata/notes.md,strokeAlpha,strokealpha,8,[80],none,low,no visible change overall; hairline grid becomes a visible grey grid but occupies only 2.3% of pixels,true,:2,false,
2018/Generativos/cubidata,out/2018/Generativos/cubidata/notes.md,blackProb,blackprob,0.5,[0.8],large,high,mostly black canvas with sparse white cells; density of the two colours is directly controlled by this probability,true,:2,false,
2018/Generativos/cubitos,out/2018/Generativos/cubitos/notes.md,points_per_frame,points per frame,100000,[20000],none,low,no visible change,true,:2,false,
2018/Generativos/cubitos,out/2018/Generativos/cubitos/notes.md,stroke_alpha,stroke alpha,60,[255],subtle,low,"subtle: cubes darker and denser, more solid-looking",true,:2,false,
2018/Generativos/cubitos,out/2018/Generativos/cubitos/notes.md,grid_cell,grid cell,40,[20],none,low,no visible change,true,:2,false,
2018/Generativos/cubitos,out/2018/Generativos/cubitos/notes.md,pull,pull,0.5,[0.9],none,low,no visible change,true,:2,false,
2018/Generativos/cubitos,out/2018/Generativos/cubitos/notes.md,range,range,200,[400],subtle,low,"subtle: larger finer lattice, more spread out, fainter",true,:2,false,
2018/Generativos/cubitos,out/2018/Generativos/cubitos/notes.md,cam_distance,cam distance,400,[200],subtle,low,"subtle: closer camera, cubes larger on screen, stronger perspective",true,:2,false,
2018/Generativos/cuda,out/2018/Generativos/cuda/notes.md,blobCount,blobcount,1000,[300],moderate,high,"sparser: first 300 blobs only (exact prefix of baseline), more white background showing, fewer small solid dots",true,:2,false,
2018/Generativos/cuda,out/2018/Generativos/cuda/notes.md,maxBlobSize (x width),maxblobsize,0.6,[0.2],large,high,"much sparser: smaller blobs, mostly white background, faint small marks",true,:2,false,
2018/Generativos/cuda,out/2018/Generativos/cuda/notes.md,baseEllipseAlphaMax,baseellipsealphamax,80,[200],subtle,low,"subtle: same layout, slightly more saturated/opaque, less haze",true,:2,false,
2018/Generativos/cuda,out/2018/Generativos/cuda/notes.md,arcFanCount,arcfancount,3,[10],moderate,high,busier: more arc fans per blob; also reflows the RNG stream so blobs 1+ are re-laid-out,true,:2,false,
2018/Generativos/cuda,out/2018/Generativos/cuda/notes.md,arcSpanMax,arcspanmax,HALF_PI,"[""TWO_PI""]",subtle,low,subtle: thin slivers become large fan/wedge shapes; modest coverage gain (arcs are thin and translucent),true,:2,false,
2018/Generativos/curvespace,out/2018/Generativos/curvespace/notes.md,cc,cc,"int(random(30,80))",[20],,unscored,,true,:2,false,
2018/Generativos/curvespace,out/2018/Generativos/curvespace/notes.md,c,c,"int(random(4,10))",[1],,unscored,,true,:2,false,
2018/Generativos/curvespace,out/2018/Generativos/curvespace/notes.md,res,res,width*3,"[""width""]",,unscored,,true,:2,false,
2018/Generativos/curvespace,out/2018/Generativos/curvespace/notes.md,ss,ss,width*random(0.8),[0.3],,unscored,,true,:2,false,
2018/Generativos/curvespace,out/2018/Generativos/curvespace/notes.md,pp,pp,"random(1,10) or reciprocal","[""random(1,10) only""]",,unscored,,true,:2,false,
2018/Generativos/dacu,out/2018/Generativos/dacu/notes.md,cw,cw,"random(4, 24)",[8],large,high,"8 narrow columns x 24-40 rows; small busy cells, many lines",true,:2,false,
2018/Generativos/dacu,out/2018/Generativos/dacu/notes.md,ch,ch,"cw*random(3, 5)",[8],moderate,high,"4x8 grid of large squarish cells; very soft, few visible lines",true,:2,false,
2018/Generativos/dacu,out/2018/Generativos/dacu/notes.md,cc,cc,random(20),[4],moderate,high,"sparser: only a few thin strokes per cell, cleaner mosaic",true,:2,false,
2018/Generativos/dacu,out/2018/Generativos/dacu/notes.md,rectAlpha,rectalpha,40,[200],large,high,"cells read as solid saturated colour blocks, gaps stand out",true,:2,false,
2018/Generativos/dacu,out/2018/Generativos/dacu/notes.md,arcAlp1,arcalp1,150,[255],moderate,high,stronger centre-fade wash; glowy disc more visible in each cell,true,:2,false,
2018/Generativos/dacu,out/2018/Generativos/dacu/notes.md,amp,amp,hh*random(0.5),"[""hh*2.0""]",moderate,high,vertical strokes wobble into large S-curves and loops,true,:2,false,
2018/Generativos/dapo,out/2018/Generativos/dapo/notes.md,circleCount,circlecount,150,[60],large,high,sparser composition; large areas of dark slate background show through,true,:2,false,
2018/Generativos/dapo,out/2018/Generativos/dapo/notes.md,ringsPerDisc,ringsperdisc,30,[10],large,high,"thicker, wider smooth gradient bands; less fine-segment detail",true,:2,false,
2018/Generativos/dapo,out/2018/Generativos/dapo/notes.md,darkBaseAlpha,darkbasealpha,240,[100],moderate,high,black ground becomes a translucent slate/teal tint; overlapping discs read as semi-transparent,true,:2,false,
2018/Generativos/dapo,out/2018/Generativos/dapo/notes.md,maxDistortion,maxdistortion,80,[200],large,high,rings stretch and break into thin chaotic arcs; geometry badly mangled,true,:2,false,
2018/Generativos/dapo,out/2018/Generativos/dapo/notes.md,palette,palette,9-colour teal/pink/orange set,"[""3-colour white/black/orange""]",large,high,same iridescent targets in orange/white/black on an orange background,true,:2,false,
2018/Generativos/databol,out/2018/Generativos/databol/notes.md,cd,cd,"random(60,110)",[20],large,high,coarser 1px dot lattice and bigger faint halo discs; central cluster unchanged but relatively smaller,true,:2,false,
2018/Generativos/databol,out/2018/Generativos/databol/notes.md,c,c,"random(1,40)",[3],moderate,high,only 3 splines: sparse dot-chains along 3 visible closed loops over an open yellow field instead of a dense central blob,true,:2,false,
2018/Generativos/databol,out/2018/Generativos/databol/notes.md,ss,ss,"random(0.1,0.3)*width","[""0.5*width""]",large,high,"spline radius doubled: stamps fill the whole canvas, yellow background almost completely covered",true,:2,false,
2018/Generativos/databol,out/2018/Generativos/databol/notes.md,cc,cc,"random(3,20)",[8],large,high,"fewer spline control points: looser, sparser cluster with more gaps showing the background dot grid",true,:2,false,
2018/Generativos/databol,out/2018/Generativos/databol/notes.md,dotAlpha,dotalpha,250,[120],none,low,"no visible change: alpha-250 ellipses are only ~dd*0.6 (~9px) dots, too small for the halved alpha to register",true,:2,false,
2018/Generativos/databol,out/2018/Generativos/databol/notes.md,colors,colors,8 warm colors,"[""8 blues""]",large,high,identical composition in a blue monochrome palette with a pale-blue background,true,:2,false,
2018/Generativos/datata,out/2018/Generativos/datata/notes.md,ss (disc diameter as fraction of width),ss,"random(0.56, 0.65)",[0.9],large,high,bigger disc; point count is area-based so facet density rises with it,true,:2,false,
2018/Generativos/datata,out/2018/Generativos/datata/notes.md,cc (point-density random range),cc,"random(0.00001, 0.001)","[""random(0.001, 0.01)""]",moderate,high,denser cluster fills the whole disc with smaller facets,true,:2,false,
2018/Generativos/datata,out/2018/Generativos/datata/notes.md,haloAlpha (arc2 shd1),haloalpha,30,[120],subtle,low,halo becomes a clearly visible dark soft ring around the disc,true,:2,false,
2018/Generativos/datata,out/2018/Generativos/datata/notes.md,"cornerShade (overlay fill(0,x) max alpha)",cornershade max alpha,50,[200],subtle,low,strong dark corner gradient on light facets; dark facets barely affected,true,:2,false,
2018/Generativos/datata,out/2018/Generativos/datata/notes.md,colors[3] (fourth palette colour),colors 3,#FF5722,"[""#2E7D32""]",subtle,low,orange facets become forest green,true,:2,false,
2018/Generativos/datitos,out/2018/Generativos/datitos/notes.md,count,count,500,[100],large,high,5x sparser; individual clock-face dots and amber background become visible,true,:2,false,
2018/Generativos/datitos,out/2018/Generativos/datitos/notes.md,maxSizeFrac,maxsizefrac,0.4,[0.2],large,high,"max dot diameter halved; finer, more uniform stipple, more background showing",true,:2,false,
2018/Generativos/datitos,out/2018/Generativos/datitos/notes.md,det1,det1,random(0.01),"[""random(0.002)""]",large,high,coarser size noise; dot sizes vary in large smooth patches instead of fine variation,true,:2,false,
2018/Generativos/datitos,out/2018/Generativos/datitos/notes.md,strokeAlpha,strokealpha,4,[40],moderate,high,white strokes of sliver arc and ellipse cores become visible; overall lighter with white rim accents,true,:2,false,
2018/Generativos/datitos,out/2018/Generativos/datitos/notes.md,arcSpan,arcspan,0.2,[1.0],moderate,high,first arc2 crescent spans 5x more angle; thicker coloured crescent bands around many dots,true,:2,false,
2018/Generativos/ddcc,out/2018/Generativos/ddcc/notes.md,count,count,int(random(5000)),"[""int(random(1000))""]",large,high,"much sparser: fewer, bigger flat blocks; spheres and checkerboards read clearly; white shows through",true,:2,false,
2018/Generativos/ddcc,out/2018/Generativos/ddcc/notes.md,sizeExponent,sizeexponent,"random(1,7)","[""random(1,4)""]",large,high,"only sizes 960/480/240: huge flat color blocks dominate, small motifs (checkers, outlined squares) become sparse accents",true,:2,false,
2018/Generativos/ddcc,out/2018/Generativos/ddcc/notes.md,sphereInnerAlpha,sphereinneralpha,220,[60],subtle,low,"subtle: spheres much fainter, soft tinted wash instead of glossy orbs; flat squares dominate",true,:2,false,
2018/Generativos/ddcc,out/2018/Generativos/ddcc/notes.md,subgridCells,subgridcells,"int(random(2,7))","[""int(random(2,10))""]",large,high,"checkerboards up to 10x10: many extra fine speckle clusters, surface reads busier/grainier",true,:2,false,
2018/Generativos/ddcc,out/2018/Generativos/ddcc/notes.md,strokeWeight,strokeweight,"random(1,4)","[""random(2,8)""]",none,low,"no visible change (thin outlines of 1/6 of shapes, lost under overpainting)",true,:2,false,
2018/Generativos/desertSpace,out/2018/Generativos/desertSpace/notes.md,uh,uh,1.1,[0.7],large,high,"lower brings the horizon inside the canvas: flat raw-sky band below it, stars/planets/hazy quads confined above, upper sky reads pinker",true,:2,false,
2018/Generativos/desertSpace,out/2018/Generativos/desertSpace/notes.md,layers,layers,4,[1],large,high,"fewer overlapping hazy passes: paler sky, fewer and larger pale flat circles, fewer specks (also reflows later randoms, so planets/clusters move)",true,:2,false,
2018/Generativos/desertSpace,out/2018/Generativos/desertSpace/notes.md,stars_per_layer,stars per layer,2000,[8000],large,high,4x denser star specks covering the whole sky (reflows later randoms too),true,:2,false,
2018/Generativos/desertSpace,out/2018/Generativos/desertSpace/notes.md,planets_per_layer,planets per layer,5,[12],large,high,many more flat disc planets fill the sky (reflows later randoms too),true,:2,false,
2018/Generativos/desertSpace,out/2018/Generativos/desertSpace/notes.md,clusters,clusters,80,[160],moderate,high,"roughly twice as many voxel cube fields, denser 3D coverage; 2D sky/planet layer unchanged since the cluster loop runs after it",true,:2,false,
2018/Generativos/desertSpace,out/2018/Generativos/desertSpace/notes.md,det,det,0.01,[0.004],moderate,high,noise-gated dune specks clump into larger patches; surviving points reflow the random stream so clusters shift too,true,:2,false,
2018/Generativos/design,out/2018/Generativos/design/notes.md,cc,cc,"random(12,100)","[""random(12,28)""]",subtle,low,"lower max = coarser, visibly larger dot grid; shapes unchanged",true,:2,false,
2018/Generativos/design,out/2018/Generativos/design/notes.md,sss,sss,"ddd*random(0.1,0.8)","[""ddd*random(0.1,1.6)""]",none,low,"no visible change; dots at most 2x larger, negligible pixel fraction",true,:2,false,
2018/Generativos/design,out/2018/Generativos/design/notes.md,shapeCount,shapecount,200,[600],large,high,"3x count = much busier scatter, heavy overlap, dot grid nearly hidden",true,:2,false,
2018/Generativos/design,out/2018/Generativos/design/notes.md,shapeSize,shapesize,"width*random(0.02,random(0.2))","width*random(0.02,random(0.5))",large,high,higher nested top end = a few huge shapes covering most of the canvas,true,:2,false,
2018/Generativos/design,out/2018/Generativos/design/notes.md,colors,colors,6 vivid hues,"[""6 muted hues""]",large,high,"full recolour: background and all shapes take the new palette, geometry identical",true,:2,false,
2018/Generativos/design,out/2018/Generativos/design/notes.md,shadowOffset,shadowoffset,s*0.2 (circle branch only),"[""s*0.6""]",subtle,low,only circles' black shadows detach further down-right; other types unaffected,true,:2,false,
2018/Generativos/desplaza,out/2018/Generativos/desplaza/notes.md,cc,cc,"int(random(100)*random(1)), i.e. 0-99",[20],large,high,"fewer, much larger, sparser bars with wide black gaps",false,:2,true,non-deterministic baseline; only large changes are reliable
2018/Generativos/desplaza,out/2018/Generativos/desplaza/notes.md,ww aspect multiplier (line 57),ww aspect multiplier,5,[1],large,high,bars become squarish blocks; canvas far more densely covered,false,:2,true,non-deterministic baseline; only large changes are reliable
2018/Generativos/desplaza,out/2018/Generativos/desplaza/notes.md,ang rotation scale (line 59),ang rotation scale,TAU*4,"[""TAU*1""]",large,high,"no systematic orientation change expected (both ranges cover full turns); observed layout difference comes from the time-driven noise, not this parameter",false,:2,true,non-deterministic baseline; only large changes are reliable
2018/Generativos/desplaza,out/2018/Generativos/desplaza/notes.md,amp,amp,"random(random(0.8,1),1), i.e. 0.8-1",[0.5],large,high,"intended: smaller bars; observed: large green/teal/blue bars — dominated by the shifted random sequence, see caveat",false,:2,true,non-deterministic baseline; only large changes are reliable
2018/Generativos/desplaza,out/2018/Generativos/desplaza/notes.md,colors[] (line 132),colors,6 muted colours,"[""2 colours: #2DD712, #2622F5""]",large,high,every bar is now green/blue/teal only (lerps of the two); no cream/grey/tan,false,:2,true,non-deterministic baseline; only large changes are reliable
2018/Generativos/desplaza,out/2018/Generativos/desplaza/notes.md,background,background,10,[250],large,high,gaps read as near-white instead of black; bars themselves unchanged,false,:2,true,non-deterministic baseline; only large changes are reliable
2018/Generativos/diags,out/2018/Generativos/diags/notes.md,cc,cc,8,[12],moderate,high,"denser 12x12 grid; smaller cells, more decorations, busier overall",true,:2,false,
2018/Generativos/diags,out/2018/Generativos/diags/notes.md,bb,bb,50,[150],moderate,high,"larger margin shrinks the grid area; cells smaller, more of the gray background visible",true,:2,false,
2018/Generativos/diags,out/2018/Generativos/diags/notes.md,gutter,gutter,4,[20],subtle,low,"thicker gray gaps between cells; cell count unchanged, cells slightly smaller",true,:2,false,
2018/Generativos/diags,out/2018/Generativos/diags/notes.md,gradProb,gradprob,0.4,[1.0],moderate,high,"every cell gets a top gradient wash; noticeably more pastel wash, no plain white cells",true,:2,false,
2018/Generativos/diags,out/2018/Generativos/diags/notes.md,solidSize,solidsize,0.5,[0.8],subtle,low,"centered squares/circles nearly fill the cell; more visual weight, same shapes",true,:2,false,
2018/Generativos/diario,out/2018/Generativos/diario/notes.md,cc,cc,"int(random(20,29)) = 23 here",[40],large,high,"finer 40x40 grid; also shifts the random stream (constant replaced a random() call) so c1/c2 and every overlay position re-roll: grid cells turn black, dots red, shapes rearranged",true,:2,false,
2018/Generativos/diario,out/2018/Generativos/diario/notes.md,cellInset,cellinset,2,[8],moderate,high,grid gaps widen from 2 px to 8 px; red cells shrink and the pink lattice reads much stronger,true,:2,false,
2018/Generativos/diario,out/2018/Generativos/diario/notes.md,dotProb,dotprob,0.1,[0.5],subtle,low,black intersection dots on ~50% of nodes instead of ~10%; dots are small so the pixel diff stays subtle,true,:2,false,
2018/Generativos/diario,out/2018/Generativos/diario/notes.md,rectCount,rectcount,30,[8],moderate,high,"far fewer grainy rectangles; canvas less busy. Fewer loop iterations also shift the circle stream, so the five circles re-roll to new positions/colors",true,:2,false,
2018/Generativos/diario,out/2018/Generativos/diario/notes.md,circleSize,circlesize,"width*random(0.05,0.2)","[""width*random(0.1,0.5)""]",moderate,high,"circles 2-5x bigger, several now dominate the canvas (giant red, white, black discs); same positions, same stream",true,:2,false,
2018/Generativos/diario,out/2018/Generativos/diario/notes.md,bgLerp,bglerp,0.2,[0.8],subtle,low,background becomes saturated red-orange and the pale pink grid lines almost disappear into it; composition unchanged,true,:2,false,
2018/Generativos/digisand,out/2018/Generativos/digisand/notes.md,det,det,0.0018,[0.006],subtle,low,slightly finer variation in the two-tone yellow mosaic; overall look unchanged (0.0 fraction of pixels),true,:2,false,
2018/Generativos/digisand,out/2018/Generativos/digisand/notes.md,sep,sep,10,[20],subtle,low,mosaic cells double in size (coarser dither); ant step size doubles too; small pixel diff because the two tones are close,true,:2,false,
2018/Generativos/digisand,out/2018/Generativos/digisand/notes.md,speckleCount,specklecount,10990,[3000],moderate,high,faint white dust much sparser; background reads cleaner and ant traces stand out more,true,:2,false,
2018/Generativos/digisand,out/2018/Generativos/digisand/notes.md,antCount,antcount,20,[60],moderate,high,"meandering traces about 3x denser, covering much more of the canvas",true,:2,false,
2018/Generativos/digisand,out/2018/Generativos/digisand/notes.md,dashH,dashh,30,[80],subtle,low,dashes clearly taller (10x80 bars instead of 10x30); thin and sparse so overall diff small,true,:2,false,
2018/Generativos/digisand,out/2018/Generativos/digisand/notes.md,circleCount,circlecount,30,[80],moderate,high,about 3x more circles; composition busier with heavy overlap,true,:2,false,
2018/Generativos/enredaderas,out/2018/Generativos/enredaderas/notes.md,cc,cc,40,[20],moderate,high,"coarser grid: 48px cells, sparser dot grid, circles twice as big, wider vine jogs",true,:2,false,
2018/Generativos/enredaderas,out/2018/Generativos/enredaderas/notes.md,vineCount,vinecount,40,[100],moderate,high,"much denser web of orthogonal lines, background nearly covered",true,:2,false,
2018/Generativos/enredaderas,out/2018/Generativos/enredaderas/notes.md,strokeWeight,strokeweight,3,[8],moderate,high,"same paths, thicker and softer strokes with a glow (smooth(8)), bolder look",true,:2,false,
2018/Generativos/enredaderas,out/2018/Generativos/enredaderas/notes.md,vineSteps,vinesteps,100,[300],moderate,high,"walks run 3x longer, paths fill the whole canvas in a dense maze",true,:2,false,
2018/Generativos/enredaderas,out/2018/Generativos/enredaderas/notes.md,circleCount,circlecount,8,[30],moderate,high,"many more scattered circles from tiny dots to mid-size, same vines",true,:2,false,
2018/Generativos/estanco,out/2018/Generativos/estanco/notes.md,cc,cc,"int(random(60,80)*1.4) ~ 84-112","[""int(random(60,80)*0.7) ~ 42-56""]",large,high,"cell size, grid dots, pads and flowers all scale with cc; coarser grid = bigger pads/flowers/dots plus a fully re-shuffled composition (random stream shifts)",true,:2,false,
2018/Generativos/estanco,out/2018/Generativos/estanco/notes.md,filamentCount,filamentcount,8000,[2500],moderate,high,"sparser, more spaced-out filament strokes; downstream speckle/pad/flower placement re-shuffled",true,:2,false,
2018/Generativos/estanco,out/2018/Generativos/estanco/notes.md,lar,lar,"random(32,42)","[""random(80,120)""]",moderate,high,"longer, smoother sweeping currents; other layers unchanged (no random draws in the walk)",true,:2,false,
2018/Generativos/estanco,out/2018/Generativos/estanco/notes.md,padCount,padcount,100,[25],moderate,high,"fewer, sparser lily pads; flowers re-placed",true,:2,false,
2018/Generativos/estanco,out/2018/Generativos/estanco/notes.md,flowerCount,flowercount,10,[40],moderate,high,"many more flowers, some large, covering most of the canvas",true,:2,false,
2018/Generativos/estanco,out/2018/Generativos/estanco/notes.md,dotSkipProb,dotskipprob,0.1,[0.3],large,high,sparser speckle grid and fully re-shuffled downstream composition (skipped cells skip rcol() draws),true,:2,false,
2018/Generativos/fachada,out/2018/Generativos/fachada/notes.md,cc,cc,"int(random(5,100)) (seed 42 ≈ 40-ish, dense)",[20],large,high,"fewer, bigger slabs; same staircase, coarser city",true,:2,false,
2018/Generativos/fachada,out/2018/Generativos/fachada/notes.md,amp,amp,"random(0.38,0.44)",[0.9],large,high,"thicker slabs nearly fill the gaps; more 3-D, less flat",true,:2,false,
2018/Generativos/fachada,out/2018/Generativos/fachada/notes.md,cameraZ,cameraz,-1000,[-400],none,low,no visible change: ortho() projection is independent of camera distance along z,true,:2,false,
2018/Generativos/fachada,out/2018/Generativos/fachada/notes.md,yaw,yaw,PI*0.25,"[""PI*0.05""]",large,high,facade rotates toward a head-on view; staircase reads as straight banded wall,true,:2,false,
2018/Generativos/fachada,out/2018/Generativos/fachada/notes.md,palette,palette,7-color pop list,"[""4 dark grays""]",large,high,"same structure, monochrome dark grays; black gaps nearly disappear",true,:2,false,
2018/Generativos/fachada2,out/2018/Generativos/fachada2/notes.md,cc,cc,"random(5,100)",[6],large,high,"fewer, much bigger tiles fill the frame",true,:2,false,
2018/Generativos/fachada2,out/2018/Generativos/fachada2/notes.md,amp,amp,"random(0.38,0.44)",[0.12],large,high,"boxes become thin flat slabs, wide black gaps",true,:2,false,
2018/Generativos/fachada2,out/2018/Generativos/fachada2/notes.md,zStep (0.5 in translate),zstep,0.5,[1.0],large,high,rows separated by full black bands,true,:2,false,
2018/Generativos/fachada2,out/2018/Generativos/fachada2/notes.md,tilt (rotateX random),tilt,"random(-2,2)",[0],large,high,"view goes dead-on: flat square grid, no 3D slant",true,:2,false,
2018/Generativos/fachada2,out/2018/Generativos/fachada2/notes.md,angle (rotateZ),angle,PI*0.25,"[""PI*0.5""]",large,high,"lattice rotated to other diagonal, wider black seams",true,:2,false,
2018/Generativos/fachada2,out/2018/Generativos/fachada2/notes.md,palette[0],palette 0,#FE4D9F,"[""#FFD400""]",moderate,high,"pink faces become yellow, same composition",true,:2,false,
2018/Generativos/ffttfftt,out/2018/Generativos/ffttfftt/notes.md,cc,cc,width/40,"[""width/20""]",large,high,"finer cells: busier, more saturated; finer dot grids, smaller noise squares, bigger solid color blocks",true,:2,false,
2018/Generativos/ffttfftt,out/2018/Generativos/ffttfftt/notes.md,div,div,random(180),"[""random(90)""]",moderate,high,"fewer subdivision steps: fewer, larger dot-textured blocks; halos stand out over wide fields",true,:2,false,
2018/Generativos/ffttfftt,out/2018/Generativos/ffttfftt/notes.md,scatterCount,scattercount,1000,[300],large,high,"fewer pastel confetti squares; cleaner ground, halos and color blocks more visible",true,:2,false,
2018/Generativos/ffttfftt,out/2018/Generativos/ffttfftt/notes.md,arcCount,arccount,40,[15],none,low,no visible change; halos are so faint (alpha 50->0) that removing two thirds of them does not register,true,:2,false,
2018/Generativos/ffttfftt,out/2018/Generativos/ffttfftt/notes.md,det,det,random(0.1)*random(1),"[""random(0.5)*random(1)""]",none,low,no visible change; first noise grid only varies gray level 240-255 and is nearly covered by later layers,true,:2,false,
2018/Generativos/ffttfftt,out/2018/Generativos/ffttfftt/notes.md,arcAlpha,arcalpha,50,[150],subtle,low,halos slightly more visible; colored ring edges (pink/blue) around each halo a bit stronger,true,:2,false,
2018/Generativos/ffttfftt2,out/2018/Generativos/ffttfftt2/notes.md,cc,cc,24,[12],large,high,"cell = width/cc; smaller cc halves every grid-based layer (finer mosaic blocks, finer dot grids); also changes random() call count so the downstream stream re-seeds and the whole layout changes",true,:2,false,
2018/Generativos/ffttfftt2,out/2018/Generativos/ffttfftt2/notes.md,div1,div1,180,[60],large,high,"first quadtree iterations; fewer -> fewer, much larger base blocks; downstream stream re-seeds (all later layers differ)",true,:2,false,
2018/Generativos/ffttfftt2,out/2018/Generativos/ffttfftt2/notes.md,div2,div2,200,[80],large,high,"second quadtree iterations; fewer -> fewer, larger decorated cells and fewer heat-map patches; stream re-seeds",true,:2,false,
2018/Generativos/ffttfftt2,out/2018/Generativos/ffttfftt2/notes.md,veilAlphaScale,veilalphascale,50,[100],none,low,"white noise-veil alpha scale; doubling to 100/255 stays below perceptual threshold; no random() consumed, so clean measurement",true,:2,false,
2018/Generativos/ffttfftt2,out/2018/Generativos/ffttfftt2/notes.md,dotScale,dotscale,0.2,[0.5],none,low,noise dot-grid rect scale; 2.5x larger dots are still sub-cell and lost against the wash; no visible change,true,:2,false,
2018/Generativos/ffttfftt2,out/2018/Generativos/ffttfftt2/notes.md,arcCount,arccount,40,[12],none,low,"translucent arc count; arcs are near-transparent (alpha 30/0) so only the small center dots show, and 12 vs 40 is not visible",true,:2,false,
2018/Generativos/firezone,out/2018/Generativos/firezone/notes.md,line_count,line count,2200,[600],large,high,"much sparser; background shows through, individual strands and dashes become distinct",true,:2,false,
2018/Generativos/firezone,out/2018/Generativos/firezone/notes.md,size,size,520,[350],large,high,smaller cube packs lines denser; canvas corners (lower-right) go empty,true,:2,false,
2018/Generativos/firezone,out/2018/Generativos/firezone/notes.md,detAng_scale,detang scale,"random(0.002,0.01)*0.5","[""*3.0""]",large,high,"finer, tighter coil-like thread texture throughout",true,:2,false,
2018/Generativos/firezone,out/2018/Generativos/firezone/notes.md,strokeWeight_scale,strokeweight scale,v*12,"[""v*30""]",moderate,high,thick ribbon-like strokes; canvas more fully covered,true,:2,false,
2018/Generativos/firezone,out/2018/Generativos/firezone/notes.md,continuous_prob,continuous prob,0.4,[0.05],subtle,low,no visible change to overall structure; slightly more dashed/speckled texture,true,:2,false,
2018/Generativos/floflo,out/2018/Generativos/floflo/notes.md,cc,cc,"random(300,1000)",[1500],large,high,"higher count = denser, finer, busier small-rosette field (more overlap, smaller apparent stars)",true,:2,false,
2018/Generativos/floflo,out/2018/Generativos/floflo/notes.md,sub,sub,"random(80,260)","[20,40]",large,high,"fewer petals = thicker, bolder, chunkier spikes with wider dark gaps; coarser texture (largest pixel change of the set)",true,:2,false,
2018/Generativos/floflo,out/2018/Generativos/floflo/notes.md,ma,ma,"random(0.2,0.9)","[0.6,0.95]",large,high,"higher shrink = more nested concentric rings per rosette (deeper spiral, busier cores)",true,:2,false,
2018/Generativos/floflo,out/2018/Generativos/floflo/notes.md,dis,dis,"random(0.5,0.8)","[0.05,0.15]",large,high,smaller per-ring offset = rings stay more concentric/centred (less off-axis spiral); large spirals more circular,true,:2,false,
2018/Generativos/floflo,out/2018/Generativos/floflo/notes.md,bigcc,bigcc,"random(1,random(1,4))","[3,6]",large,high,more large central spirals; they cluster/overlap in the central band into one dominant spiral; lowest pixel-fraction change (small field unchanged),true,:2,false,
2018/Generativos/flofloflo,out/2018/Generativos/flofloflo/notes.md,sub,sub,"random(10,300)",[20],large,high,"coarser mosaic: fewer, larger squares; flowers scale up with the cells",true,:2,false,
2018/Generativos/flofloflo,out/2018/Generativos/flofloflo/notes.md,cc (petals per flower),cc,"random(3,20)",[6],large,high,"all flowers become 6-petal; dense many-petal pinwheels disappear, composition looks calmer and more uniform",true,:2,false,
2018/Generativos/flofloflo,out/2018/Generativos/flofloflo/notes.md,pwr1 (petal exponent),pwr1,"random(0.5,1.9)","[""random(2.5,3.0)""]",subtle,low,"subtle: petals slightly thinner/flatter, overall layout and colour distribution nearly identical",true,:2,false,
2018/Generativos/flofloflo,out/2018/Generativos/flofloflo/notes.md,s1 (petal size),s1,"s*random(0.3,0.45)","[""s*random(0.6,0.8)""]",large,high,"petals grow to overlap neighbouring cells; square backgrounds mostly hidden, image becomes a dense mass of overlapping pinwheels",true,:2,false,
2018/Generativos/flofloflo,out/2018/Generativos/flofloflo/notes.md,tilt (rotateX),tilt,0.3,[0.9],subtle,low,"subtle: slightly stronger 3D twist in the pinwheels, but minor at this resolution",true,:2,false,
2018/Generativos/flofloflo,out/2018/Generativos/flofloflo/notes.md,colors[] (palette),colors,10-colour warm/cool set,"[""6-colour set (yellow/orange/pink/purple/teal/green)""]",large,high,"whole recolour: pinks/purples/teals dominate, no near-black or cream; structure unchanged",true,:2,false,
2018/Generativos/florecitas,out/2018/Generativos/florecitas/notes.md,cc,cc,"int(random(60,80)*1.4)","[""*2.4""]",large,high,"more grid cells -> much smaller, far denser carpet of flowers; bands persist but thinner and finer",true,:2,false,
2018/Generativos/florecitas,out/2018/Generativos/florecitas/notes.md,flowerCount,flowercount,520,[1040],large,high,"more flowers: bands fill in, extra small blooms appear in the central gap; same size distribution",true,:2,false,
2018/Generativos/florecitas,out/2018/Generativos/florecitas/notes.md,det,det,random(0.01),[0.03],moderate,high,"3x size-field noise detail: smooth diagonal bands break into smaller, fragmented clusters",true,:2,false,
2018/Generativos/florecitas,out/2018/Generativos/florecitas/notes.md,layersStep,layersstep,0.03,[0.01],large,high,"~3x more concentric passes: rosettes show distinct ring structure, field looks busier",true,:2,false,
2018/Generativos/florecitas,out/2018/Generativos/florecitas/notes.md,lobeCount,lobecount,1,[2],moderate,high,"4-lobed instead of 2-lobed rose outline: flowers more scalloped/star-like, same composition",true,:2,false,
2018/Generativos/florecitas,out/2018/Generativos/florecitas/notes.md,dotAlpha,dotalpha,random(200),"[""random(60)""]",none,low,no visible change: stipple grid already near-invisible under the flowers,true,:2,false,
2018/Generativos/florecitas,out/2018/Generativos/florecitas/notes.md,rosette,rosette,,,,unscored,,true,:2,false,
2018/Generativos/florecitas,out/2018/Generativos/florecitas/notes.md,paletteLerp,palettelerp,,,,unscored,,true,:2,false,
2018/Generativos/florecitas,out/2018/Generativos/florecitas/notes.md,sineWobble,sinewobble,,,,unscored,,true,:2,false,
2018/Generativos/floripanos,out/2018/Generativos/floripanos/notes.md,radiusScale,radiusscale,0.4,[0.7],subtle,low,"sphere slightly larger, bristles reach further; same structure",false,:2,false,non-deterministic baseline; only large changes are reliable
2018/Generativos/floripanos,out/2018/Generativos/floripanos/notes.md,bristleLen,bristlelen,100,[40],none,low,no visible change (shorter bristles still overlap the dense core),false,:2,false,non-deterministic baseline; only large changes are reliable
2018/Generativos/floripanos,out/2018/Generativos/floripanos/notes.md,strokeColor,strokecolor,#FF0000,"[""#FFFFFF""]",subtle,low,hue shifts red to white/grey; low alpha (60) keeps contrast small,false,:2,false,non-deterministic baseline; only large changes are reliable
2018/Generativos/floripanos,out/2018/Generativos/floripanos/notes.md,minDist,mindist,2,[8],none,low,no visible change,false,:2,false,non-deterministic baseline; only large changes are reliable
2018/Generativos/floripanos,out/2018/Generativos/floripanos/notes.md,attempts,attempts,8000,[2000],none,low,no visible change (8000 attempts already saturates the hemisphere),false,:2,false,non-deterministic baseline; only large changes are reliable
2018/Generativos/flowwers/flowwers_001,out/2018/Generativos/flowwers/flowwers_001/notes.md,count,count,60000,[15000],large,high,"quarter the leaves: field goes sparse, near-black ground shows through, individual blades read clearly",true,:2,false,
2018/Generativos/flowwers/flowwers_001,out/2018/Generativos/flowwers/flowwers_001/notes.md,leafSizeScale,leafsizescale,0.04,[0.08],large,high,"2x blade length: coarser texture, fewer black gaps, noise-driven size clumps more visible",true,:2,false,
2018/Generativos/flowwers/flowwers_001,out/2018/Generativos/flowwers/flowwers_001/notes.md,angleDetail,angledetail,random(0.02),"[""random(0.005)""]",large,high,smoother coarser orientation field: leaves align into large directional patches and parallel rows,true,:2,false,
2018/Generativos/flowwers/flowwers_001,out/2018/Generativos/flowwers/flowwers_001/notes.md,sizeDetail,sizedetail,random(0.02),"[""random(0.005)""]",large,high,smoother coarser size field: big and small leaves form broad patches instead of fine clumps,true,:2,false,
2018/Generativos/flowwers/flowwers_001,out/2018/Generativos/flowwers/flowwers_001/notes.md,widthRatio,widthratio,0.3,[0.6],moderate,high,"blades 2x wider: chunkier rounder shapes, field fills in more, same muted colours",true,:2,false,
2018/Generativos/flowwers/flowwers_001,out/2018/Generativos/flowwers/flowwers_001/notes.md,leafPalette,leafpalette,9 muted green/tan,"[""5 bright neon (yellow/pink/blue/green)""]",large,high,"neon pink/green/blue/yellow field; same geometry, two-tone split per blade still visible",true,:2,false,
2018/Generativos/flowwers/flowwers_002,out/2018/Generativos/flowwers/flowwers_002/notes.md,c,c,20,[40],large,high,"more leaf batches, opaque tone rects and pie flowers; dark background mostly covered, leaf field denser",true,:2,false,
2018/Generativos/flowwers/flowwers_002,out/2018/Generativos/flowwers/flowwers_002/notes.md,cd,cd,100,[300],none,low,no visible change; thin arc specks at alpha <= 20 stay invisible at 3x count,true,:2,false,
2018/Generativos/flowwers/flowwers_002,out/2018/Generativos/flowwers/flowwers_002/notes.md,rectAlpha,rectalpha,40,[100],none,low,no visible change; the per-vertex-fill quad wash is not visible in the P2D render,true,:2,false,
2018/Generativos/flowwers/flowwers_002,out/2018/Generativos/flowwers/flowwers_002/notes.md,ss,ss,60,[30],subtle,low,"grid-snapped rects and pies reposition/requantise to a 30px grid; tone-block mosaic rearranges, leaf field unchanged",true,:2,false,
2018/Generativos/flowwers/flowwers_002,out/2018/Generativos/flowwers/flowwers_002/notes.md,pb,pb,0.7,[0.4],none,low,no visible change; leaf width-profile exponent not visible at this leaf size,true,:2,false,
2018/Generativos/flowwers/flowwers_003,out/2018/Generativos/flowwers/flowwers_003/notes.md,leafCount,leafcount,"int(random(2000,4000)*20) (~40k-80k)","[""int(random(500,1000)*20)""]",moderate,high,"fewer candidate points -> sparse foliage, stems and halos exposed",true,:2,false,
2018/Generativos/flowwers/flowwers_003,out/2018/Generativos/flowwers/flowwers_003/notes.md,leafNoiseAmp,leafnoiseamp,0.4,[0.6],moderate,high,"higher noise gate -> fewer leaves, clumps thin out, more open ground",true,:2,false,
2018/Generativos/flowwers/flowwers_003,out/2018/Generativos/flowwers/flowwers_003/notes.md,leafMaxSize,leafmaxsize,width*0.02,"[""width*0.04""]",moderate,high,larger blades -> dense dark-green mass covering most of canvas,true,:2,false,
2018/Generativos/flowwers/flowwers_003,out/2018/Generativos/flowwers/flowwers_003/notes.md,branchGrid,branchgrid,8,[16],subtle,low,"4x stem start cells -> many more stems/buds, weeder look",true,:2,false,
2018/Generativos/flowwers/flowwers_003,out/2018/Generativos/flowwers/flowwers_003/notes.md,bandCount,bandcount,16,[32],none,low,no visible change; bands stack near-opaquely so count barely matters,true,:2,false,
2018/Generativos/flowwers/flowwers_003,out/2018/Generativos/flowwers/flowwers_003/notes.md,haloSizeRange,halosizerange,"random(1,5) cells","[""random(3,9) cells""]",subtle,low,larger halos; green rings become prominent,true,:2,false,
2018/Generativos/forest,out/2018/Generativos/forest/notes.md,ch,ch,20,[10],large,high,"fewer, larger depth rows; canopies bigger, mosaic sparser",false,:2,false,non-deterministic baseline; only large changes are reliable
2018/Generativos/forest,out/2018/Generativos/forest/notes.md,sub,sub,"random(0,1000)",[100],moderate,high,"coarser mosaic, fewer and larger cells",false,:2,false,non-deterministic baseline; only large changes are reliable
2018/Generativos/forest,out/2018/Generativos/forest/notes.md,innerRatio,innerratio,0.2,[0.5],moderate,high,"inner rect ~half the cell; trapezoid faces wide and short, boxes flatter",false,:2,false,non-deterministic baseline; only large changes are reliable
2018/Generativos/forest,out/2018/Generativos/forest/notes.md,baseSize,basesize,1.2,[2.4],large,high,canopies 2x; blob layer dominates and nearly buries the cell grid,false,:2,false,non-deterministic baseline; only large changes are reliable
2018/Generativos/forest,out/2018/Generativos/forest/notes.md,arcCount,arccount,14,[0],subtle,low,radial glows removed; overall look stays close to baseline,false,:2,false,non-deterministic baseline; only large changes are reliable
2018/Generativos/forest,out/2018/Generativos/forest/notes.md,palette,palette,warm 9-colour set,"[""cool 9-colour blue set""]",moderate,high,"same composition, whole image in blues and whites",false,:2,false,non-deterministic baseline; only large changes are reliable
2018/Generativos/funester,out/2018/Generativos/funester/notes.md,dist,dist,"random(3, 4.8)","[""random(6, 8)""]",moderate,high,"fewer, more widely spaced scattered dots; faint rings around them become visible",true,:2,false,
2018/Generativos/funester,out/2018/Generativos/funester/notes.md,dotScale,dotscale,0.08,[0.3],moderate,high,scattered dots ~4x larger with prominent rings; grid layer unchanged,true,:2,false,
2018/Generativos/funester,out/2018/Generativos/funester/notes.md,ccMult,ccmult,2,[6],moderate,high,"grid 3x finer (smaller cells, smaller motifs, finer center squares)",true,:2,false,
2018/Generativos/funester,out/2018/Generativos/funester/notes.md,amp,amp,"random(0.1, 0.4)","[""random(0.5, 0.8)""]",moderate,high,"corner dots/arcs 2-3x larger, motif circles nearly fill cells",true,:2,false,
2018/Generativos/funester,out/2018/Generativos/funester/notes.md,ringWeight,ringweight,0.05,[0.2],none,low,"no visible change; rings are 0.08-1.5 px strokes, sub-pixel at this size",true,:2,false,
2018/Generativos/funester,out/2018/Generativos/funester/notes.md,candidates,candidates,10000,[3000],moderate,high,"shorter candidate loop shifts downstream random sequence: grid redrawn finer, large two-tone pie circles dominate; scattered layer nearly gone",true,:2,false,
2018/Generativos/futurismo,out/2018/Generativos/futurismo/notes.md,s,s,16,[40],none,low,"row 2.3x wider, boxes 2.5x taller (bbox 182->421px wide); 'none' label under-reports, see table note",false,:2,true,non-deterministic baseline; only large changes are reliable
2018/Generativos/futurismo,out/2018/Generativos/futurismo/notes.md,count,count,12,[6],none,low,"only 6 boxes, row shorter (143px), same box sizes",false,:2,true,non-deterministic baseline; only large changes are reliable
2018/Generativos/futurismo,out/2018/Generativos/futurismo/notes.md,shrink,shrink,0.8,[0.5],none,low,"boxes shrink faster, row much shorter (88px), ~6 visible",false,:2,true,non-deterministic baseline; only large changes are reliable
2018/Generativos/futurismo,out/2018/Generativos/futurismo/notes.md,d,d,"random(1,3)","[""random(0.3,0.5)""]",none,low,"tight spacing, boxes overlap into a dense 46px cluster at center",false,:2,true,non-deterministic baseline; only large changes are reliable
2018/Generativos/futurismo,out/2018/Generativos/futurismo/notes.md,maxAng,maxang,0.8,[1.5],none,low,"no visible change at frame 1 (bbox identical: 181 vs 182px, 924 vs 919 white px)",false,:2,true,non-deterministic baseline; only large changes are reliable
2018/Generativos/futurismo,out/2018/Generativos/futurismo/notes.md,camRadius,camradius,400,[120],none,low,"camera 3.3x closer, whole row 3.3x larger (h 29->99px), spans x=2..433",false,:2,true,non-deterministic baseline; only large changes are reliable
2018/Generativos/galpon,out/2018/Generativos/galpon/notes.md,subs,subs,int(random(400)),"[""int(random(200))""]",subtle,low,"fewer subdivision passes: boxes larger, hatching sparser and more open",true,:2,false,
2018/Generativos/galpon,out/2018/Generativos/galpon/notes.md,cc,cc,100,[30],moderate,high,"lines per hatch pass: 30 makes hatching sparse, boxes read as distinct wireframes instead of colour fields",true,:2,false,
2018/Generativos/galpon,out/2018/Generativos/galpon/notes.md,scale,scale,0.6,[1.0],moderate,high,"zoom: scene 1.7x larger, boxes fill the canvas, strong diagonal edge dominates",true,:2,false,
2018/Generativos/galpon,out/2018/Generativos/galpon/notes.md,fov,fov,"PI/random(3,5)","[""PI/2""]",moderate,high,"wider angle: stronger perspective distortion, structure fans out to the frame edges",true,:2,false,
2018/Generativos/galpon,out/2018/Generativos/galpon/notes.md,strokeAlpha,strokealpha,"random(100,160)",[255],moderate,high,fully opaque first hatch: lines and colour fields visibly more saturated,true,:2,false,
2018/Generativos/galpon,out/2018/Generativos/galpon/notes.md,splitRange,splitrange,"random(0.3,0.7)","[""random(0.2,0.8)""]",subtle,low,"more uneven splits: box proportions slightly more extreme, overall look similar",true,:2,false,
2018/Generativos/gaming,out/2018/Generativos/gaming/notes.md,trailAlpha,trailalpha,20,[60],moderate,high,heavier per-frame black overlay -> background clearly darker at frame 1; shortens the fading trail (only over later frames),true,:2,false,
2018/Generativos/gaming,out/2018/Generativos/gaming/notes.md,gravity,gravity,0.7,[0.15],none,low,no visible change at frame 1; slower downward descent only diverges over later frames,true,:2,false,
2018/Generativos/gaming,out/2018/Generativos/gaming/notes.md,dotSize,dotsize,50+cos(vy*0.2)*20,"[""110+cos(vy*0.2)*50""]",none,low,center dot visibly larger (~160 vs 50 px diameter) but a small fraction of the canvas,true,:2,false,
2018/Generativos/gaming,out/2018/Generativos/gaming/notes.md,colorSpeed,colorspeed,0.05,[0.3],none,low,no visible change at frame 1 (frameCount=1 keeps both at the first palette colour); faster palette cycling only later,true,:2,false,
2018/Generativos/gaming,out/2018/Generativos/gaming/notes.md,palette,palette,"{#FFFCF7,#FDDA02,#EE78AC,#3155A3,#028B88}","{#01AFD8,#009A91,#E46952,#784391,#1B2D53}",none,low,dot recolored to cyan/teal (first colour of the commented alt set) instead of cream at frame 1,true,:2,false,
2018/Generativos/gotas,out/2018/Generativos/gotas/notes.md,blobCount,blobcount,100,[250],large,high,"denser packing, canvas fully covered, black background almost gone",true,:2,false,
2018/Generativos/gotas,out/2018/Generativos/gotas/notes.md,blobMaxFrac,blobmaxfrac,0.4,[0.2],large,high,"max diameter halved, scattered look with black gaps between blobs",true,:2,false,
2018/Generativos/gotas,out/2018/Generativos/gotas/notes.md,haloAlpha,haloalpha,80,[160],moderate,high,"halos more opaque, blobs less see-through, softer glow reduced",true,:2,false,
2018/Generativos/gotas,out/2018/Generativos/gotas/notes.md,rosetteCount,rosettecount,random(50),"[""random(10)""]",none,low,no visible change; with seed 42 the rosette phase draws nothing,true,:2,false,
2018/Generativos/gotas,out/2018/Generativos/gotas/notes.md,petalMax,petalmax,"random(0,50)","[""random(0,5)""]",none,low,no visible change; rosette phase inactive for seed 42,true,:2,false,
2018/Generativos/gotas,out/2018/Generativos/gotas/notes.md,rosetteRings,rosetterings,"random(1,3)","[""random(3,8)""]",none,low,no visible change; rosette phase inactive for seed 42,true,:2,false,
2018/Generativos/gradgrad,out/2018/Generativos/gradgrad/notes.md,bandCount,bandcount,40,[10],large,high,"fewer, bolder bands; white ground shows through",true,:2,false,
2018/Generativos/gradgrad,out/2018/Generativos/gradgrad/notes.md,hhScale,hhscale,0.2,[0.06],large,high,much thinner bands -> web of thin crossing colour stripes,true,:2,false,
2018/Generativos/gradgrad,out/2018/Generativos/gradgrad/notes.md,maxAlpha,maxalpha,500,[120],large,high,"far more translucent -> washed-out pastel, low contrast",true,:2,false,
2018/Generativos/gradgrad,out/2018/Generativos/gradgrad/notes.md,cwMax,cwmax,130,[30],subtle,low,no visible change at a glance; checker bands nearly identical (columns marginally coarser),true,:2,false,
2018/Generativos/gradgrad,out/2018/Generativos/gradgrad/notes.md,gradProb,gradprob,0.5,[0.9],moderate,high,"most bands become smooth gradients, little checker dither left",true,:2,false,
2018/Generativos/gradientWalkers,out/2018/Generativos/gradientWalkers/notes.md,cc,cc,"random(8, random(20,40))","[24,8]",large,high,24 = dense small-tile mosaic; 8 = coarse 8x8 tiles with big smooth gradients,true,:2,false,
2018/Generativos/gradientWalkers,out/2018/Generativos/gradientWalkers/notes.md,walkers,walkers,100,[20],large,high,"fewer walkers -> more pure-black unvisited cells, sparser tiles",true,:2,false,
2018/Generativos/gradientWalkers,out/2018/Generativos/gradientWalkers/notes.md,steps,steps,200,[40],large,high,"shorter walks -> more black gaps, less connected tile paths",true,:2,false,
2018/Generativos/gradientWalkers,out/2018/Generativos/gradientWalkers/notes.md,turnProb,turnprob,0.25,[0.6],large,high,"more turning -> shorter straight runs, more uniform mix of tile orientations",true,:2,false,
2018/Generativos/gradientWalkers,out/2018/Generativos/gradientWalkers/notes.md,gridStroke,gridstroke,"0,10","[""255,60""]",none,low,no visible change; stroke is overdrawn by the gradient tiles,true,:2,false,
2018/Generativos/grids,out/2018/Generativos/grids/notes.md,cc,cc,"random(1,7)",[2],large,high,backdrop becomes a 2x2 grid of giant circles; the square grid dominates,true,:2,false,
2018/Generativos/grids,out/2018/Generativos/grids/notes.md,sr,sr,"random(0.7,0.94)",[0.4],moderate,high,primary squares shrink to 40%; secondary (sr2) squares + circle backdrop show through,true,:2,false,
2018/Generativos/grids,out/2018/Generativos/grids/notes.md,det,det,"random(0,0.1)",[0.001],moderate,high,"lower detail = smoother, near-uniform square sizes with gentle size gradients",true,:2,false,
2018/Generativos/grids,out/2018/Generativos/grids/notes.md,arcSize,arcsize,random(20),[60],subtle,low,"coarser, more visible arc specks; overall composition unchanged",true,:2,false,
2018/Generativos/grids,out/2018/Generativos/grids/notes.md,sc2,sc2,"random(0.01,0.2)",[0.35],subtle,low,slightly larger intersection dots; overall look unchanged,true,:2,false,
2018/Generativos/grids,out/2018/Generativos/grids/notes.md,sr2,sr2,"random(0.1,1)",[1.0],moderate,high,"inner square at full noise size = chunky solid squares, less two-square effect",true,:2,false,
2018/Generativos/griiiids,out/2018/Generativos/griiiids/notes.md,cc,cc,int(random(100)*random(1)) (~3 at seed 42),[100],large,high,grid cell count; 100 turns a few giant shapes into a dense ~10k-tile mosaic with flow-like streaks,false,:2,true,non-deterministic baseline; only large changes are reliable
2018/Generativos/griiiids,out/2018/Generativos/griiiids/notes.md,amp,amp,"random(random(0.8,1),1) in (0.64,1)",[2.0],large,high,2.0 makes cell rects so huge they cover everything; image reduces to a few big soft gradient circles,false,:2,true,non-deterministic baseline; only large changes are reliable
2018/Generativos/griiiids,out/2018/Generativos/griiiids/notes.md,scatterCount,scattercount,cc*3,"[""cc*12""]",large,high,4x more circles; composition becomes dominated by overlapping outlined target circles,false,:2,true,non-deterministic baseline; only large changes are reliable
2018/Generativos/griiiids,out/2018/Generativos/griiiids/notes.md,whiteTint,whitetint,0.2,[0.6],large,high,"fills washed toward white; coral rects read pink/peach, overall brighter and softer",false,:2,true,non-deterministic baseline; only large changes are reliable
2018/Generativos/griiiids,out/2018/Generativos/griiiids/notes.md,noiseOctaves,noiseoctaves,2,[5],moderate,high,"no visible structural change (differences within animation-phase noise, deterministic:false)",false,:2,true,non-deterministic baseline; only large changes are reliable
2018/Generativos/griiiids,out/2018/Generativos/griiiids/notes.md,angScale,angscale,TAU*4,"[""TAU""]",moderate,high,"no visible structural change; rects still strongly rotated, same composition (subtle, phase noise)",false,:2,true,non-deterministic baseline; only large changes are reliable
2018/Generativos/grit,out/2018/Generativos/grit/notes.md,sub,sub,int(random(10000)),[500],large,high,"fewer splits = coarser, larger mosaic tiles; sliver bands thinner, fewer ultra-dense fragments",true,:2,false,
2018/Generativos/grit,out/2018/Generativos/grit/notes.md,cw,cw,"int(random(1,4))","[""int(random(1,3))""]",large,high,"wider tiles; layout nearly identical to baseline, but random stream shifts so many fills change colour",true,:2,false,
2018/Generativos/grit,out/2018/Generativos/grit/notes.md,det,det,random(0.02),[0.002],large,high,lower detail = dot sizes vary smoothly over large areas; giant cells get giant dots,true,:2,false,
2018/Generativos/grit,out/2018/Generativos/grit/notes.md,dotScale,dotscale,"min(r.w,r.h)","[""min(r.w,r.h)*0.5""]",none,low,"no visible change: dots/rings slightly smaller, below the change threshold",true,:2,false,
2018/Generativos/grit,out/2018/Generativos/grit/notes.md,wedgeAlpha,wedgealpha,random(140),"[""random(40)""]",moderate,high,lower alpha = diagonal half-wedges much more transparent; cells read as soft two-tone gradients,true,:2,false,
2018/Generativos/grita,out/2018/Generativos/grita/notes.md,size,size,400,[200],large,high,"half radius: texture shrinks to a central diamond, gray background exposed around it",true,:2,false,
2018/Generativos/grita,out/2018/Generativos/grita/notes.md,strokeAlpha,strokealpha,120,[60],large,high,"still full-bleed dark, but individual diagonal hairlines read clearly and the field is slightly lighter",true,:2,false,
2018/Generativos/grita,out/2018/Generativos/grita/notes.md,points,points,100000,[20000],large,high,"sparser hatching: strokes separate into visible lines with gaps, overall lighter",true,:2,false,
2018/Generativos/grita,out/2018/Generativos/grita/notes.md,scale,scale,1.2,[2.0],moderate,high,texture spreads out and lightens to mid-gray; all three axis lines become visible crossing at center,true,:2,false,
2018/Generativos/grita,out/2018/Generativos/grita/notes.md,smooth,smooth,8,[1],subtle,low,"subtle: strokes slightly coarser/more aliased, still a dense dark field",true,:2,false,
2018/Generativos/gtgt,out/2018/Generativos/gtgt/notes.md,div,div,random int in 2-99 (≈48 at seed 42),[20],large,high,coarser grid: 20x20 visibly large tiles instead of a fine mosaic; forcing div also shifts all downstream random draws,true,:2,false,
2018/Generativos/gtgt,out/2018/Generativos/gtgt/notes.md,det,det,random(0.1),[0.001],large,high,"100x lower noise frequency: diagonal directions become weakly correlated between neighbours, but at this fine cell size the layout still reads as random per cell",true,:2,false,
2018/Generativos/gtgt,out/2018/Generativos/gtgt/notes.md,threshold,threshold,0.5,[0.2],moderate,high,diagonals now run predominantly in one direction (only ~20% of cells take the other diagonal),true,:2,false,
2018/Generativos/gtgt,out/2018/Generativos/gtgt/notes.md,lerpT,lerpt,0.5,[0.1],subtle,low,"triangles keep the raw second palette colour instead of a washed 50% midpoint; slightly higher contrast, identical layout",true,:2,false,
2018/Generativos/gtgt,out/2018/Generativos/gtgt/notes.md,colors,colors,pastel 5-colour list,"[""{#0D1B2A, #1B263B, #415A77, #778DA9, #E0E1DD}""]",large,high,"identical structure, dark navy/steel/cream palette; much darker overall impression",true,:2,false,
2018/Generativos/guasanos,out/2018/Generativos/guasanos/notes.md,cw,cw,40,[20],moderate,high,"fewer, wider ellipses per row; corner tangle thinner; cleaner sparser band",false,:2,false,non-deterministic baseline; only large changes are reliable
2018/Generativos/guasanos,out/2018/Generativos/guasanos/notes.md,ch,ch,60,[50],moderate,high,"50 chains vs 60: denser overlapping rings in lower half; ch=20 crashed (totalH indexed by column loop, line 36)",false,:2,false,non-deterministic baseline; only large changes are reliable
2018/Generativos/guasanos,out/2018/Generativos/guasanos/notes.md,det,det,0.02,[0.05],moderate,high,"finer size variation; fan fills in, bottom-right much denser, less smooth band",false,:2,false,non-deterministic baseline; only large changes are reliable
2018/Generativos/guasanos,out/2018/Generativos/guasanos/notes.md,noiseFloorW,noisefloorw,0.2,[0.02],moderate,high,extreme width contrast: very wide ellipses next to near-zero slivers; jagged stepped march,false,:2,false,non-deterministic baseline; only large changes are reliable
2018/Generativos/guasanos,out/2018/Generativos/guasanos/notes.md,noiseFloorH,noisefloorh,0.2,[0.02],moderate,high,"extreme height contrast: flat ellipse rows and big vertical drops; banded, compressed lower region",false,:2,false,non-deterministic baseline; only large changes are reliable
2018/Generativos/guasanos,out/2018/Generativos/guasanos/notes.md,timeSpeed,timespeed,0.0001,[0.001],moderate,high,"no structural change - same tangle-and-fan structure, just a different noise slice (non-deterministic)",false,:2,false,non-deterministic baseline; only large changes are reliable
2018/Generativos/hembras,out/2018/Generativos/hembras/notes.md,subs,subs,int(random(2000)),[800],large,high,"fewer splits = larger, coarser facets; strong diagonal bundles and plate-like slabs, less fine detail",true,:2,false,
2018/Generativos/hembras,out/2018/Generativos/hembras/notes.md,cc,cc,120,[30],large,high,"fewer hatch lines per box = much sparser, whiter image; individual boxes read as distinct grids",true,:2,false,
2018/Generativos/hembras,out/2018/Generativos/hembras/notes.md,strokeAlpha,strokealpha,"random(16, 70)","[""random(16, 140)""]",large,high,"heavier alpha = darker, more solid wash; same composition, denser overlapping texture",true,:2,false,
2018/Generativos/hembras,out/2018/Generativos/hembras/notes.md,scale,scale,0.6,[1.0],moderate,high,"structure zoomed to fill the frame, cropped at edges; same look, larger bands",true,:2,false,
2018/Generativos/hembras,out/2018/Generativos/hembras/notes.md,strokeWeight,strokeweight,0.2,[1.0],large,high,"5x thicker lines fuse into near-black masses; structure barely distinguishable, strong vertical banding",true,:2,false,
2018/Generativos/hexa,out/2018/Generativos/hexa/notes.md,ss,ss,"random(60,320)","[60,320]",large,high,min = dense fine honeycomb of many small cells; max = few giant sparse hexagons with dark ground showing between cells,true,:2,false,
2018/Generativos/hexa,out/2018/Generativos/hexa/notes.md,dy,dy,sqrt(3)*ss/4,"[""sqrt(3)*ss/2""]",large,high,double row spacing: hexagon rows separated by dark zig-zag gaps,true,:2,false,
2018/Generativos/hexa,out/2018/Generativos/hexa/notes.md,mm,mm,120,[255],moderate,high,"fan triangles fully opaque: much stronger, darker faceted pyramid shading",true,:2,false,
2018/Generativos/hexa,out/2018/Generativos/hexa/notes.md,colors,colors,5 warm tones (blue/orange/red/pink/pale),"[""5 cool tones (navy/periwinkle/cyan/dark-teal/white)""]",large,high,"identical structure, cool blue/cyan/white cast instead of warm orange/red/pink",true,:2,false,
2018/Generativos/hombros,out/2018/Generativos/hombros/notes.md,cc,cc,16,[32],moderate,high,"doubling line slices makes the curtain much denser and darker, nearly solid",true,:2,false,
2018/Generativos/hombros,out/2018/Generativos/hombros/notes.md,cellCount,cellcount,100000,[30000],large,high,thinner curtain with large soft light patches where cells are missing; central structure survives,true,:2,false,
2018/Generativos/hombros,out/2018/Generativos/hombros/notes.md,ss,ss,"random(20,120)","[""random(80,120)""]",moderate,high,"coarser, more open crystalline line texture; dark horizontal band across the middle",true,:2,false,
2018/Generativos/hombros,out/2018/Generativos/hombros/notes.md,strokeWeight,strokeweight,0.2,[1],moderate,high,curtain overall lighter and softer; central cross fainter,true,:2,false,
2018/Generativos/hombros,out/2018/Generativos/hombros/notes.md,strokeAlpha,strokealpha,20,[60],large,high,darker curtain; individual diagonal cables become visible as cross-hatching,true,:2,false,
2018/Generativos/hombros,out/2018/Generativos/hombros/notes.md,scale,scale,0.6,[1],moderate,high,"more dramatic perspective: denser darker curtain, thicker dark band, thinner brighter central line",true,:2,false,
2018/Generativos/hori01,out/2018/Generativos/hori01/notes.md,cc,cc,int(random(200)),[400],large,high,"more, denser bands; layout reshuffled (random draw removed), wide slate/rust/olive bands over gold",true,:2,false,
2018/Generativos/hori01,out/2018/Generativos/hori01/notes.md,maxH,maxh,random(1)*random(0.1),"[""random(1)*random(0.3)""]",moderate,high,"same stripe positions, 3x taller: canvas fully covered in a dense multicolour stripe texture, no background left",true,:2,false,
2018/Generativos/hori01,out/2018/Generativos/hori01/notes.md,palette,palette,"[#1D1923, #BBC0AC, #5A8590, #C3A651, #8C3503]","[""[#101820, #F4D35E, #EE964B, #F95738, #0D3B66]""]",large,high,"vermilion/orange dominant with dark navy, yellow and teal bands; structure unchanged, entirely new colour mood",true,:2,false,
2018/Generativos/hori01,out/2018/Generativos/hori01/notes.md,background,background,rcol(),"[""#1D1923""]",large,high,"background recoloured dark; sparse thin bands (teal, rust, sage) read as lines on a flat ground instead of stripes on gold",true,:2,false,
2018/Generativos/hori01,out/2018/Generativos/hori01/notes.md,mix,mix,"random(1)*random(0.2,1)",[1.0],moderate,high,"every stripe an exact adjacent-palette lerp: denser, more muted texture (slate/olive/navy/rust), no pure palette colours",true,:2,false,
2018/Generativos/hori02,out/2018/Generativos/hori02/notes.md,cc,cc,"0-199 (int(random(200)*random(0.3,1)))",[300],large,high,300 bands cover the whole canvas; mustard gaps disappear,true,:2,false,
2018/Generativos/hori02,out/2018/Generativos/hori02/notes.md,maxBandHeightFrac,maxbandheightfrac,0.1,[0.4],moderate,high,"same band positions, up to 4x thicker bands",true,:2,false,
2018/Generativos/hori02,out/2018/Generativos/hori02/notes.md,maxStripes,maxstripes,120,[30],moderate,high,"fewer, wider stripes; chunkier bands",true,:2,false,
2018/Generativos/hori02,out/2018/Generativos/hori02/notes.md,bandBaseMix,bandbasemix,"random(0.2,1)","[""random(0.5,1)""]",none,low,no visible change; per-stripe lerp dominates the band base,true,:2,false,
2018/Generativos/hori02,out/2018/Generativos/hori02/notes.md,stripeMix,stripemix,random(1),"[""random(0.4)""]",none,low,no visible change at this seed,true,:2,false,
2018/Generativos/hori03,out/2018/Generativos/hori03/notes.md,cc,cc,"int(random(200)*random(0.2,1)) ~20-200",[30],large,high,"fewer, thinner ribbons; more gold background showing in the gaps",false,:2,true,non-deterministic baseline; only large changes are reliable
2018/Generativos/hori03,out/2018/Generativos/hori03/notes.md,hFrac,hfrac,0.14,[0.04],moderate,high,"thinner, more delicate ribbons; finer overall texture",false,:2,true,non-deterministic baseline; only large changes are reliable
2018/Generativos/hori03,out/2018/Generativos/hori03/notes.md,sub,sub,int(random(120)),[24],large,high,"much coarser blocks; larger, flatter colour cells per ribbon",false,:2,true,non-deterministic baseline; only large changes are reliable
2018/Generativos/hori03,out/2018/Generativos/hori03/notes.md,det,det,random(0.06),"[""random(0.15)""]",large,high,"smoother, more regular colour bands; cleaner flow than the busier baseline",false,:2,true,non-deterministic baseline; only large changes are reliable
2018/Generativos/hori03,out/2018/Generativos/hori03/notes.md,ampFrac,ampfrac,h*random(10),"[""h*random(2)""]",large,high,"flatter ribbons; larger angular blocks, less depth undulation",false,:2,true,non-deterministic baseline; only large changes are reliable
2018/Generativos/hori03,out/2018/Generativos/hori03/notes.md,zOffset,zoffset,-200,[-50],moderate,high,"ribbons closer to camera; larger scale, stronger perspective, more background visible",false,:2,true,non-deterministic baseline; only large changes are reliable
2018/Generativos/horizontes,out/2018/Generativos/horizontes/notes.md,cc,cc,"random(6, 40)","[8,80]",large,high,fewer = a handful of thick calm bands; more = dense fine stripes,true,:2,true,
2018/Generativos/horizontes,out/2018/Generativos/horizontes/notes.md,det,det,"random(0.001, 0.008)",[0.02],moderate,high,"higher = finer, tighter ripples on band edges",true,:2,true,
2018/Generativos/horizontes,out/2018/Generativos/horizontes/notes.md,amp,amp,"random(1/cc, 2/cc)","[""5/cc""]",large,high,larger = thick undulating ribbons of varying stripe thickness,true,:2,true,
2018/Generativos/horizontes,out/2018/Generativos/horizontes/notes.md,dc,dc,random(600)*random(1),[0.1],large,high,"smaller = all bands nearly the same colour, canvas reads as flat orange",true,:2,true,
2018/Generativos/horizontes,out/2018/Generativos/horizontes/notes.md,ampw,ampw,random(100),[400],moderate,high,"larger = stronger horizontal undulation, more hilly mountain-silhouette edges",true,:2,true,
2018/Generativos/iidd,out/2018/Generativos/iidd/notes.md,count,count,100,[300],moderate,high,"3× more cubes per frame: visibly denser field of small/mid cubes, same overall character",false,:2,false,non-deterministic baseline; only large changes are reliable
2018/Generativos/iidd,out/2018/Generativos/iidd/notes.md,sizeMax,sizemax,120,[300],large,high,"random(120)->random(300): giant cubes appear, some faces span most of the canvas; scattered-look becomes few huge forms",false,:2,false,non-deterministic baseline; only large changes are reliable
2018/Generativos/iidd,out/2018/Generativos/iidd/notes.md,strokeAlpha,strokealpha,20,[180],subtle,low,"no visible change: cube bodies unchanged, edges only marginally darker on a few shapes",false,:2,false,non-deterministic baseline; only large changes are reliable
2018/Generativos/iidd,out/2018/Generativos/iidd/notes.md,palette,palette,"5 colors (#FEB63F,#F29AAA,#297CCA,#003151,#E1DBDB)","[""#003151,#E1DBDB""]",moderate,high,"only dark-navy and off-white cubes: calm two-tone look, same geometry",false,:2,false,non-deterministic baseline; only large changes are reliable
2018/Generativos/iidd,out/2018/Generativos/iidd/notes.md,spread,spread,width,"[""width*0.3""]",large,high,cubes confined to a central cluster; canvas corners stay empty gray,false,:2,false,non-deterministic baseline; only large changes are reliable
2018/Generativos/insitu,out/2018/Generativos/insitu/notes.md,sub,sub,int(random(80)),[15],large,high,"fewer passes = fewer, much larger nested rings; central mandala shrinks relative to canvas",true,:2,false,
2018/Generativos/insitu,out/2018/Generativos/insitu/notes.md,max (mix spread),max,random(0.5),[0.1],large,high,"tight spread around 0.5 = strict square/diamond alternation, very regular pinwheel nesting",true,:2,false,
2018/Generativos/insitu,out/2018/Generativos/insitu/notes.md,amp,amp,random(min),"[""min""]",large,high,full-size corner decorations: giant corner squares and shadows dominate the outer rings,true,:2,false,
2018/Generativos/insitu,out/2018/Generativos/insitu/notes.md,colors,colors,5-colour warm palette,"[""5 grey steps""]",large,high,same geometry in monochrome greys; lerp rule gives grey gradients instead of colour contrast,true,:2,false,
2018/Generativos/insitu,out/2018/Generativos/insitu/notes.md,arc2 shd1 (ring alpha),arc2 shd1,60,[0],subtle,low,no visible change; the thin low-alpha rings were already barely perceptible,true,:2,false,
2018/Generativos/insitu,out/2018/Generativos/insitu/notes.md,srect alp1 (shadow alpha),srect alp1,10,[80],moderate,high,"drop shadows on the corner squares become clearly visible, adding a lifted/relief feel",true,:2,false,
2018/Generativos/inthewordl,out/2018/Generativos/inthewordl/notes.md,div,div,"int(random(4, 80))*4 (16-316 sectors)","[180,220]",moderate,high,"more sectors: 4-lobed diamond becomes sharper, finer angular facets",true,:2,false,
2018/Generativos/inthewordl,out/2018/Generativos/inthewordl/notes.md,sub,sub,"int(random(8, random(8, 700))) (up to ~699 rings)",[150],large,high,"fewer, much wider color bands; outer area becomes broad flat wedges",true,:2,false,
2018/Generativos/inthewordl,out/2018/Generativos/inthewordl/notes.md,pwr,pwr,"random(0.8, random(1, 20))",[3],large,high,rings spread evenly over the radius instead of crowding the center,true,:2,false,
2018/Generativos/inthewordl,out/2018/Generativos/inthewordl/notes.md,d2,d2,random(20),[4],large,high,larger smoother lobes in the center; outer bands fold into jagged zigzag stripes,true,:2,false,
2018/Generativos/inthewordl,out/2018/Generativos/inthewordl/notes.md,shw2,shw2,random(80),[8],subtle,low,no visible change,true,:2,false,
2018/Generativos/irtri,out/2018/Generativos/irtri/notes.md,ss,ss,"random(40, random(120))",[140],large,high,"coarser grid: fewer, much larger faceted diamonds; dot lattice far more widely spaced",true,:2,true,
2018/Generativos/irtri,out/2018/Generativos/irtri/notes.md,ccc_rhombi,ccc rhombi,cc*cc*random(1),[0.2],large,high,"5x fewer rhombus bodies: sparser, more scattered shapes; background, dot lattice and hatch web exposed",true,:2,true,
2018/Generativos/irtri,out/2018/Generativos/irtri/notes.md,ccc_hatch,ccc hatch,cc*cc*random(10),[2],subtle,low,no visible change; dense hatch web looks the same at seed 42,true,:2,true,
2018/Generativos/irtri,out/2018/Generativos/irtri/notes.md,shadow_alp,shadow alp,12,[100],large,high,"grainy black shadow quads dominate: image much darker, near-black background patches, shapes read as light on dark",true,:2,true,
2018/Generativos/irtri,out/2018/Generativos/irtri/notes.md,shw,shw,h*0.8,[1.6],moderate,high,diamond wings/shadow slightly wider and softer; composition unchanged,true,:2,true,
2018/Generativos/irtri,out/2018/Generativos/irtri/notes.md,colors,colors,6-col teal/yellow/pink set,"[""warm orange/red/steel-blue set""]",moderate,high,"same composition recolored: orange, red, cream, steel blue; structure unaffected",true,:2,true,
2018/Generativos/isogrid,out/2018/Generativos/isogrid/notes.md,cc,cc,random 8-220,"[40,320]",,unscored,"40 = coarse sparse grid, long walk segments; 320 = fine graph-paper mesh covering the whole canvas",true,:2,true,
2018/Generativos/isogrid,out/2018/Generativos/isogrid/notes.md,ringCount,ringcount,20,[80],moderate,high,more overlapping soft-circle halos; background becomes visibly mottled with circular structure,true,:2,true,
2018/Generativos/isogrid,out/2018/Generativos/isogrid/notes.md,dotHaloAlpha,dothaloalpha,2,[100],large,high,"halo ellipses at every grid vertex become dominant, canvas covered in overlapping gray circles",true,:2,true,
2018/Generativos/isogrid,out/2018/Generativos/isogrid/notes.md,walkerAlpha,walkeralpha,10,[200],subtle,low,"random-walk lines only slightly more visible, still faint under the shader grain",true,:2,true,
2018/Generativos/isogrid,out/2018/Generativos/isogrid/notes.md,stippleMaxAlpha,stipplemaxalpha,10,[100],none,low,"no visible change - stipple dots are tiny (ss*random(0.05)), area too small to read at any alpha",true,:2,true,
2018/Generativos/iuuio,out/2018/Generativos/iuuio/notes.md,sub,sub,"random(4, 80000)",[200],large,high,"fewer subdivision iterations -> only a handful of huge monolithic blocks, the dense city disappears",true,:2,true,
2018/Generativos/iuuio,out/2018/Generativos/iuuio/notes.md,heightScale,heightscale,random(10) multiplier in hh,[50],large,high,"columns ~5x taller; dense tall city of towers fills the frame, big red monoliths persist",true,:2,true,
2018/Generativos/iuuio,out/2018/Generativos/iuuio/notes.md,det,det,random(0.01),[0.05],moderate,high,"finer noise scale -> height field becomes patchier/more local, smooth gradient breaks up; layout otherwise similar",true,:2,true,
2018/Generativos/iuuio,out/2018/Generativos/iuuio/notes.md,palette,palette,5 colors incl. #17BED0 cyan,"[""#17BED0 -> #522E90""]",moderate,high,"geometry identical; all cyan columns now purple, no cyan left",true,:2,true,
2018/Generativos/iuuio,out/2018/Generativos/iuuio/notes.md,layerDepth,layerdepth,3,[10],subtle,low,no visible change at this scale; stacks look the same,true,:2,true,
2018/Generativos/iuuio,out/2018/Generativos/iuuio/notes.md,rotX,rotx,"PI*random(0.0, 0.4)",[0.0],large,high,"oblique tilt removed -> pure top-down flat mosaic of colored tiles, extrusion no longer visible",true,:2,true,
2018/Generativos/juice,out/2018/Generativos/juice/notes.md,dc,dc,"random(10,33)",[10],,unscored,,true,:2,false,
2018/Generativos/juice,out/2018/Generativos/juice/notes.md,c,c,random(500),[100],,unscored,,true,:2,false,
2018/Generativos/juice,out/2018/Generativos/juice/notes.md,cc,cc,random(6)*random(1),[0],,unscored,,true,:2,false,
2018/Generativos/juice,out/2018/Generativos/juice/notes.md,noiseDetail,noisedetail,1,[5],,unscored,,true,:2,false,
2018/Generativos/juice,out/2018/Generativos/juice/notes.md,blobAlpha,blobalpha,250,[128],,unscored,,true,:2,false,
2018/Generativos/juice,out/2018/Generativos/juice/notes.md,gridStroke,gridstroke,"stroke(0,6)",[40],,unscored,,true,:2,false,
2018/Generativos/kidmi,out/2018/Generativos/kidmi/notes.md,cc,cc,"random(20,40)",[6],large,high,"fewer, much larger cells and bigger circles/hatch; also re-rolls the colour stream so the wash shifts salmon -> near-white",true,:2,false,
2018/Generativos/kidmi,out/2018/Generativos/kidmi/notes.md,dotSize,dotsize,ss*0.1,"[""ss*0.4""]",subtle,low,centred cell dots 4x larger; barely visible at this scale,true,:2,false,
2018/Generativos/kidmi,out/2018/Generativos/kidmi/notes.md,circleSizeMax,circlesizemax,"ss*random(1,5)","[""ss*random(1,10)""]",moderate,high,circles up to 10 cells; several large overlapping discs dominate,true,:2,false,
2018/Generativos/kidmi,out/2018/Generativos/kidmi/notes.md,overlayAlpha,overlayalpha,70,[0],moderate,high,"removes the salmon full-canvas wash; background reads pale gray, accents clearer",true,:2,false,
2018/Generativos/kidmi,out/2018/Generativos/kidmi/notes.md,hatchCount,hatchcount,10,[30],subtle,low,a few more cross-hatch patches but still sparse and faint; look nearly unchanged,true,:2,false,
2018/Generativos/kidmi,out/2018/Generativos/kidmi/notes.md,hatchLines,hatchlines,"random(3,28)","[""random(3,90)""]",none,low,no visible change to hatch density,true,:2,false,
2018/Generativos/kidmito,out/2018/Generativos/kidmito/notes.md,cc,cc,"int(random(20, 40))",[10],large,high,"coarse 10x10 grid: much larger cells, dots, circles and hatch blocks, same composition",true,:2,false,
2018/Generativos/kidmito,out/2018/Generativos/kidmito/notes.md,dotSideFraction,dotsidefraction,0.1,[0.3],subtle,low,centre square of each cell 3x wider (0.3*ss); rest of image identical,true,:2,false,
2018/Generativos/kidmito,out/2018/Generativos/kidmito/notes.md,coloredCellFraction,coloredcellfraction,0.2,[0.5],large,high,"half the cells get a palette colour: dense multicolour mosaic, pale field lost",true,:2,false,
2018/Generativos/kidmito,out/2018/Generativos/kidmito/notes.md,circleSizeRange,circlesizerange,"ss*int(random(1, 5))","[""ss*int(random(2, 9))""]",moderate,high,"circles up to 9 cells wide, several overlap and dominate the grid",true,:2,false,
2018/Generativos/kidmito,out/2018/Generativos/kidmito/notes.md,veilAlpha,veilalpha,70,[255],large,high,"full-canvas veil opaque: image becomes near-flat orange, only the hatch line grid faintly visible",true,:2,false,
2018/Generativos/kidmito,out/2018/Generativos/kidmito/notes.md,hatchCount,hatchcount,10,[30],subtle,low,three times more orange hatch patches; lines are 1px so overall pixel change stays small,true,:2,false,
2018/Generativos/labial,out/2018/Generativos/labial/notes.md,sub,sub,int(random(30)),"[8,25]",large,high,"fewer splits (8) = coarser, larger flat blocks; more splits (25) = finer, busier mosaic of many small cells",true,:2,false,
2018/Generativos/labial,out/2018/Generativos/labial/notes.md,decorationScale,decorationscale,0.2,[0.5],moderate,high,larger corner squares/triangles and centre marks; block layout unchanged,true,:2,false,
2018/Generativos/labial,out/2018/Generativos/labial/notes.md,cellSkipProb,cellskipprob,0.4,[0.9],moderate,high,"most cells skipped -> more black ground showing, sparser colored cells",true,:2,false,
2018/Generativos/labial,out/2018/Generativos/labial/notes.md,splitRatio,splitratio,"random(0.4,0.6)","[""random(0.85,0.95)""]",large,high,very uneven splits -> thin slivers/bands plus a few large blocks,true,:2,false,
2018/Generativos/labios,out/2018/Generativos/labios/notes.md,dotCount,dotcount,1000,[300],large,high,"sparser background dust; also shifts the RNG stream, so spheres and ribbon web are re-laid out",true,:2,false,
2018/Generativos/labios,out/2018/Generativos/labios/notes.md,dotMaxDiameter,dotmaxdiameter,5,[25],none,low,no visible change; dots grow but stay negligible against the ribbon web,true,:2,false,
2018/Generativos/labios,out/2018/Generativos/labios/notes.md,ribbonPasses,ribbonpasses,3,[1],moderate,high,ribbon web ~3x sparser; more background and spheres show through,true,:2,false,
2018/Generativos/labios,out/2018/Generativos/labios/notes.md,vel,vel,2,[8],subtle,low,"longer step: smoother, more stretched strokes; tangle and feather clumps loosen but overall look holds",true,:2,false,
2018/Generativos/labios,out/2018/Generativos/labios/notes.md,det,det,"random(0.001, 0.008)","[""random(0.0002, 0.0016)""]",large,high,"5x lower noise frequency: fine web collapses into a few wide, smooth rainbow bands",true,:2,false,
2018/Generativos/lebo,out/2018/Generativos/lebo/notes.md,grid,grid,"7 (int(960/pow(2, 7..8)) → 3 or 7; 7 for seed 42)",[14],large,high,much finer 14x14 mosaic of small squares; subdivided patches and ghosts scale down with the cells,true,:2,true,
2018/Generativos/lebo,out/2018/Generativos/lebo/notes.md,subdivide_prob,subdivide prob,0.08,[0.5],large,high,half the cells become dense 20x20 multicolour speckle patches; mottled texture dominates over flat areas,true,:2,true,
2018/Generativos/lebo,out/2018/Generativos/lebo/notes.md,ghost_alpha,ghost alpha,"random(40,80)*0.8 (≈32-64/255)","[""random(200,255)""]",moderate,high,"ghost shadows become near-opaque: thick saturated colour gradients wash over most of the canvas, base grid barely visible",true,:2,true,
2018/Generativos/lebo,out/2018/Generativos/lebo/notes.md,dot_size,dot size,gs*0.1,"[""gs*0.5""]",none,low,"no visible change — the dot is drawn with fill(col,0) (alpha-0 fill state leaked from the last shadow quad, l.133), so it is invisible at any size",true,:2,true,
2018/Generativos/lebo,out/2018/Generativos/lebo/notes.md,palette_size,palette size,6,[2],large,high,with only #0B25A0 and #FCCB03 the image reduces to flat blue/yellow blocks plus blue/yellow shadows; grid structure reads as merged same-colour regions,true,:2,true,
2018/Generativos/lebo,out/2018/Generativos/lebo/notes.md,ghost_count,ghost count,grid*4 (28 for grid 7),"[""grid*12""]",moderate,high,"3x more ghost squares: more outlines and one large multicolour speckle patch, canvas more covered, base grid still readable",true,:2,true,
2018/Generativos/lightLines,out/2018/Generativos/lightLines/notes.md,fgSub,fgsub,150,[50],large,high,"lower = much coarser, larger flat mosaic tiles (big solid blocks)",false,:2,true,non-deterministic baseline; only large changes are reliable
2018/Generativos/lightLines,out/2018/Generativos/lightLines/notes.md,bb,bb,1,[12],moderate,high,higher = wider dark gaps/seams between foreground tiles,false,:2,true,non-deterministic baseline; only large changes are reliable
2018/Generativos/lightLines,out/2018/Generativos/lightLines/notes.md,sphereScale,spherescale,0.5,[1.2],moderate,high,higher = larger glowing spheres (dots),false,:2,true,non-deterministic baseline; only large changes are reliable
2018/Generativos/lightLines,out/2018/Generativos/lightLines/notes.md,rings,rings,3,[8],large,high,higher = more concentric ring outlines per sphere,false,:2,true,non-deterministic baseline; only large changes are reliable
2018/Generativos/lightLines,out/2018/Generativos/lightLines/notes.md,bgSub,bgsub,12,[30],large,high,"higher = finer, denser mosaic tiling on the 3D cylinders",false,:2,true,non-deterministic baseline; only large changes are reliable
2018/Generativos/linesOrderNoise,out/2018/Generativos/linesOrderNoise/notes.md,cc,cc,60,[30],subtle,low,"halve line count; spacing doubles, same sag structure; dot grid also sparser (gs = width/(cc*cg))",true,:2,false,
2018/Generativos/linesOrderNoise,out/2018/Generativos/linesOrderNoise/notes.md,cg,cg,5,[10],subtle,low,no visible change; dot grid density doubles but below perceptual level,true,:2,false,
2018/Generativos/linesOrderNoise,out/2018/Generativos/linesOrderNoise/notes.md,det,det,0.01,[0.02],subtle,low,"doubled noise scale: ripples finer and more uniform across rows, big concave sag attenuated",true,:2,false,
2018/Generativos/linesOrderNoise,out/2018/Generativos/linesOrderNoise/notes.md,lineAlpha,linealpha,180,[255],none,low,no visible change,true,:2,false,
2018/Generativos/linesOrderNoise,out/2018/Generativos/linesOrderNoise/notes.md,angleRange,anglerange,PI*1.5..PI*2.5,"[""PI..PI*2""]",subtle,low,same funnel composition; individual ripple phase/amplitude shifts (walk drifts up instead of right before affine fit),true,:2,false,
2018/Generativos/linesRects,out/2018/Generativos/linesRects/notes.md,ss,ss,5,[10],subtle,low,background grid squares double in size; composition geometry (which uses its own randomised ss per iteration) looks largely unchanged,true,:2,false,
2018/Generativos/linesRects,out/2018/Generativos/linesRects/notes.md,anc,anc,8,[16],subtle,low,no visible change in this seed: snake path shadow offset and step lengths unchanged; only the large ring composition at bottom-right differs (random draw order),true,:2,false,
2018/Generativos/linesRects,out/2018/Generativos/linesRects/notes.md,iterations,iterations,8,[16],large,high,"far more rings, pixel-rects and snakes; canvas becomes crowded and the empty left half fills in",true,:2,false,
2018/Generativos/linesRects,out/2018/Generativos/linesRects/notes.md,cc,cc,"random(-5,4)",[12],large,high,"each iteration places many more small shadowed squares; small squares dominate, big rings barely visible",true,:2,false,
2018/Generativos/linesRects,out/2018/Generativos/linesRects/notes.md,shw_alpha,shw alpha,12,[48],moderate,high,"drop shadows on rects and snakes much darker and harder-edged; flatter, higher-contrast sticker look",true,:2,false,
2018/Generativos/linesRects,out/2018/Generativos/linesRects/notes.md,colors,colors,6-colour list,navy + light-blue only,moderate,high,everything recoloured to blue monochrome; composition unchanged,true,:2,false,
2018/Generativos/linesspacerects,out/2018/Generativos/linesspacerects/notes.md,size,size,30,[60],moderate,high,"unit doubled: segments up to 960px reach the frame edges, beads grow to 6px, larger-scale denser structure",false,:2,false,non-deterministic baseline; only large changes are reliable
2018/Generativos/linesspacerects,out/2018/Generativos/linesspacerects/notes.md,segmentsPerChain,segmentsperchain,10,[4],moderate,high,"shorter chains: fewer 90-degree bends, sparser canvas coverage, smaller centre cluster",false,:2,false,non-deterministic baseline; only large changes are reliable
2018/Generativos/linesspacerects,out/2018/Generativos/linesspacerects/notes.md,beadSpacing,beadspacing,4,[8],subtle,low,beads half as dense; trails read more as dotted lines than solid bead rows,false,:2,false,non-deterministic baseline; only large changes are reliable
2018/Generativos/linesspacerects,out/2018/Generativos/linesspacerects/notes.md,beadScale,beadscale,0.1,[0.3],moderate,high,"beads 3x bigger (9px at size=30): visible squares, ladder/diamond patterns where the twist rotates them",false,:2,false,non-deterministic baseline; only large changes are reliable
2018/Generativos/linesspacerects,out/2018/Generativos/linesspacerects/notes.md,colorStep,colorstep,0.003,[0.02],subtle,low,"palette cycles ~7x faster along a trail: iridescent pink-teal-orange runs per chain, same geometry",false,:2,false,non-deterministic baseline; only large changes are reliable
2018/Generativos/linesssll,out/2018/Generativos/linesssll/notes.md,layers,layers,3,[8],large,high,"same 3 baseline layers kept (same seed) plus 5 more; denser, more cross-cutting strokes",true,:2,false,
2018/Generativos/linesssll,out/2018/Generativos/linesssll/notes.md,startsPerLayer,startsperlayer,30,[80],large,high,much denser fan of strands sweeping diagonally; canvas almost fully covered,true,:2,false,
2018/Generativos/linesssll,out/2018/Generativos/linesssll/notes.md,steps,steps,200,[600],subtle,low,first 200 steps identical under same seed; longer tails only slightly increase density,true,:2,false,
2018/Generativos/linesssll,out/2018/Generativos/linesssll/notes.md,strokeWeight,strokeweight,"random(2,14)","[""random(0.5,3)""]",moderate,high,"all thin hairline-ish strokes; thick bands gone, image looks sparser",true,:2,false,
2018/Generativos/linesssll,out/2018/Generativos/linesssll/notes.md,det,det,0.002,[0.012],large,high,finer noise field; strokes curl and wobble in short tangles instead of long smooth arcs,true,:2,false,
2018/Generativos/linesssll,out/2018/Generativos/linesssll/notes.md,angleGain,anglegain,2,[6],large,high,heading wraps 6 turns; serpentine S-curves and tight undulations instead of broad arcs,true,:2,false,
2018/Generativos/lockpo,out/2018/Generativos/lockpo/notes.md,walkerCount,walkercount,1000,[300],moderate,high,"sparser web, more background showing, circles stand out more",true,:2,false,
2018/Generativos/lockpo,out/2018/Generativos/lockpo/notes.md,stepsPerWalker,stepsperwalker,10000,[3000],moderate,high,"thinner web of shorter paths, blue background more visible",true,:2,false,
2018/Generativos/lockpo,out/2018/Generativos/lockpo/notes.md,noiseScale,noisescale,"random(0.1)*random(0.1,1)","[""random(0.02)*random(0.1,1)""]",moderate,high,"looser, larger-scale curls in the tangle",true,:2,false,
2018/Generativos/lockpo,out/2018/Generativos/lockpo/notes.md,circleCount,circlecount,"int(random(-2,4))","[""int(random(-2,8))""]",moderate,high,"far more circles, they nearly cover the web",true,:2,false,
2018/Generativos/lockpo,out/2018/Generativos/lockpo/notes.md,circleMaxSize,circlemaxsize,80,[30],subtle,low,"smaller scattered dots, web essentially unchanged",true,:2,false,
2018/Generativos/lockpo,out/2018/Generativos/lockpo/notes.md,pathAlpha,pathalpha,30,[100],moderate,high,"dark under-web much stronger, overall darker and more grey",true,:2,false,
2018/Generativos/lockpo,out/2018/Generativos/lockpo/notes.md,noiseWalker,noisewalker,,,,unscored,,true,:2,false,
2018/Generativos/lockpo,out/2018/Generativos/lockpo/notes.md,paletteLerp,palettelerp,,,,unscored,,true,:2,false,
2018/Generativos/macha001,out/2018/Generativos/macha001/notes.md,sub,sub,int(random(8000)),"[2000,15000]",large,high,fewer iterations = coarser mosaic with fewer fine clusters; more iterations = near-pixel speckle with few mid-size islands,true,:2,false,
2018/Generativos/macha001,out/2018/Generativos/macha001/notes.md,cc,cc,"int(random(2, 5))",[4],large,high,always-4x4 splits make squares smaller and more uniform in scale across the canvas,true,:2,false,
2018/Generativos/macha001,out/2018/Generativos/macha001/notes.md,pickBias,pickbias,quads.size()*random(0.1),"[""quads.size() (uniform)""]",large,high,"uniform pick over all cells leaves many large flat blocks and only a few fine clusters, instead of dense fine clusters next to large blocks",true,:2,false,
2018/Generativos/macha001,out/2018/Generativos/macha001/notes.md,colors,colors,9-color list,"[""2-color black/white"",""5-color blue ramp""]",large,high,geometry identical; only the flat fill colors change,true,:2,false,
2018/Generativos/machititas,out/2018/Generativos/machititas/notes.md,cc,cc,"random(60,80)*1.4 (~84-112)",[60],large,high,"coarser grid: bigger grid dots, chunkier speckle, thicker white lines",true,:2,false,
2018/Generativos/machititas,out/2018/Generativos/machititas/notes.md,dotFraction,dotfraction,0.38,[0.8],moderate,high,"dot lattice fills cells into big mottled blue/orange patches, hides yellow ground",true,:2,false,
2018/Generativos/machititas,out/2018/Generativos/machititas/notes.md,skipProb,skipprob,0.1,[0.5],large,high,half of grid cells empty; also shifts RNG stream so blob/speckle placement changes,true,:2,false,
2018/Generativos/machititas,out/2018/Generativos/machititas/notes.md,speckleCount,specklecount,100000,[30000],moderate,high,grainy speckle coat thins out; fine dot lattice and white grid become clearly visible,true,:2,false,
2018/Generativos/machititas,out/2018/Generativos/machititas/notes.md,blobCount,blobcount,100,[30],moderate,high,fewer soft blobs; dot lattice and speckle texture dominate the field,true,:2,false,
2018/Generativos/machititas,out/2018/Generativos/machititas/notes.md,warpAmp,warpamp,4,[12],moderate,high,"strong cos wobble on x: dots stretched into vertical dashes, vertical banding, petal-shaped blobs",true,:2,false,
2018/Generativos/magik,out/2018/Generativos/magik/notes.md,lar,lar,10000,[3000],large,high,"fewer steps: ribbons thin to hatched line-mesh, black background shows through",true,:2,true,
2018/Generativos/magik,out/2018/Generativos/magik/notes.md,vel,vel,0.71,[3.0],large,high,"faster walkers: wider bands, whole canvas covered",true,:2,true,
2018/Generativos/magik,out/2018/Generativos/magik/notes.md,amp,amp,0..10 (random),[2],large,high,"slower angle rotation: broader, softer color fields with wavy edges",true,:2,true,
2018/Generativos/magik,out/2018/Generativos/magik/notes.md,det,det,0..0.04 (random),[0.004],large,high,"coarser noise: longer, smoother sweeping bands",true,:2,true,
2018/Generativos/magik,out/2018/Generativos/magik/notes.md,passes,passes,6,[12],large,high,"more ribbons: denser, overlapping bands, visible fine striping",true,:2,true,
2018/Generativos/magik3,out/2018/Generativos/magik3/notes.md,lar,lar,"random(1000, 10000)","[""random(300, 900)""]",subtle,low,"fewer lines -> sparser, bolder strokes; fan size/position unchanged",true,:2,true,
2018/Generativos/magik3,out/2018/Generativos/magik3/notes.md,vel,vel,0.071,"[""0.3""]",large,high,"bigger endpoint step -> much larger, more splayed fans covering most of the canvas",true,:2,true,
2018/Generativos/magik3,out/2018/Generativos/magik3/notes.md,dc,dc,"random(0.006)*random(0.1,1)^3","[""random(0.06)""]",moderate,high,faster palette cycling -> more rainbow stripes within each fan; fans a touch tighter,true,:2,true,
2018/Generativos/magik3,out/2018/Generativos/magik3/notes.md,noiseDetail,noisedetail,1,[4],subtle,low,"more octaves -> finer, less-coherent wiggle in the walk; fans slightly smaller",true,:2,true,
2018/Generativos/magik3,out/2018/Generativos/magik3/notes.md,amp1,amp1,random(10),"[""random(40)""]",subtle,low,larger angle range -> little visible change (walk step is tiny),true,:2,true,
2018/Generativos/magik4,out/2018/Generativos/magik4/notes.md,pointCount,pointcount,1000,[300],large,high,"fewer, larger sweeping ribbons; tangle loosens, more gaps",true,:2,true,
2018/Generativos/magik4,out/2018/Generativos/magik4/notes.md,lar (ribbon steps),lar,"random(1000, 10000)","[""random(1000, 3000)""]",large,high,"shorter strokes; more thin fragments, less long ribbon",true,:2,true,
2018/Generativos/magik4,out/2018/Generativos/magik4/notes.md,s (point size),s,"width*random(0.02, 0.12)","[""width*random(0.05, 0.2)""]",large,high,"fewer, much bigger ribbons; big flat regions with visible parallel-line striping",true,:2,true,
2018/Generativos/magik4,out/2018/Generativos/magik4/notes.md,vel (wander speed),vel,0.071,[0.3],large,high,sparser jagged fragments on the hot-pink ground; ribbons spread out instead of coiling,true,:2,true,
2018/Generativos/magik4,out/2018/Generativos/magik4/notes.md,amp1 (angle amplitude),amp1,random(10),"[""random(2)""]",large,high,"smooser, longer curved bands; less tight twisting",true,:2,true,
2018/Generativos/mansada,out/2018/Generativos/mansada/notes.md,cc,cc,"random(8, random(30))",[12],large,high,"fewer, larger cells (ss = width/cc); layout re-randomizes, larger bursts and prominent solid wedge bars",true,:2,false,
2018/Generativos/mansada,out/2018/Generativos/mansada/notes.md,c,c,cc*random(3),[6],large,high,"only ~6 burst centers; much sparser, background dot grid visible between bursts",true,:2,false,
2018/Generativos/mansada,out/2018/Generativos/mansada/notes.md,sub,sub,"random(20, 120)",[40],large,high,"uniform segment count per ring; smoother, more regular fan rhythm across all bursts",true,:2,false,
2018/Generativos/mansada,out/2018/Generativos/mansada/notes.md,div,div,"random(20, 120)",[60],moderate,high,"uniform ring count per burst; finer, denser stippled trapezoid texture",true,:2,false,
2018/Generativos/mansada,out/2018/Generativos/mansada/notes.md,gridAlpha,gridalpha,20,[200],none,low,no visible change; 3x3 black grid dots are nearly hidden under the dense burst layers (472 px differ),true,:2,false,
2018/Generativos/mansada,out/2018/Generativos/mansada/notes.md,innerArcAlpha,innerarcalpha,"random(220, 240)",[60],moderate,high,bright inner-ring dashes darken; fans look flatter and more uniformly translucent,true,:2,false,
2018/Generativos/mantas,out/2018/Generativos/mantas/notes.md,pointCount,pointcount,200,[60],large,high,"fewer circles; vivid blue background shows through; sparser targets, longer mesh edges",true,:2,false,
2018/Generativos/mantas,out/2018/Generativos/mantas/notes.md,sizePower,sizepower,width*random^3,"[""width*random""]",large,high,a few full-canvas circles; flat colour fields replace the bullseye scatter,true,:2,false,
2018/Generativos/mantas,out/2018/Generativos/mantas/notes.md,fillAlpha,fillalpha,"random(120,255)","[""random(240,255)""]",none,low,"no visible change - the alpha fill is overwritten by solid fill(c1)/fill(c2) inside circle(), dead parameter",true,:2,false,
2018/Generativos/mantas,out/2018/Generativos/mantas/notes.md,meshStrokeAlpha,meshstrokealpha,80,[255],none,low,"no visible change - thin 1px lines over opaque fills, only ~2% of pixels touched",true,:2,false,
2018/Generativos/mantas,out/2018/Generativos/mantas/notes.md,noiseMaxDist,noisemaxdist,80,[240],large,high,circle edges and mesh lines clearly more wobbly/lobed,true,:2,false,
2018/Generativos/marca,out/2018/Generativos/marca/notes.md,count,count,50,[15],large,high,"fewer objects, sparse scatter, dark background visible between clusters",true,:2,false,
2018/Generativos/marca,out/2018/Generativos/marca/notes.md,sizeMax,sizemax,0.4,[0.6],large,high,"much larger rings, thicker bands, background almost fully covered",true,:2,false,
2018/Generativos/marca,out/2018/Generativos/marca/notes.md,gradPhase,gradphase,0.25,[0.5],moderate,high,"same layout, highlight position on each gradient ring rotated, bands read as differently lit tori",true,:2,false,
2018/Generativos/marca,out/2018/Generativos/marca/notes.md,haloAlpha,haloalpha,10,[60],moderate,high,"strong dark disc around every object, rings more separated, higher contrast against near-black",true,:2,false,
2018/Generativos/marca,out/2018/Generativos/marca/notes.md,polySeg,polyseg,"[3,7]","[[5,10]]",large,high,gems become rounder 5-10 sided pinwheel/flower shapes with many fine facets,true,:2,false,
2018/Generativos/marca,out/2018/Generativos/marca/notes.md,palette[0],palette 0,#F8C43D,"[""#2ECC71""]",subtle,low,gold replaced by green throughout (verified by pixel count); composition unchanged,true,:2,false,
2018/Generativos/mares,out/2018/Generativos/mares/notes.md,ss,ss,"random(20, random(120))","[""random(80, 90)""]",large,high,"fixed larger cell size = bigger, coarser scales in more orderly diagonal bands",true,:2,false,
2018/Generativos/mares,out/2018/Generativos/mares/notes.md,max,max,"random(random(2), 6)","[""random(random(2), 12)""]",large,high,scales grow and size clumping gets more dramatic (very large next to small),true,:2,false,
2018/Generativos/mares,out/2018/Generativos/mares/notes.md,det,det,random(0.01),"[""random(0.05)""]",moderate,high,"finer noise = smaller, busier size blobs",true,:2,false,
2018/Generativos/mares,out/2018/Generativos/mares/notes.md,speckle_prob,speckle prob,0.08,[0.5],large,high,dark arc speckles on half the cells; overlay makes the scale field look denser and busier,true,:2,false,
2018/Generativos/mares,out/2018/Generativos/mares/notes.md,hair_count,hair count,1000,[3000],subtle,low,no visible change; 1-px alpha-80 hair strokes are too faint to distinguish,true,:2,false,
2018/Generativos/mares,out/2018/Generativos/mares/notes.md,fish_count,fish count,int(random(200)),"[""int(random(500))""]",none,low,no visible change; with seed 42 the drawn count is likely still < 200 [INFERENCE],true,:2,false,
2018/Generativos/mayo,out/2018/Generativos/mayo/notes.md,count,count,1000,[300],large,high,fewer pouches; brown background (#583106) clearly visible in gaps,true,:2,false,
2018/Generativos/mayo,out/2018/Generativos/mayo/notes.md,maxScale,maxscale,0.5,"[0.15,1.5]",large,high,caps the top of the size distribution: 0.15 = all small pouches with much exposed background; 1.5 = a few near-full-canvas pouches dominate,true,:2,false,
2018/Generativos/mayo,out/2018/Generativos/mayo/notes.md,scaleSkew,scaleskew,random(0.5)*random(1),"[""random(0.5)""]",large,high,removing the second uniform random removes the small-size bias; pouches become uniform and larger on average,true,:2,false,
2018/Generativos/mayo,out/2018/Generativos/mayo/notes.md,colors[],colors,6-colour list,"[""6-colour dark grey list""]",none,low,"no visible change: the pouch layer fully occludes the background, so the random background colour is never seen",true,:2,false,
2018/Generativos/metemete,out/2018/Generativos/metemete/notes.md,cc,cc,"int(random(6, random(12,40)*random(0.5,1)))",[10],moderate,high,"denser grid: more, smaller squares and black corner notches; substitution re-rolls the downstream random sequence",true,:2,false,
2018/Generativos/metemete,out/2018/Generativos/metemete/notes.md,pwr,pwr,"random(1,5)",[1],large,high,"notch no longer attenuated -> big dark corners; whole composition re-rolled (more saturated hairier background, finer grid)",true,:2,false,
2018/Generativos/metemete,out/2018/Generativos/metemete/notes.md,hairAlpha,hairalpha,60,[150],moderate,high,"hair strokes more opaque; background colour more continuous, less white showing",true,:2,false,
2018/Generativos/metemete,out/2018/Generativos/metemete/notes.md,hairCount,haircount,300000,[100000],large,high,"hair sparser; more white shows through, background lighter and patchier",true,:2,false,
2018/Generativos/metemete,out/2018/Generativos/metemete/notes.md,ccc,ccc,"int(cc*random(0.2,2))",[0],subtle,low,cross-hatch overlay rectangles mostly gone; a few faint hatched patches remain; rest looks the same,true,:2,false,
2018/Generativos/micro,out/2018/Generativos/micro/notes.md,maxSelect,maxselect,40,[12],subtle,low,fewer large white halo circles (~9 vs ~20) and fewer hatched links; field unchanged,true,:2,false,
2018/Generativos/micro,out/2018/Generativos/micro/notes.md,maxSize,maxsize,360,[120],large,high,all circles shrink to stipple size; halo circles nearly vanish; large faint Delaunay triangles dominate,true,:2,false,
2018/Generativos/micro,out/2018/Generativos/micro/notes.md,detSize,detsize,"random(0.004,0.006)*0.8","[""random(0.004,0.006)*2.4""]",large,high,finer noise detail mottles the size field; big-circle layout shifts,true,:2,false,
2018/Generativos/micro,out/2018/Generativos/micro/notes.md,pwrNoise,pwrnoise,2,[4],large,high,size distribution compressed; field becomes small pink stipple with fewer medium circles,true,:2,false,
2018/Generativos/micro,out/2018/Generativos/micro/notes.md,sep,sep,4,[8],none,low,hatch spacing of wavy links; no visible change,true,:2,false,
2018/Generativos/micro,out/2018/Generativos/micro/notes.md,triColorChance,tricolorchance,0.1,[0.4],subtle,low,more Delaunay triangles take the noise tint; composition otherwise unchanged,true,:2,false,
2018/Generativos/miedo,out/2018/Generativos/miedo/notes.md,layerCount,layercount,4,[1],large,high,"one background wash layer instead of four: darker, flatter navy ground; lavender gradient wash nearly gone",true,:2,true,
2018/Generativos/miedo,out/2018/Generativos/miedo/notes.md,starsPerLayer,starsperlayer,2000,[6000],moderate,high,"3x more small star dots; visibly denser fine grain, same overall composition",true,:2,true,
2018/Generativos/miedo,out/2018/Generativos/miedo/notes.md,conesPerLayer,conesperlayer,5,[15],large,high,many more overlapping cones and big circles; composition gets crowded and busy,true,:2,true,
2018/Generativos/miedo,out/2018/Generativos/miedo/notes.md,streakCount,streakcount,100000,[25000],moderate,high,"streak texture sparser; large circles, cones and radar lines read much more clearly",true,:2,true,
2018/Generativos/miedo,out/2018/Generativos/miedo/notes.md,streakSize,streaksize,0.04,[0.08],large,high,streaks twice as long: dense horizontal scratch/rain texture dominates and buries the circles,true,:2,true,
2018/Generativos/miedo,out/2018/Generativos/miedo/notes.md,palette[0],palette 0,#FF3D20,"[""#FFD23F""]",subtle,low,red-orange elements become yellow-amber; only 1 of 5 palette colors changed,true,:2,true,
2018/Generativos/minerales,out/2018/Generativos/minerales/notes.md,cc,cc,"random(2, 17*random(0.2,1))",[17],large,high,finer 17x17 swatch grid; dense diagonal flow-line streaks now veil most swatches,true,:2,false,
2018/Generativos/minerales,out/2018/Generativos/minerales/notes.md,c,c,"random(1,13)",[5],large,high,fixing c=5 shifts the RNG stream; larger 5x5 dots and flow lines reroute into big spirals/vortices,true,:2,false,
2018/Generativos/minerales,out/2018/Generativos/minerales/notes.md,det,det,random(0.002),[0.0005],moderate,high,"lower det = broader, smoother, more coherent diagonal streaks; flat swatch quadrants show",true,:2,false,
2018/Generativos/minerales,out/2018/Generativos/minerales/notes.md,flowLines,flowlines,5000,[1500],moderate,high,sparser overlay; swatches and dots read more clearly through the gaps,true,:2,false,
2018/Generativos/minerales,out/2018/Generativos/minerales/notes.md,lineAlpha,linealpha,random(250),[60],moderate,high,fainter overlay; underlying dotted swatch grid shows through most of the canvas,true,:2,false,
2018/Generativos/mmggmm,out/2018/Generativos/mmggmm/notes.md,cc,cc,"random(4,13)",[6],large,high,baseline (seed 42) drew cc=4; forcing cc=6 gives a denser 6x6 grid of smaller cells — busier composition,true,:2,false,
2018/Generativos/mmggmm,out/2018/Generativos/mmggmm/notes.md,strokeWeight,strokeweight,2,[6],subtle,low,"crosshair/arc/diamond strokes 3x thicker, but lines are a small pixel fraction so overall look barely changes",true,:2,false,
2018/Generativos/mmggmm,out/2018/Generativos/mmggmm/notes.md,arcP,arcp,0.6,[1.0],moderate,high,"every grid point now gets an axis-aligned quarter/half arc — circular line fragments everywhere, busier",true,:2,false,
2018/Generativos/mmggmm,out/2018/Generativos/mmggmm/notes.md,sqP,sqp,0.2,[1.0],subtle,low,"full-cell square (L74) at every point; near-black fills read as thin frames around points, light fills as solid squares",true,:2,false,
2018/Generativos/mmggmm,out/2018/Generativos/mmggmm/notes.md,dotSize,dotsize,0.05,[0.15],none,low,no visible change; center dot 3x diameter but too small to register,true,:2,false,
2018/Generativos/moley,out/2018/Generativos/moley/notes.md,layers,layers,5,[1],large,high,one clean ring of shards instead of five overlapping; background colour now visible,true,:2,false,
2018/Generativos/moley,out/2018/Generativos/moley/notes.md,div,div,"random(2,10)","[""random(8,10)""]",moderate,high,"160-180 wedges per ring: finer, denser mesh of shards",true,:2,false,
2018/Generativos/moley,out/2018/Generativos/moley/notes.md,radiusFactor,radiusfactor,0.9,[0.45],moderate,high,wedges fit inside the canvas: visible circular rosette rim instead of full-bleed streaks,true,:2,false,
2018/Generativos/moley,out/2018/Generativos/moley/notes.md,amp,amp,TWO_PI/cc*0.5,"[""TWO_PI/cc*1.5""]",moderate,high,much of the canvas becomes a flat orange field with only sparse shard streaks,true,:2,false,
2018/Generativos/moley,out/2018/Generativos/moley/notes.md,seg,seg,20,"random(20,40)",large,high,"longer, varied scallop period: pinker overall tone, finer width rhythm",true,:2,false,
2018/Generativos/moley,out/2018/Generativos/moley/notes.md,palette,palette,olive/yellow/orange/blue/cream,teal/red/pink/amber/white,moderate,high,"cream background, distinct red/blue/yellow stripes; rosette reads as striped fan",true,:2,false,
2018/Generativos/montains,out/2018/Generativos/montains/notes.md,sub,sub,"random(8,30)",[30],large,high,"more, narrower vertical mosaic columns in the upper zone",true,:2,false,
2018/Generativos/montains,out/2018/Generativos/montains/notes.md,cc,cc,"random(8,~120)",[8],large,high,"fewer, much taller/coarser mosaic blocks per column",true,:2,false,
2018/Generativos/montains,out/2018/Generativos/montains/notes.md,det,det,random(0.006),[0.03],large,high,"higher = higher-frequency, more wiggly wave edges",true,:2,false,
2018/Generativos/montains,out/2018/Generativos/montains/notes.md,div,div,"random(1,100)",[6],large,high,"fewer, thicker horizontal wave bands",true,:2,false,
2018/Generativos/montains,out/2018/Generativos/montains/notes.md,pwr,pwr,"random(0.8,1.2)",[2.0],large,high,"higher = sharper, more spiky peaks in the wave bands",true,:2,false,
2018/Generativos/montains,out/2018/Generativos/montains/notes.md,colors[1],colors 1,#edd23b,"[""#2ecc71""]",moderate,high,yellow replaced by green across mosaic and wave bands,true,:2,false,
2018/Generativos/mosaic,out/2018/Generativos/mosaic/notes.md,subdivisionIters,subdivisioniters,100,[200],,unscored,pending,true,:2,true,
2018/Generativos/mosaic,out/2018/Generativos/mosaic/notes.md,colors,colors,4-col warm/cool set,"[""5-col pastel/warm set from commented line 225""]",,unscored,pending,true,:2,true,
2018/Generativos/mosaic,out/2018/Generativos/mosaic/notes.md,triStrokeAlpha,tristrokealpha,120,[255],,unscored,pending,true,:2,true,
2018/Generativos/mosaic,out/2018/Generativos/mosaic/notes.md,triStrokeWeight,tristrokeweight,0.6,[2.0],,unscored,pending,true,:2,true,
2018/Generativos/mosaic,out/2018/Generativos/mosaic/notes.md,dotScale,dotscale,0.05,[0.2],,unscored,pending,true,:2,true,
2018/Generativos/mosaic,out/2018/Generativos/mosaic/notes.md,triFillAlpha,trifillalpha,60,[160],,unscored,pending,true,:2,true,
2018/Generativos/mosaic02,out/2018/Generativos/mosaic02/notes.md,iterations,iterations,100,[200],large,high,"more subdivision steps -> overall finer, denser mosaic; big blocks still present",true,:2,true,
2018/Generativos/mosaic02,out/2018/Generativos/mosaic02/notes.md,selectFraction,selectfraction,0.5,[1.0],large,high,uniform tile selection -> roughly uniform tile sizes; the huge-blocks-plus-tiny-clusters mix disappears,true,:2,true,
2018/Generativos/mosaic02,out/2018/Generativos/mosaic02/notes.md,palette,palette,#DFAB56 #E5463E #366A51 #2884BC,"[""#264653 #2A9D8F #E9C46A #E76F51""]",large,high,"same layout, new scheme (dark teal / teal / yellow / coral); white mesh reads stronger over the darker fills",true,:2,true,
2018/Generativos/mosaic02,out/2018/Generativos/mosaic02/notes.md,meshKeep,meshkeep,0.1,[0.5],moderate,high,5x more of the Delaunay triangles survive -> visibly denser white triangular web,true,:2,true,
2018/Generativos/mosaic02,out/2018/Generativos/mosaic02/notes.md,dotScale,dotscale,0.1,[0.4],none,low,no visible change; dots stay tiny relative to their tiles,true,:2,true,
2018/Generativos/mosaic03,out/2018/Generativos/mosaic03/notes.md,ite,ite,8,[12],moderate,high,"deeper recursion = more, smaller nested circles/squares toward each canvas corner",true,:2,true,
2018/Generativos/mosaic03,out/2018/Generativos/mosaic03/notes.md,des,des,0.5,[0.0],moderate,high,recursion offset; 0.0 makes each quadrant's fractal converge toward its own centre instead of the canvas centre,true,:2,true,
2018/Generativos/mosaic03,out/2018/Generativos/mosaic03/notes.md,palette,palette,DFAB56/E5463E/366A51/2884BC,"[""2D132C/801336/C72C41/EE4540""]",large,high,"full recolour; warm red/maroon/plum set replaces gold/red/green/blue, same structure",true,:2,true,
2018/Generativos/mosaic03,out/2018/Generativos/mosaic03/notes.md,shadowAlpha,shadowalpha,180,[90],subtle,low,"lower = more transparent diagonal shadow wedges; hazier, more blended look",true,:2,true,
2018/Generativos/mosaic03,out/2018/Generativos/mosaic03/notes.md,shadowFlipP,shadowflipp,0.5,[0.2],none,low,no visible change (same seed keeps the random shadow-flip sequence ~identical),true,:2,true,
2018/Generativos/moscas,out/2018/Generativos/moscas/notes.md,fanCount,fancount,50,[15],large,high,15 fans each clearly distinct (striated rim + dark centre); most of the canvas black,true,:2,false,
2018/Generativos/moscas,out/2018/Generativos/moscas/notes.md,segRange,segrange,"random(350, 540)","[""random(40, 80)""]",moderate,high,"coarser hatch: wide black gaps between slivers, fans become spiky starbursts",true,:2,false,
2018/Generativos/moscas,out/2018/Generativos/moscas/notes.md,sizeMax,sizemax,width*random(0.5),"[""width*random(0.15)""]",large,high,"small fans: dense mesh of small rings with dark centres, less solid coverage",true,:2,false,
2018/Generativos/moscas,out/2018/Generativos/moscas/notes.md,c2alpha,c2alpha,40,[255],moderate,high,"fans denser and brighter; hairline dark gaps reduced, same structure",true,:2,false,
2018/Generativos/moscas,out/2018/Generativos/moscas/notes.md,innerFraction,innerfraction,"s*random(0.5, 0.8)","[""s*random(0.85, 0.95)""]",large,high,"thin annulus: fans become thin bright rings with big dark centres, web of circles",true,:2,false,
2018/Generativos/mountain,out/2018/Generativos/mountain/notes.md,cc,cc,30,"[15,60]",moderate,high,"band count; 15 = fewer/thicker chunky bands, 60 = many/thin fine bands",true,:2,false,
2018/Generativos/mountain,out/2018/Generativos/mountain/notes.md,det,det,random(0.01),"[0.001,0.05]",moderate,high,"noise scale; lower = broader smoother undulations, higher = finer busier jagged ridges",true,:2,false,
2018/Generativos/mountain,out/2018/Generativos/mountain/notes.md,bandAlpha,bandalpha,220,[60],subtle,low,"band fill opacity; 60 = far more transparent, reads as smooth dark->bright wavy gradient, less distinct banding",true,:2,false,
2018/Generativos/mountain,out/2018/Generativos/mountain/notes.md,palette,palette,5 dark-red/magenta,"[""6 varied warm/cool""]",large,high,"identical band structure, entirely different colors (mauve, orange, green, purple, yellow, blue)",true,:2,false,
2018/Generativos/mountain2,out/2018/Generativos/mountain2/notes.md,cc,cc,80,[200],large,high,"many more, much thinner bands; large empty white area opens at the top right",true,:2,false,
2018/Generativos/mountain2,out/2018/Generativos/mountain2/notes.md,velScale,velscale,"random(3, 5)","[""random(8, 12)""]",moderate,high,"fewer, wider, flatter bands; one large flat pink area dominates the lower half",true,:2,false,
2018/Generativos/mountain2,out/2018/Generativos/mountain2/notes.md,angRange,angrange,PI*1.5..PI*2.5,"[""PI*1.0..PI*2.0""]",large,high,"headings biased left/up, so bands arc strongly downward across the full width",true,:2,false,
2018/Generativos/mountain2,out/2018/Generativos/mountain2/notes.md,strokeWeight,strokeweight,"random(0.5, 2)","[""random(2, 6)""]",moderate,high,"same fan, but bands look chunky with thick visible outlines",true,:2,false,
2018/Generativos/mountain2,out/2018/Generativos/mountain2/notes.md,det,det,random(0.01),"[""random(0.002)""]",large,high,"lower noise scale: smoother, more parallel bands with a broad downward bow",true,:2,false,
2018/Generativos/mountain2,out/2018/Generativos/mountain2/notes.md,closedProbability,closedprobability,0.9,[0.3],large,high,"mostly open LINES polylines: thin dashed bands, few large flat filled areas",true,:2,false,
2018/Generativos/mountain3,out/2018/Generativos/mountain3/notes.md,cc,cc,160,[320],large,high,"twice as many bands; stripes about half as thick, same wave shapes and colours",true,:2,false,
2018/Generativos/mountain3,out/2018/Generativos/mountain3/notes.md,det,det,random(0.01),"[""random(0.003)""]",large,high,"lower detail = smoother field over the walk; bands tilt into consistent diagonal stripes, white bg wedge appears top-right",true,:2,false,
2018/Generativos/mountain3,out/2018/Generativos/mountain3/notes.md,velScale,velscale,4,[12],moderate,high,"larger steps = slightly sharper, tighter ripples; overall band structure preserved",true,:2,false,
2018/Generativos/mountain3,out/2018/Generativos/mountain3/notes.md,steps,steps,width*0.2 (192),"[""width*0.5 (480)""]",none,low,"no visible change; walk already exits the right edge before 192 steps, extra steps happen off-canvas",true,:2,false,
2018/Generativos/mountain3,out/2018/Generativos/mountain3/notes.md,strokeWeight,strokeweight,"random(0.5,1.2)","[""random(2,4)""]",moderate,high,"band outline lines clearly thicker, fills slightly thinner",true,:2,false,
2018/Generativos/mountain3,out/2018/Generativos/mountain3/notes.md,palette,palette,5 cool colours,"[""5 warm dark colours""]",large,high,"same band structure; dark brown/maroon/crimson/magenta, red background arc at top",true,:2,false,
2018/Generativos/mountain4,out/2018/Generativos/mountain4/notes.md,det,det,random(0.006),"[""random(0.002)""]",large,high,"coarser noise scale -> longer, gentler waves; the bundle converges to a single sharp point at the right edge and white gaps between strands widen",true,:2,false,
2018/Generativos/mountain4,out/2018/Generativos/mountain4/notes.md,vel,vel,4,[8],large,high,"faster walk steps -> tighter, higher-frequency wiggles; right-edge convergence becomes a dense braided tangle with darker navy patches",true,:2,false,
2018/Generativos/mountain4,out/2018/Generativos/mountain4/notes.md,cc,cc,"random(160, 640)","[""random(480, 640)""]",large,high,many more rows -> canvas filled edge-to-edge top to bottom (no white margins); right edge becomes a dense comb fan,true,:2,false,
2018/Generativos/mountain4,out/2018/Generativos/mountain4/notes.md,ribbonThickness,ribbonthickness,10,[40],moderate,high,hairline ribbons become broad soft bands; the right-edge convergence fans out wider and more white shows between strands,true,:2,false,
2018/Generativos/mountain4,out/2018/Generativos/mountain4/notes.md,dc,dc,0.1,[0.35],moderate,high,palette cycles ~3.5x faster along each ribbon -> banded red/blue checker-weave pattern instead of smooth gradients; strand structure unchanged,true,:2,false,
2018/Generativos/mountain4,out/2018/Generativos/mountain4/notes.md,angleRange,anglerange,PI*1.5..PI*2.5,"[""PI*1.25..PI*2.75""]",large,high,"wider vertical angle spread -> thick bold silk-like bands, tighter right-edge braid, more pronounced white gaps",true,:2,false,
2018/Generativos/mtn,out/2018/Generativos/mtn/notes.md,pwr,pwr,"random(0.8, random(1, 20))","[""random(0.8, 2)""]",large,high,"low exponent range = flatter conical profile; one huge mass fills the frame with broad, coarse, angular terrace bands",true,:2,false,
2018/Generativos/mtn,out/2018/Generativos/mtn/notes.md,d2,d2,random(20),[2],large,high,"smaller shape-noise detail = smooth, gently undulating ring edges; reads as one smooth curved wall with a large arch",true,:2,false,
2018/Generativos/mtn,out/2018/Generativos/mtn/notes.md,sub,sub,"random(8, random(8, 700))",[40],large,high,"40 rows = thick bands; mountains read as flat striped planes/ribbons, terrace detail lost",true,:2,false,
2018/Generativos/mtn,out/2018/Generativos/mtn/notes.md,div,div,"random(4, 80)*4","[""random(4, 12)*4""]",large,high,"fewer radial segments = coarser angular facets, zigzag chevron edges",true,:2,false,
2018/Generativos/mtn,out/2018/Generativos/mtn/notes.md,towers,towers,3,[5],moderate,high,"two extra overlapping masses of the same striped structure; denser overlap, same look",true,:2,false,
2018/Generativos/mtn,out/2018/Generativos/mtn/notes.md,colors,colors,"#2F2624,#207193,#EF4C31,#EE4E7C,#ffffff","[""#0f3460,#1a2a6c,#b21f1f,#fdbb2d,#ffffff""]",moderate,high,"same structure recoloured to navy/gold/dark-red/cream; hue only, no geometric change",true,:2,false,
2018/Generativos/muritos,out/2018/Generativos/muritos/notes.md,cc,cc,"int(random(8, 160))",[32],moderate,high,"lower = far fewer, much larger individual boxes; checkerboard of big colored plates instead of fine mosaic",true,:2,false,
2018/Generativos/muritos,out/2018/Generativos/muritos/notes.md,a1,a1,"random(0.6, 0.95)",[0.3],moderate,high,"lower = the wide boxes become thin lines, wall reads as a denser comb/bristle texture",true,:2,false,
2018/Generativos/muritos,out/2018/Generativos/muritos/notes.md,a2,a2,"random(0.1, 0.3)",[0.55],moderate,high,"higher = thin boxes fatten into near-square blocks, mosaic looks more solid/tiled",true,:2,false,
2018/Generativos/muritos,out/2018/Generativos/muritos/notes.md,mr,mr,HALF_PI*0.14,"[""0.5*HALF_PI""]",moderate,high,"larger tilt bound = wall seen more diagonally, stronger one-sided perspective",true,:2,false,
2018/Generativos/muritos,out/2018/Generativos/muritos/notes.md,fov,fov,"PI/random(1.02, 2.6)","[""PI/1.02""]",large,high,very wide FOV crushes the wall into a small cluster with long stretched box sides radiating out,true,:2,false,
2018/Generativos/naifSelva,out/2018/Generativos/naifSelva/notes.md,cc,cc,400-1000 (int random),[200],large,high,"fewer points: sparser field of smaller, simpler shard fragments, less total colour coverage",true,:2,false,
2018/Generativos/naifSelva,out/2018/Generativos/naifSelva/notes.md,amp1,amp1,random(1)*random(1) per frame,[0.9],moderate,high,inner star points near centroid: shards become thin 3-pointed spikes/tridents,true,:2,false,
2018/Generativos/naifSelva,out/2018/Generativos/naifSelva/notes.md,amp2,amp2,random(1)*random(1) per frame,[0.9],moderate,high,"edge-midpoint spikes retreat: larger, chunkier, more hexagonal shards with denser coverage",true,:2,false,
2018/Generativos/naifSelva,out/2018/Generativos/naifSelva/notes.md,bb,bb,100,[0],large,high,mesh no longer overhangs the canvas: off-white background(250) visible at corners and edges,true,:2,false,
2018/Generativos/naifSelva,out/2018/Generativos/naifSelva/notes.md,colors,colors,14-colour palette,"[""#FAA270 + #24ACCE only""]",moderate,high,same geometry; only coral and blue shards with pale lerp between the two,true,:2,false,
2018/Generativos/neonlights,out/2018/Generativos/neonlights/notes.md,sub,sub,int(random(50000)*random(1)),[2000],large,high,"far fewer, much thicker slivers; large flat panels and a sparse centre (coarser quadtree)",true,:2,false,
2018/Generativos/neonlights,out/2018/Generativos/neonlights/notes.md,fov,fov,"PI/random(1, 1.8)","[""PI/3.0""]",large,high,"narrower field of view: rays converge tighter, denser central burst",true,:2,false,
2018/Generativos/neonlights,out/2018/Generativos/neonlights/notes.md,boxDepth,boxdepth,"min(r.w,r.h)*5","[""min(r.w,r.h)*15""]",large,high,extruded boxes become long thin needles/pins; spiky burst replaces flat panels,true,:2,false,
2018/Generativos/neonlights,out/2018/Generativos/neonlights/notes.md,haloCount,halocount,"random(1, 10)",[25],large,high,"denser, brighter layered ring glow at the convergence (weakest of the five)",true,:2,false,
2018/Generativos/neonlights,out/2018/Generativos/neonlights/notes.md,palette,palette,blue 4-colour set,"[""warm red/yellow/cream set""]",large,high,same composition recoloured warm; background turns gold,true,:2,false,
2018/Generativos/neopla,out/2018/Generativos/neopla/notes.md,c (planet count),c,int(random(40)*random(1)) (0..40),[5],large,high,"fewer, visually bigger planets; scene much sparser",false,:2,false,non-deterministic baseline; only large changes are reliable
2018/Generativos/neopla,out/2018/Generativos/neopla/notes.md,sss (cube field box size),sss,"width*random(0.018, 0.031)",[0.005],large,high,cubes shrink to tiny specks; nebula reads as stardust,false,:2,false,non-deterministic baseline; only large changes are reliable
2018/Generativos/neopla,out/2018/Generativos/neopla/notes.md,cube count,cube count,10000,[3000],large,high,"cubes far sparser, more isolated",false,:2,false,non-deterministic baseline; only large changes are reliable
2018/Generativos/neopla,out/2018/Generativos/neopla/notes.md,det (cube-size noise scale),det,random(0.01)*random(1),[0.05],large,high,"chunkier, more blocky cube-size and colour clumps",false,:2,false,non-deterministic baseline; only large changes are reliable
2018/Generativos/neopla,out/2018/Generativos/neopla/notes.md,cc (grid dots per side),cc,"int(random(20, random(20, 100)))",[60],large,high,"dot grid becomes a regular, clearly visible fine grid",false,:2,false,non-deterministic baseline; only large changes are reliable
2018/Generativos/neopla,out/2018/Generativos/neopla/notes.md,min (planet spike threshold),min,"random(0.2, 0.4)",[0.55],large,high,halos turn from dense fuzz to sparse spikes; flat base discs become visible,false,:2,false,non-deterministic baseline; only large changes are reliable
2018/Generativos/nodines,out/2018/Generativos/nodines/notes.md,spikeCount,spikecount,"random(5, 17)","[""random(5, 35)""]",none,low,denser spike rings per node; layout unchanged (seeded),true,:2,false,
2018/Generativos/nodines,out/2018/Generativos/nodines/notes.md,pointSize,pointsize,"width*random(0.02, 0.1)","[""width*random(0.02, 0.2)""]",subtle,low,"far fewer, much larger circles (bigger candidates rejected by packing)",true,:2,false,
2018/Generativos/nodines,out/2018/Generativos/nodines/notes.md,greenFacetProb,greenfacetprob,0.16,[0.5],none,low,"many more, larger lime facets (hue-only change; luminance score under-reads it)",true,:2,false,
2018/Generativos/nodines,out/2018/Generativos/nodines/notes.md,stippleCell,stipplecell,5,[10],none,low,"coarser, more visible background noise dot field",true,:2,false,
2018/Generativos/nodines,out/2018/Generativos/nodines/notes.md,pointCandidates,pointcandidates,100,[200],none,low,"more, smaller packed nodes; two green facets",true,:2,false,
2018/Generativos/noiseGrads,out/2018/Generativos/noiseGrads/notes.md,cc,cc,60,[30],moderate,high,"fewer, wider bands; larger gentler waves, coarser comb texture",true,:2,false,
2018/Generativos/noiseGrads,out/2018/Generativos/noiseGrads/notes.md,walkSteps,walksteps,1100,[3000],moderate,high,"more meanders per row; finer, denser rippled texture",true,:2,false,
2018/Generativos/noiseGrads,out/2018/Generativos/noiseGrads/notes.md,det,det,0.01,[0.02],moderate,high,"finer noise field; smaller, more frequent ripples in each band",true,:2,false,
2018/Generativos/noiseGrads,out/2018/Generativos/noiseGrads/notes.md,vc,vc,100,[20],moderate,high,"colour advances slower along x; more uniform hue per band, fewer dark bands",true,:2,false,
2018/Generativos/noiseGrads,out/2018/Generativos/noiseGrads/notes.md,dotAlpha,dotalpha,120,[0],none,low,no visible change; point grid is not visible in the render,true,:2,false,
2018/Generativos/noisub/noisub002,out/2018/Generativos/noisub/noisub002/notes.md,cc,cc,5,[3],large,high,"coarser base tiling: 3x3 base cells, larger flat monochrome blocks",true,:2,false,
2018/Generativos/noisub/noisub002,out/2018/Generativos/noisub/noisub002/notes.md,sub,sub,1000,"[200,3000]",large,high,"lower = big monochrome cells persist, shallower clusters; higher = finer, busier clusters",true,:2,false,
2018/Generativos/noisub/noisub002,out/2018/Generativos/noisub/noisub002/notes.md,palette[2],palette 2,#FC2E1D,"[""#1D4ED8""]",subtle,low,"red-orange fills become royal blue, geometry unchanged",true,:2,false,
2018/Generativos/noisub/noisub002,out/2018/Generativos/noisub/noisub002/notes.md,rectInset,rectinset,1,[0],subtle,low,off-white seams become thin dark hairlines; sub-2px rects become visible,true,:2,false,
2018/Generativos/noisub/noisub002,out/2018/Generativos/noisub/noisub002/notes.md,noiseDetail,noisedetail,"2, 0.45","[""8, 0.9""]",none,low,no effect: noise() is never sampled; 'noisub' is a misnomer,true,:2,false,
2018/Generativos/noisub/noisub004,out/2018/Generativos/noisub/noisub004/notes.md,cc,cc,5,[10],large,high,"finer starting grid; tiles uniformly smaller, big-block structure weaker",true,:2,false,
2018/Generativos/noisub/noisub004,out/2018/Generativos/noisub/noisub004/notes.md,sub,sub,1000000,[10000],large,high,"less subdivision; much coarser mosaic of large blocks, few slivers",true,:2,false,
2018/Generativos/noisub/noisub004,out/2018/Generativos/noisub/noisub004/notes.md,noiseDetail,noisedetail,"2, 0.45","[""5, 0.9""]",large,high,"finer subdivision-gating noise; big-tile patches break up into smaller, more uniform tiling",true,:2,false,
2018/Generativos/noisub/noisub004,out/2018/Generativos/noisub/noisub004/notes.md,alp,alp,"random(60, 80)","[""random(0, 15)""]",subtle,low,"corner shading nearly vanishes; tiles read as flat, structure unchanged",true,:2,false,
2018/Generativos/noisub/noisub004,out/2018/Generativos/noisub/noisub004/notes.md,colors,colors,DAAC80/FCC9D2/FC2E1D/235F3F/02272D,"[""1D3557/457B9D/A8DADC/F1FAEE/E63946""]",large,high,"same structure, hue shift to navy/steel/cyan/off-white with red accents",true,:2,false,
2018/Generativos/noisub/noisub005,out/2018/Generativos/noisub/noisub005/notes.md,cc,cc,3,[6],large,high,finer starting 6x6 grid caps max tile at ~160 px; whole mosaic one size class finer,true,:2,false,
2018/Generativos/noisub/noisub005,out/2018/Generativos/noisub/noisub005/notes.md,sub,sub,1000000,[200000],large,high,"fewer subdivision passes: much larger tiles, smoother gradient look, far less fine dithering",true,:2,false,
2018/Generativos/noisub/noisub005,out/2018/Generativos/noisub/noisub005/notes.md,noiseDetail_falloff,noisedetail falloff,0.45,[0.8],large,high,higher falloff adds high-frequency noise: subdivision gets finer and more dithered across the canvas,true,:2,false,
2018/Generativos/noisub/noisub005,out/2018/Generativos/noisub/noisub005/notes.md,alp,alp,200,[255],none,low,"no visible change - dead code: the computed alp (L138) is never passed to shadow(), which is called with literal alpha 20 (L140)",true,:2,false,
2018/Generativos/noisub/noisub005,out/2018/Generativos/noisub/noisub005/notes.md,colors,colors,"#100A01,#51247F,#F5B424,#F6F6F6","[""#02272D,#235F3F,#DAAC80,#FCC9D2""]",moderate,high,identical mosaic structure recoloured: deep green and tan/peach dominant with pink and near-black teal accents,true,:2,false,
2018/Generativos/noisub/noisub005,out/2018/Generativos/noisub/noisub005/notes.md,detSizeX_mult,detsizex mult,0.8,[0.4],large,high,"smoother subdivision noise: larger, more coherent blobs of coarse vs fine regions",true,:2,false,
2018/Generativos/noisub002,out/2018/Generativos/noisub002/notes.md,cc,cc,5,"[3,8]",large,high,"fewer start cells = fewer, larger flat blocks; more = denser, finer tiling",true,:2,false,
2018/Generativos/noisub002,out/2018/Generativos/noisub002/notes.md,sub,sub,1000,"[300,3000]",large,high,"fewer subdivisions = coarser larger squares; more = finer, busier dust",true,:2,false,
2018/Generativos/noisub002,out/2018/Generativos/noisub002/notes.md,gap,gap,1,[0],subtle,low,removing 1px inset removes white grid lines; blocks touch edge-to-edge,true,:2,false,
2018/Generativos/numbers,out/2018/Generativos/numbers/notes.md,det (noise scale),det,random(0.02),"[""random(0.02)*0.1"",""random(0.02)*8""]",large,high,"lower = long gentle curves, digits legible, sparser; higher = short jittery turns, finer texture",true,:2,false,
2018/Generativos/numbers,out/2018/Generativos/numbers/notes.md,trail count,trail count,1000,[300],large,high,"fewer trails = elongated parallel bands, more background showing",true,:2,false,
2018/Generativos/numbers,out/2018/Generativos/numbers/notes.md,sub (stamps per trail),sub,200,[50],large,high,fewer stamps = short separate petal clumps with white gaps,true,:2,false,
2018/Generativos/numbers,out/2018/Generativos/numbers/notes.md,vel,vel,0.5,[2.0],large,high,"faster = stamps spread out, individual digits legible, sparser coverage",true,:2,false,
2018/Generativos/numbers,out/2018/Generativos/numbers/notes.md,fill alpha,fill alpha,50,[200],subtle,low,no visible structural change; dense overlap already saturates the field,true,:2,false,
2018/Generativos/oilan,out/2018/Generativos/oilan/notes.md,dispAmplitude,dispamplitude,140,[40],,unscored,max px of noise displacement in desform(),true,:2,false,
2018/Generativos/oilan,out/2018/Generativos/oilan/notes.md,lineCountFactor,linecountfactor,0.8,[1.6],,unscored,"multiplier on random(300,360) grid-line count",true,:2,false,
2018/Generativos/oilan,out/2018/Generativos/oilan/notes.md,diagCount,diagcount,40,[120],,unscored,number of wavy random chords,true,:2,false,
2018/Generativos/oilan,out/2018/Generativos/oilan/notes.md,gridStrokeWeight,gridstrokeweight,0.2,[0.8],,unscored,weight of the distorted H/V line grid,true,:2,false,
2018/Generativos/oilan,out/2018/Generativos/oilan/notes.md,margin,margin,80,[20],,unscored,"bb, inset of the line grid and dot region",true,:2,false,
2018/Generativos/oilan,out/2018/Generativos/oilan/notes.md,palette,palette,purples/pink,"[""warm""]",,unscored,whole colors[] array incl. background pick,true,:2,false,
2018/Generativos/oleone,out/2018/Generativos/oleone/notes.md,cc,cc,"int(random(20, 99))",[25],large,high,"fewer, sparser ribbons with much more white showing through",true,:2,false,
2018/Generativos/oleone,out/2018/Generativos/oleone/notes.md,steps,steps,1200,[400],large,high,"bands stop after ~1/3 of their length; shorter scalloped ribbons, same overall flow",true,:2,false,
2018/Generativos/oleone,out/2018/Generativos/oleone/notes.md,alpha,alpha,40,[120],large,high,"bands ~3x more opaque; canvas almost fully covered, overlaps denser and more saturated",true,:2,false,
2018/Generativos/oleone,out/2018/Generativos/oleone/notes.md,max,max,"int(random(1, random(20)))",[2],large,high,"gentler steering: long, smooth, nearly parallel wood-grain bands instead of curled ribbons",true,:2,false,
2018/Generativos/oleone,out/2018/Generativos/oleone/notes.md,det,det,random(0.01),[0.003],large,high,"coarser noise scale: broader, slower undulations and a denser central swirl",true,:2,false,
2018/Generativos/onduwave,out/2018/Generativos/onduwave/notes.md,cc,cc,"random(60,80)*0.4 (~24-32)",[60],moderate,high,more ribbons per direction; canvas fills with a dense woven grid instead of sparse threads,true,:2,true,
2018/Generativos/onduwave,out/2018/Generativos/onduwave/notes.md,strMax,strmax,20,[40],subtle,low,ribbon edges slightly thicker and more continuous; same layout,true,:2,true,
2018/Generativos/onduwave,out/2018/Generativos/onduwave/notes.md,zAmp,zamp,12,[24],subtle,low,"ripples along each thread more pronounced, sharper peaks",true,:2,true,
2018/Generativos/onduwave,out/2018/Generativos/onduwave/notes.md,fillAlpha,fillalpha,240,[120],none,low,"no visible change; per-vertex fill(getColor()) in wline() overrides the initial fill(rcol(), 240)",true,:2,true,
2018/Generativos/onduwave,out/2018/Generativos/onduwave/notes.md,det,det,"random(0.006,0.008)","[""0.02-0.03""]",subtle,low,"finer, more broken/grainy width modulation along ribbons",true,:2,true,
2018/Generativos/opop,out/2018/Generativos/opop/notes.md,cc,cc,"random(2,20) even",[12],large,high,"finer grid: more, smaller cells and tiles",true,:2,false,
2018/Generativos/opop,out/2018/Generativos/opop/notes.md,amp1,amp1,"random(0.2,0.8)",[0.5],subtle,low,centred inner square size; near-identical overall,true,:2,false,
2018/Generativos/opop,out/2018/Generativos/opop/notes.md,palette,palette,"[#E70012,#D3A100,#017160,#00A0E9,#072B45]","[""[#1A1A2E,#16213E,#0F3460,#533483,#E94560]""]",large,high,recolours whole piece to cool darks + pink,true,:2,false,
2018/Generativos/opop,out/2018/Generativos/opop/notes.md,ring_alpha,ring alpha,20,[150],subtle,low,concentric rings around tiles become visible,true,:2,false,
2018/Generativos/opop,out/2018/Generativos/opop/notes.md,dot_scale,dot scale,ss*amp2*0.25,"[""ss*amp2*0.5""]",none,low,no visible change (dots slightly larger),true,:2,false,
2018/Generativos/order,out/2018/Generativos/order/notes.md,iters,iters,100,[40],large,high,"fewer subdivisions: bigger zones, thicker bars, much coarser mosaic",true,:2,false,
2018/Generativos/order,out/2018/Generativos/order/notes.md,hRange,hrange,"random(0.1, 2.5)","[""random(0.1, 5.0)""]",large,high,"taller bars, wireframe caps reach much higher, more tower-like",true,:2,false,
2018/Generativos/order,out/2018/Generativos/order/notes.md,dRange,drange,"random(0.1, 0.8)","[""random(0.1, 0.2)""]",moderate,high,"thinner bars, more visible gaps between stripes",true,:2,false,
2018/Generativos/order,out/2018/Generativos/order/notes.md,sub,sub,"random(3, 13)","[""random(3, 7)""]",large,high,"fewer bars per zone: thick slabs instead of dense stripes, more bare ground",true,:2,false,
2018/Generativos/order,out/2018/Generativos/order/notes.md,barProbability,barprobability,1.0,[0.5],large,high,"half the zones left as bare ground, sparser composition",true,:2,false,
2018/Generativos/ostracity,out/2018/Generativos/ostracity/notes.md,maxSize,maxsize,0.8,[0.4],large,high,"halves max circle size: no edge-clipped giants, denser field of small/mid pinwheels, more black ground, whole packing re-flows",true,:2,true,
2018/Generativos/ostracity,out/2018/Generativos/ostracity/notes.md,wedgeDensity,wedgedensity,0.5,[1.5],moderate,high,"3x more wedges per circle: much finer stripes, rims sample more smoothly so lobes look softer/rounder; layout unchanged",true,:2,true,
2018/Generativos/ostracity,out/2018/Generativos/ostracity/notes.md,edgePow,edgepow,0.3,[0.8],moderate,high,"higher power dips the rim more at the cosine minimum: pinwheels gain pronounced scalloped, heart-like notches instead of gently wavy rims",true,:2,true,
2018/Generativos/ostracity,out/2018/Generativos/ostracity/notes.md,palette,palette,FF3D20/FC9D43/3998C2/3E56A8/090D0E,"[""687FA1/AFE0CD/FDECB4/F63A49/FE8141""]",moderate,high,"same geometry, pastel warm palette (peach/salmon, pale teal, cream): far lighter, lower-contrast look",true,:2,true,
2018/Generativos/ostracity,out/2018/Generativos/ostracity/notes.md,des,des,random(TAU),[0],large,high,"removes per-circle random rotation: all fans align to the same angle, notches point the same way, pinwheel randomness lost, composition reads as directional fans",true,:2,true,
2018/Generativos/ostracity02,out/2018/Generativos/ostracity02/notes.md,attempts,attempts,100000,[50000],moderate,high,"same layout (same early candidates), a few later-accepted cones missing; per-vertex colour stream shifts so the mosaic differs slightly",true,:2,true,
2018/Generativos/ostracity02,out/2018/Generativos/ostracity02/notes.md,maxSize,maxsize,0.8,[0.3],large,high,"giant cones disappear; smaller radii pass the gap test more often, so a dense even field of mid-size cones fills the canvas",true,:2,true,
2018/Generativos/ostracity02,out/2018/Generativos/ostracity02/notes.md,div,div,22,[8],moderate,high,"thicker, coarser horizontal bands; cones look softer and chunkier, same layout and colours",true,:2,true,
2018/Generativos/ostracity02,out/2018/Generativos/ostracity02/notes.md,subFactor,subfactor,0.5,[1.5],moderate,high,"more circumferential facets per ring; cones tessellate finer, large cones show thin vertical strips",true,:2,true,
2018/Generativos/ostracity02,out/2018/Generativos/ostracity02/notes.md,palette,palette,#FF3D20 #FC9D43 #3998C2 #3E56A8 #090D0E,"[""#687FA1 #AFE0CD #FDECB4 #F63A49 #FE8141""]",large,high,whole image shifts to a brighter warmer pastel set (cream/peach/pink/light-blue) with no dark facets,true,:2,true,
2018/Generativos/ostras,out/2018/Generativos/ostras/notes.md,trials,trials,10000,[3000],large,high,"fewer packing trials -> sparser field, fewer oysters, more black gaps",true,:2,true,
2018/Generativos/ostras,out/2018/Generativos/ostras/notes.md,maxsize,maxsize,0.8,[1.6],large,high,"max radius width*1.6 -> much bigger oysters, giant fans dominate",true,:2,true,
2018/Generativos/ostras,out/2018/Generativos/ostras/notes.md,spokeDensity,spokedensity,0.5,[0.25],moderate,high,half the spokes -> chunky pinwheel slices with visible gaps instead of dense fan,true,:2,true,
2018/Generativos/ostras,out/2018/Generativos/ostras/notes.md,wobbleExponent,wobbleexponent,0.3,[1.5],moderate,high,"stronger cos modulation -> clearly lobed/scalloped outlines, petal-like blobs",true,:2,true,
2018/Generativos/ostras,out/2018/Generativos/ostras/notes.md,palette,palette,FF3D20/FC9D43/3998C2/3E56A8/090D0E,"[""687FA1/AFE0CD/FDECB4/F63A49/FE8141""]",moderate,high,"pastel blue/mint/cream/pink scheme, same geometry",true,:2,true,
2018/Generativos/papariri,out/2018/Generativos/papariri/notes.md,buildsCount,buildscount,1000,[300],large,high,thinner background mosaic; thin dark bird-line web becomes dominant texture,true,:2,false,
2018/Generativos/papariri,out/2018/Generativos/papariri/notes.md,birdsCount,birdscount,100,[300],moderate,high,"denser web of thin dark line squiggles between circles, busier and slightly darker",true,:2,false,
2018/Generativos/papariri,out/2018/Generativos/papariri/notes.md,circleSizeRange,circlesizerange,"width*random(0.1,0.4)*random(0.2,1)","[""width*random(0.04,0.16)*random(0.2,1)""]",moderate,high,"circles about one third the size, finer, more of them, background mosaic more visible",true,:2,false,
2018/Generativos/papariri,out/2018/Generativos/papariri/notes.md,buildsStrokeAlpha,buildsstrokealpha,20,[90],subtle,low,no visible change in composition; background rects slightly more opaque,true,:2,false,
2018/Generativos/papariri,out/2018/Generativos/papariri/notes.md,packingFactor,packingfactor,0.55,[0.9],moderate,high,"circles pushed apart, fewer kept, more background visible between them",true,:2,false,
2018/Generativos/paper,out/2018/Generativos/paper/notes.md,c,c,5400,"[1000,16000]",large,high,"1000 = sparse, large flat background regions emerge; 16000 = denser, background nearly fully covered",true,:2,false,
2018/Generativos/paper,out/2018/Generativos/paper/notes.md,colors,colors,"F00050,FF4E02,F9E702,028DF9,1629C6","[""010187,0A49FF,FF854E,FFCAE3,FFFFFF""]",large,high,"identical layout, colors become indigo/bright-blue/salmon/light-pink/white (lighter, cooler piece)",true,:2,false,
2018/Generativos/paper,out/2018/Generativos/paper/notes.md,sizeExponent,sizeexponent,"random(random(1, 8), 8)","[""random(random(1, 4), 4)""]",large,high,"exponents 1-3 only -> almost exclusively huge half/quarter-canvas shapes, small-dot layer mostly gone",true,:2,false,
2018/Generativos/paper,out/2018/Generativos/paper/notes.md,motifCount,motifcount,4,[1],large,high,"rnd always 0 -> circles/pie-slices only; squares, triangles, diamonds disappear",true,:2,false,
2018/Generativos/paper,out/2018/Generativos/paper/notes.md,ringAlpha,ringalpha,10,[120],subtle,low,previously invisible black rings around circles become faintly visible dark outlines,true,:2,false,
2018/Generativos/pastisales,out/2018/Generativos/pastisales/notes.md,cc,cc,200000,[50000],moderate,high,"fewer iterations -> sparser bands, more empty gaps between clusters",true,:2,false,
2018/Generativos/pastisales,out/2018/Generativos/pastisales/notes.md,a,a,0.5,"[0.3,0.7]",moderate,high,"noise gate threshold; lower = fewer dots/bars (sparse skyline), higher = denser fuller bands",true,:2,false,
2018/Generativos/pastisales,out/2018/Generativos/pastisales/notes.md,det,det,"random(0.0012,0.004)",[0.004],moderate,high,"finer noise frequency -> busier, more fragmented clusters with more vertical bars",true,:2,false,
2018/Generativos/pastisales,out/2018/Generativos/pastisales/notes.md,dot_size_mult,dot size mult,30,[60],moderate,high,"larger dots -> more solid, filled-in bands",true,:2,false,
2018/Generativos/pastisales,out/2018/Generativos/pastisales/notes.md,bar_chance,bar chance,0.03,[0.1],moderate,high,more vertical bars -> stronger skyline effect,true,:2,false,
2018/Generativos/patio,out/2018/Generativos/patio/notes.md,cc,cc,80,[30],moderate,high,"fewer stacked slab levels - striped walls end shorter, gaps at the top of the stacks become visible",true,:2,false,
2018/Generativos/patio,out/2018/Generativos/patio/notes.md,hh,hh,960,[480],large,high,"solid corner/edge blocks and posts half the height - more of the central cross and slab walls visible, tan corner bands capped early",true,:2,false,
2018/Generativos/patio,out/2018/Generativos/patio/notes.md,colors,colors,"#272928,#2DC3BA,#BCEBD2,#F9F77A,#F8BDD3","[""#FACD00,#FB4F00,#F277C5,#7D57C6,#00B187,#3DC1CD""]",large,high,every surface recoloured - orange/red/magenta/teal/yellow replaces the muted teal/tan/mauve scheme,true,:2,false,
2018/Generativos/patio,out/2018/Generativos/patio/notes.md,ss,ss,"width*random(0.2, 0.8)","[""width*0.5""]",large,high,"flat cross, dots and corner blocks scale up - central cyan cross fills most of the frame",true,:2,false,
2018/Generativos/patio,out/2018/Generativos/patio/notes.md,fov,fov,"PI/random(1.02, 1.3)","[""PI/2.5""]",large,high,"narrower, flatter perspective - centre appears smaller, wall stripes more compressed",true,:2,false,
2018/Generativos/patio,out/2018/Generativos/patio/notes.md,dd,dd,ss*0.06,"[""ss*0.15""]",large,high,2.5x wider spacing between stacked slabs - stripes read as separated slabs with dark gaps instead of dense texture,true,:2,false,
2018/Generativos/patopato,out/2018/Generativos/patopato/notes.md,count,count,100,[30],large,high,"sparser scatter, only first 30 mandalas (same positions/sizes); score inflated by unseeded background turning blue",true,:2,false,
2018/Generativos/patopato,out/2018/Generativos/patopato/notes.md,sizeScale,sizescale,1.0,[0.3],large,high,"all mandalas ~3x smaller, more background shows, dotted wires become relatively more visible",true,:2,false,
2018/Generativos/patopato,out/2018/Generativos/patopato/notes.md,ccMax,ccmax,100,[12],large,high,dashed segment rings become 6-10 fat chunky bands instead of many fine dashes,true,:2,false,
2018/Generativos/patopato,out/2018/Generativos/patopato/notes.md,palette,palette,"F8F8F9,FE3B00,7233A6,0601FE,000000","[""F8F8F9,2E7D32,00897B,FFC930,212129""]",large,high,"same layout, whole piece recoloured green/teal/amber; background also drawn from the new palette",true,:2,false,
2018/Generativos/patopato,out/2018/Generativos/patopato/notes.md,meshAlphaMax,meshalphamax,30,[120],moderate,high,white Delaunay veil becomes a prominent faceted overlay over the same layout,true,:2,false,
2018/Generativos/paz,out/2018/Generativos/paz/notes.md,bigCount,bigcount,200,[400],large,high,"double the large black boxes -> bigger, denser dark mass concentrated in the top half with a horizontal white band",true,:2,true,
2018/Generativos/paz,out/2018/Generativos/paz/notes.md,bigSize,bigsize,80,[40],large,high,smaller large boxes stop merging into one mass -> many separate varied-size cubes with white gaps,true,:2,true,
2018/Generativos/paz,out/2018/Generativos/paz/notes.md,medSize,medsize,10,[4],none,low,shrinking the 800 medium boxes: no visible change (absorbed by the big masses and the blur),true,:2,true,
2018/Generativos/paz,out/2018/Generativos/paz/notes.md,smallSize,smallsize,2,[8],none,low,growing the 800 small specks: no visible change (below the blur/contrast resolution),true,:2,true,
2018/Generativos/paz,out/2018/Generativos/paz/notes.md,background,background,240,[120],large,high,"darker background -> field goes near-white to mid-grey; the box cloud is unchanged, contrast with white boxes drops",true,:2,true,
2018/Generativos/paz002,out/2018/Generativos/paz002/notes.md,cc,cc,"random(150,190)","[""random(40,70)""]",large,high,fewer large boxes: sparse black shapes on a mostly white ground instead of the dense black field,true,:2,true,
2018/Generativos/paz002,out/2018/Generativos/paz002/notes.md,boxSize,boxsize,80,[240],large,high,"3x box size: black coverage fills the canvas, image becomes almost entirely black",true,:2,true,
2018/Generativos/paz002,out/2018/Generativos/paz002/notes.md,spokeLen,spokelen,120,[320],subtle,low,spoke lines reach a bit farther past the box faces; composition otherwise unchanged,true,:2,true,
2018/Generativos/paz002,out/2018/Generativos/paz002/notes.md,midCubeCount,midcubecount,800,[2400],subtle,low,slightly denser scatter of mid-size black/white cubes; composition otherwise unchanged,true,:2,true,
2018/Generativos/paz002,out/2018/Generativos/paz002/notes.md,smallCubeCount,smallcubecount,1200,[4000],none,low,no visible change (size-2 boxes are near sub-pixel; grain is dominated by the shader),true,:2,true,
2018/Generativos/peces,out/2018/Generativos/peces/notes.md,det,det,random(0.004),[0.0005],none,low,no visible change at the frame-10 snapshot; fish are still sub-pixel specks this early,true,:2,true,
2018/Generativos/peces,out/2018/Generativos/peces/notes.md,spawnRate,spawnrate,frameCount%1,"[""frameCount%3""]",none,low,no visible change (a couple of faint specks instead of a few),true,:2,true,
2018/Generativos/peces,out/2018/Generativos/peces/notes.md,fishSize,fishsize,"random(80, 240)","[""random(80, 500)""]",none,low,no visible change at the frame-10 snapshot,true,:2,true,
2018/Generativos/peces,out/2018/Generativos/peces/notes.md,sv,sv,10,[20],none,low,no visible change at the frame-10 snapshot,true,:2,true,
2018/Generativos/peces,out/2018/Generativos/peces/notes.md,bodyWidth,bodywidth,s*0.2,"[""s*0.6""]",none,low,no visible change at the frame-10 snapshot,true,:2,true,
2018/Generativos/pecuce,out/2018/Generativos/pecuce/notes.md,div,div,"random(10,120)","[30,160]",large,high,"lower = fewer, coarser blocks (mostly flat colour); higher = dense field of small cells with fine bands. Layout also reshuffles because the random stream shifts.",true,:2,false,
2018/Generativos/pecuce,out/2018/Generativos/pecuce/notes.md,sub,sub,8,"[3,20]",large,high,fewer insets = thick chunky corner bands and flat areas; more = thin dense concentric stripes in every cell. Same cell layout as baseline (no randomness consumed).,true,:2,false,
2018/Generativos/pecuce,out/2018/Generativos/pecuce/notes.md,splitRatio,splitratio,0.5,[0.3],large,high,"children no longer tile the parent (cover 0.6x0.6 of it top-left), so large flat background gaps appear and size contrast between cells grows",true,:2,false,
2018/Generativos/pecuce,out/2018/Generativos/pecuce/notes.md,sel,sel,random(4),[0],large,high,all corner bands anchored at the top-left corner; loses the baseline's mixed corner orientations (layout also reshuffles: random stream shifts),true,:2,false,
2018/Generativos/peligths,out/2018/Generativos/peligths/notes.md,circleCount,circlecount,100,[200],large,high,"denser field of more, smaller blobs; canvas fully covered, busier overlaps",true,:2,false,
2018/Generativos/peligths,out/2018/Generativos/peligths/notes.md,sizeBias,sizebias,width*random*random,"[""width*random""]",large,high,"uniform size distribution: a few very large blobs dominate, small blobs nearly vanish",true,:2,false,
2018/Generativos/peligths,out/2018/Generativos/peligths/notes.md,innerRatio,innerratio,0.4,[0.7],moderate,high,"inner blobs nearly as big as outer, reading as large petals/leaves over the fan",true,:2,false,
2018/Generativos/peligths,out/2018/Generativos/peligths/notes.md,noiseDetail,noisedetail,2,[5],moderate,high,"finer, wavier rim undulations on every blob",true,:2,false,
2018/Generativos/peligths,out/2018/Generativos/peligths/notes.md,warpAmp,warpamp,80,[200],moderate,high,"stronger noise warp: more irregular, stretched, teardrop/ribbon-like blobs",true,:2,false,
2018/Generativos/peligths,out/2018/Generativos/peligths/notes.md,fanAlpha,fanalpha,240,[120],moderate,high,"more translucent fills: overlaps blend and wash out, overall softer look",true,:2,false,
2018/Generativos/pelines,out/2018/Generativos/pelines/notes.md,gri,gri,20,[40],subtle,low,no visible change (also doubles max line length; effect masked by faint alpha),true,:2,false,
2018/Generativos/pelines,out/2018/Generativos/pelines/notes.md,det1,det1,random(0.01),[0.002],moderate,high,"smoother, slightly larger-scale flow; dark band path and tints rearranged",true,:2,false,
2018/Generativos/pelines,out/2018/Generativos/pelines/notes.md,angle multiplier (TAU*2),angle multiplier,6.28,[3.14],subtle,low,no visible change; flow layout nearly identical,true,:2,false,
2018/Generativos/pelines,out/2018/Generativos/pelines/notes.md,length multiplier (dd*gri),length multiplier,1,[2],subtle,low,"subtle: strokes visibly longer and more legible, same layout",true,:2,false,
2018/Generativos/pelines,out/2018/Generativos/pelines/notes.md,"line alpha (random(120)*random(0.2,1))",line alpha random,0-24,"[""random(255)*random(0.6,1) -> 0-153""]",moderate,high,"lines much more opaque: red/orange/yellow strokes pop, dark band sharper",true,:2,false,
2018/Generativos/pelines,out/2018/Generativos/pelines/notes.md,palette (colors[]),palette,green/orange/navy/red/teal,"[""#2E0551 #FF00C7 #01AFC2 #FDBE03 #F4F9FD""]",large,high,fully recoloured: magenta/purple/cyan/gold flow over dark purple ground,true,:2,false,
2018/Generativos/pelines3d,out/2018/Generativos/pelines3d/notes.md,cc,cc,8,[4],moderate,high,"coarser 4x4x4 start grid: looser, wider-spreading bundles, bigger brighter center knot",true,:2,false,
2018/Generativos/pelines3d,out/2018/Generativos/pelines3d/notes.md,paths,paths,500,[200],subtle,low,"sparser: thinner knot, more black gaps, same field",true,:2,false,
2018/Generativos/pelines3d,out/2018/Generativos/pelines3d/notes.md,vel,vel,10,[25],moderate,high,"longer steps: longer, more stretched curves, bigger knot",true,:2,false,
2018/Generativos/pelines3d,out/2018/Generativos/pelines3d/notes.md,det,det,0.001,[0.004],moderate,high,"finer noise: much wavier, more loops, convergence knot weakened and dispersed",true,:2,false,
2018/Generativos/pelines3d,out/2018/Generativos/pelines3d/notes.md,alpha,alpha,80,[200],none,low,"no visible change: initial stroke alpha only sets the first vertex of each polyline, per-vertex getColor stroke overrides it",true,:2,false,
2018/Generativos/pelines3d,out/2018/Generativos/pelines3d/notes.md,steps,steps,100,[40],subtle,low,"shorter trajectories: smaller tighter knot, curves stop short of the edges",true,:2,false,
2018/Generativos/pelolos,out/2018/Generativos/pelolos/notes.md,cc,cc,"random(160, 6400)","[""random(160, 900)""]",moderate,high,"fewer lines: fur thins, individual wavy strands visible, more orange background shows through",true,:2,false,
2018/Generativos/pelolos,out/2018/Generativos/pelolos/notes.md,vel,vel,3,[8],moderate,high,"bigger steps: lines spread apart, mass thins, more background visible, S-spine less pronounced",true,:2,false,
2018/Generativos/pelolos,out/2018/Generativos/pelolos/notes.md,amp,amp,4,[8],subtle,low,"slightly looser, more diffused wiggle; overall structure unchanged",true,:2,false,
2018/Generativos/pelolos,out/2018/Generativos/pelolos/notes.md,strokeWeight,strokeweight,"random(0.5, 1.2)","[""random(2.0, 3.0)""]",moderate,high,"lines read slightly darker and denser (stroke alpha is only 8, so effect is limited)",true,:2,false,
2018/Generativos/pelolos,out/2018/Generativos/pelolos/notes.md,colors,colors,warm 9-colour palette,"[""cool 5-colour palette""]",large,high,completely recoloured: blue/violet/white field with crimson strand mass; background rcol() also changes (now near-white),true,:2,false,
2018/Generativos/pelolos002,out/2018/Generativos/pelolos002/notes.md,cc,cc,2200,[600],moderate,high,"fewer lines: thicker spaced stripes, looser braid, more background showing",true,:2,false,
2018/Generativos/pelolos002,out/2018/Generativos/pelolos002/notes.md,vel,vel,5,[10],large,high,bigger steps: braid thins to sparse widely-spaced strands,true,:2,false,
2018/Generativos/pelolos002,out/2018/Generativos/pelolos002/notes.md,err,err,0.01,[0.05],moderate,high,"faster per-row noise-scale drift: different braid wave shape, same density",true,:2,false,
2018/Generativos/pelolos002,out/2018/Generativos/pelolos002/notes.md,dc,dc,0.032,[0.16],large,high,"faster colour drift along line: many bright white/pink strands, shorter stripe bands",true,:2,false,
2018/Generativos/pelolos002,out/2018/Generativos/pelolos002/notes.md,amp,amp,20,[10],moderate,high,"smaller angular deviation: gentler waves, far fewer loops/crossings",true,:2,false,
2018/Generativos/pelones,out/2018/Generativos/pelones/notes.md,ballCountMult,ballcountmult,"random(20,120)*0.2","[""*1.0""]",moderate,high,~5x ball count; canvas fills with overlapping balls of all sizes,true,:2,false,
2018/Generativos/pelones,out/2018/Generativos/pelones/notes.md,ballMaxSize,ballmaxsize,0.2*width,"[""0.4*width""]",moderate,high,"same count, 2x larger balls; several huge discs, dashed rings scale up",true,:2,false,
2018/Generativos/pelones,out/2018/Generativos/pelones/notes.md,blobCount,blobcount,120,[300],moderate,high,2.5x cream circles merge into a bigger mass; top-left filament tangle spreads (larger white mask area),true,:2,false,
2018/Generativos/pelones,out/2018/Generativos/pelones/notes.md,blobMaxSize,blobmaxsize,0.4*width,"[""0.8*width""]",moderate,high,circles up to 2x larger; top-left tangle grows and reads as long grey hair,true,:2,false,
2018/Generativos/pelones,out/2018/Generativos/pelones/notes.md,flowFillAlpha,flowfillalpha,120,[255],none,low,no visible change; dense line overlap already saturates the tangle,true,:2,false,
2018/Generativos/pelones,out/2018/Generativos/pelones/notes.md,grainMaxSize,grainmaxsize,random(2),"[""random(6)""]",moderate,high,3x larger black speckles; grain clearly visible across the canvas,true,:2,false,
2018/Generativos/pelotas,out/2018/Generativos/pelotas/notes.md,overlapFactor,overlapfactor,0.55,[0.8],moderate,high,"higher = denser packing, more circles per screen",true,:2,false,
2018/Generativos/pelotas,out/2018/Generativos/pelotas/notes.md,sizeMax,sizemax,260,[120],moderate,high,no giant suns; field denser and more uniform in size,true,:2,false,
2018/Generativos/pelotas,out/2018/Generativos/pelotas/notes.md,spokesMax,spokesmax,13,[6],subtle,low,3-6 spokes per sun; many read as Y or cross shapes,true,:2,false,
2018/Generativos/pelotas,out/2018/Generativos/pelotas/notes.md,attempts,attempts,1000000,[200000],moderate,high,"sparser field, more background visible",true,:2,false,
2018/Generativos/pelotas,out/2018/Generativos/pelotas/notes.md,spokeWeight,spokeweight,0.2,[0.35],moderate,high,"thicker capsule spokes, chunkier suns",true,:2,false,
2018/Generativos/pencilData,out/2018/Generativos/pencilData/notes.md,sub,sub,80,[160],subtle,low,"more split iterations: busier tiling with more small cells, same tonality",true,:2,true,
2018/Generativos/pencilData,out/2018/Generativos/pencilData/notes.md,divRange,divrange,"(2,4)","[""(2,6)""]",subtle,low,"split range up to 4x4: different subdivision mix, same overall look",true,:2,true,
2018/Generativos/pencilData,out/2018/Generativos/pencilData/notes.md,bb,bb,4,[14],subtle,low,wider gutters: cells read as separate framed panels on paper,true,:2,true,
2018/Generativos/pencilData,out/2018/Generativos/pencilData/notes.md,da1,da1,0.01,[0.05],subtle,low,"5x curve frequency: per-cell patterns differ (wavier), some large cells fainter",true,:2,true,
2018/Generativos/pencilData,out/2018/Generativos/pencilData/notes.md,stippleFactor,stipplefactor,0.8,[2.5],subtle,low,denser stipple: cells look grayer and more filled in,true,:2,true,
2018/Generativos/pencilData,out/2018/Generativos/pencilData/notes.md,stippleAlpha,stipplealpha,4,[12],subtle,low,"darker stipple dots: slightly grainier, denser cells",true,:2,true,
2018/Generativos/peni,out/2018/Generativos/peni/notes.md,cc,cc,"int(random(2,8))",[],,unscored,TBD,true,:2,false,
2018/Generativos/peni,out/2018/Generativos/peni/notes.md,gg,gg,"int(random(40,100))",[],,unscored,TBD,true,:2,false,
2018/Generativos/peni,out/2018/Generativos/peni/notes.md,bb,bb,9,[],,unscored,TBD,true,:2,false,
2018/Generativos/peni,out/2018/Generativos/peni/notes.md,des,des,2,[],,unscored,TBD,true,:2,false,
2018/Generativos/peni,out/2018/Generativos/peni/notes.md,arcs,arcs,1000,[],,unscored,TBD,true,:2,false,
2018/Generativos/peni,out/2018/Generativos/peni/notes.md,arcR,arcr,width*random(0.012),[],,unscored,TBD,true,:2,false,
2018/Generativos/pepi,out/2018/Generativos/pepi/notes.md,cc,cc,"random(20, 100)","[100,20]",large,high,100 = dense field of tiny multi-ring dots; 20 = sparse large dots with wide pink gaps,true,:2,false,
2018/Generativos/pepi,out/2018/Generativos/pepi/notes.md,ck,ck,"random(1, random(1, 40))",[40],large,high,40 depth layers stretch into dense striped radial cones under perspective,true,:2,false,
2018/Generativos/pepi,out/2018/Generativos/pepi/notes.md,tilt,tilt,"random(-0.4, 0.4) per axis",[0],large,high,"0 = flat, axis-aligned grid with uniform dot sizes, no shear",true,:2,false,
2018/Generativos/pepi,out/2018/Generativos/pepi/notes.md,strokeAlpha,strokealpha,20,[255],moderate,high,255 adds a crisp dark outline to every ring; composition unchanged,true,:2,false,
2018/Generativos/pepi,out/2018/Generativos/pepi/notes.md,des,des,width*1.2,"[""width*2.0""]",large,high,"bigger cells, fewer visible, stronger perspective foreshortening at edges",true,:2,false,
2018/Generativos/pera,out/2018/Generativos/pera/notes.md,planets,planets,1200,[400],moderate,high,"fewer, sparser discs; the hidden grid becomes clearly visible",true,:2,false,
2018/Generativos/pera,out/2018/Generativos/pera/notes.md,det1,det1,random(0.01),"[""random(0.002)""]",moderate,high,"coarser size field: disc density becomes a smooth large-scale gradient (sparse top, dense bottom) instead of mid-scale clusters",true,:2,false,
2018/Generativos/pera,out/2018/Generativos/pera/notes.md,size scale (*820),size scale,820,[400],moderate,high,all discs ~half size; field looks more diffuse with more background showing through,true,:2,false,
2018/Generativos/pera,out/2018/Generativos/pera/notes.md,alpha ramp (map to 0..255),alpha ramp,255,[128],subtle,low,"same structure, slightly lighter/more washed out; blue ground reads through the discs more",true,:2,false,
2018/Generativos/pera,out/2018/Generativos/pera/notes.md,grid divisions (random(100)),grid divisions,random(100),"[""random(24)""]",none,low,no visible change: the thin grid is already nearly covered by 1200 discs in the baseline,true,:2,false,
2018/Generativos/pera,out/2018/Generativos/pera/notes.md,palette colors[],palette colors,F8F8F9/FE3B00/7233A6/0601FE/000000,"[""F8F8F9/00B328/1D3557/E63946/000000""]",large,high,identical structure in new colours: green discs on a red ground,true,:2,false,
2018/Generativos/perla,out/2018/Generativos/perla/notes.md,planets,planets,1200,[2400],moderate,high,"denser, smaller, more delicate field; large corner discs persist, mesh more visible",true,:2,false,
2018/Generativos/perla,out/2018/Generativos/perla/notes.md,det1,det1,random(0.01),"[""random(0.002)""]",moderate,high,"size-noise sampled at 1/5 scale: sizes clump into smooth patches, sparser regions plus denser big-disc clusters",true,:2,false,
2018/Generativos/perla,out/2018/Generativos/perla/notes.md,sizeExponent,sizeexponent,2.2,[1.0],moderate,high,"noise no longer squared: far more large discs, canvas nearly covered, cyan mostly hidden",true,:2,false,
2018/Generativos/perla,out/2018/Generativos/perla/notes.md,alpMax,alpmax,255,[120],subtle,low,"no visible change at first glance; discs slightly more see-through, background reads through overlaps",true,:2,false,
2018/Generativos/perla,out/2018/Generativos/perla/notes.md,dotSize,dotsize,3,[8],subtle,low,no visible change to the discs; the point markers are now small visible rings/dots instead of pinpoints,true,:2,false,
2018/Generativos/persons,out/2018/Generativos/persons/notes.md,grid,grid,"int(random(40,60))",[20],subtle,low,"coarser cells -> fewer, larger figures; background unchanged",true,:2,false,
2018/Generativos/persons,out/2018/Generativos/persons/notes.md,meshAlpha,meshalpha,30,[120],none,low,no visible change; 4x alpha on 1px white mesh lines stays below the visibility threshold,true,:2,false,
2018/Generativos/persons,out/2018/Generativos/persons/notes.md,meshKeep,meshkeep,0.4,[1.0],none,low,no visible change; the extra triangles are 1px lines at ~12% white alpha,true,:2,false,
2018/Generativos/persons,out/2018/Generativos/persons/notes.md,palette,palette,cool blues/pinks/purples,"[""#2474AF,#2474AF,#F0CA4B,#F07148,#E6E7E9,#107F40""]",large,high,background becomes light grey; figures blue/orange/green/yellow,true,:2,false,
2018/Generativos/persons,out/2018/Generativos/persons/notes.md,hh,hh,"random(0.2,1)","[""random(0.9,1)""]",subtle,low,no short stubby figures; crowd is uniformly tall,true,:2,false,
2018/Generativos/persons,out/2018/Generativos/persons/notes.md,sca,sca,0.8,[1.6],subtle,low,"figures ~2x larger (width and height scale together), some overlap",true,:2,false,
2018/Generativos/persons02,out/2018/Generativos/persons02/notes.md,grid,grid,"int(random(40, 60))","[""int(random(80, 100))""]",subtle,low,"finer cell grid; crowd and mesh re-laid-out, figure scale similar",true,:2,false,
2018/Generativos/persons02,out/2018/Generativos/persons02/notes.md,personAttempts,personattempts,grid*1.6,"[""grid*3.2""]",moderate,high,crowd density roughly doubles,true,:2,false,
2018/Generativos/persons02,out/2018/Generativos/persons02/notes.md,torsoWidth,torsowidth,"ss*sca*random(1, 1.2)","[""ss*sca*random(0.45, 0.6)""]",none,low,no visible change; torsos only slightly thinner,true,:2,false,
2018/Generativos/persons02,out/2018/Generativos/persons02/notes.md,heightFactor,heightfactor,"random(0.2, 1)","[""random(0.8, 1.5)""]",subtle,low,figures clearly taller and slimmer,true,:2,false,
2018/Generativos/persons02,out/2018/Generativos/persons02/notes.md,feetMeshAlpha,feetmeshalpha,28,[110],none,low,"white mesh lines more visible (thin 1-px strokes, below scorer threshold)",true,:2,false,
2018/Generativos/persons02,out/2018/Generativos/persons02/notes.md,rainAlpha,rainalpha,60,[200],none,low,"rain dashes more visible (sparse 1-2 px dots, below scorer threshold)",true,:2,false,
2018/Generativos/persons03,out/2018/Generativos/persons03/notes.md,grid,grid,"int(random(40, 60))","[""int(random(16, 20))""]",moderate,high,"coarser grid: far fewer, much larger figures; sparser longer-edged mesh",true,:2,false,
2018/Generativos/persons03,out/2018/Generativos/persons03/notes.md,personCount,personcount,grid*1.6,"[""grid*3.2""]",moderate,high,about twice as many figures at the same size; denser crowd and mesh,true,:2,false,
2018/Generativos/persons03,out/2018/Generativos/persons03/notes.md,rainCount,raincount,600,[1500],none,low,"no visible change; streaks are 3-5 px at alpha 60, too faint to accumulate",true,:2,false,
2018/Generativos/persons03,out/2018/Generativos/persons03/notes.md,personMeshSkip,personmeshskip,0.6,[0.15],none,low,"no visible change; stroke(255, 28) too faint to notice the extra triangles",true,:2,false,
2018/Generativos/persons03,out/2018/Generativos/persons03/notes.md,heightFactor,heightfactor,"random(0.2, 1)","[""random(0.4, 2.2)""]",subtle,low,"taller stretched figures, a few very tall ones; density unchanged",true,:2,false,
2018/Generativos/persons04,out/2018/Generativos/persons04/notes.md,gridCount,gridcount,"int(random(40, 60)*0.5)","[""int(random(40, 60)*1.0)""]",moderate,high,"denser grid (cell size halved) -> figures ~half size, ~2x more, finer grid lines",false,:2,false,non-deterministic baseline; only large changes are reliable
2018/Generativos/persons04,out/2018/Generativos/persons04/notes.md,countPersons,countpersons,int(gridCount*1.6),"[""int(gridCount*3.2)""]",subtle,low,"~2x more figures, denser crowd, same figure proportions",false,:2,false,non-deterministic baseline; only large changes are reliable
2018/Generativos/persons04,out/2018/Generativos/persons04/notes.md,gridLineAlpha,gridlinealpha,12,[80],none,low,no visible change; 1px grid lines only marginally brighter,false,:2,false,non-deterministic baseline; only large changes are reliable
2018/Generativos/persons04,out/2018/Generativos/persons04/notes.md,headWidth,headwidth,size*0.12,"[""size*0.35""]",none,low,no visible change; heads remain tiny dots at this scale,false,:2,false,non-deterministic baseline; only large changes are reliable
2018/Generativos/persons04,out/2018/Generativos/persons04/notes.md,heightBody,heightbody,size*5.2*hh,"[""size*8.0*hh""]",subtle,low,"torsos visibly elongated, figures read as tall pillars",false,:2,false,non-deterministic baseline; only large changes are reliable
2018/Generativos/persons04,out/2018/Generativos/persons04/notes.md,colors,colors,6 purple/pink tones incl. #2B00BE x2,"[""teal/orange/warm set""]",large,high,"completely different look: warm tan background, orange/teal/sand figures",false,:2,false,non-deterministic baseline; only large changes are reliable
2018/Generativos/persons06,out/2018/Generativos/persons06/notes.md,gridCount multiplier,gridcount multiplier,0.5,[1.0],subtle,low,"more grid cells → smaller gridSize → smaller, more numerous figures",false,:2,false,non-deterministic baseline; only large changes are reliable
2018/Generativos/persons06,out/2018/Generativos/persons06/notes.md,countPersons multiplier,countpersons multiplier,1.6,[3.2],subtle,low,doubled person count; denser scene,false,:2,false,non-deterministic baseline; only large changes are reliable
2018/Generativos/persons06,out/2018/Generativos/persons06/notes.md,heightBody factor,heightbody factor,5.2,[8.0],subtle,low,"slightly taller, more elongated bodies",false,:2,false,non-deterministic baseline; only large changes are reliable
2018/Generativos/persons06,out/2018/Generativos/persons06/notes.md,headWidth factor,headwidth factor,0.12,[0.3],none,low,no visible change; head ellipse too small to register at canvas scale,false,:2,false,non-deterministic baseline; only large changes are reliable
2018/Generativos/persons06,out/2018/Generativos/persons06/notes.md,grid stroke alpha,grid stroke alpha,12,[60],none,low,no visible change; grid still barely perceptible against background,false,:2,false,non-deterministic baseline; only large changes are reliable
2018/Generativos/persons06,out/2018/Generativos/persons06/notes.md,handsVel range,handsvel range,0.8,[2.0],none,low,no visible change at frame 1; arm-swing phase ≈ 0 early in animation,false,:2,false,non-deterministic baseline; only large changes are reliable
2018/Generativos/pesis,out/2018/Generativos/pesis/notes.md,sub,sub,"random(4,80)",[120],large,high,"far finer, denser mosaic; many small cells, dense clusters in the top-right",true,:2,true,
2018/Generativos/pesis,out/2018/Generativos/pesis/notes.md,cc,cc,"random(8,18)",[24],moderate,high,"finer, denser dot grid; dots smaller and more tightly packed",true,:2,true,
2018/Generativos/pesis,out/2018/Generativos/pesis/notes.md,amp,amp,"random(0.2,0.4)",[0.6],large,high,much bigger dots and halos; cells become a strong perforated/stippled texture,true,:2,true,
2018/Generativos/pesis,out/2018/Generativos/pesis/notes.md,triProb,triprob,0.8,[0.3],large,high,"fewer half-cell triangles; skipped random(4) calls shift the RNG stream, so colors/dots resample too",true,:2,true,
2018/Generativos/pesis,out/2018/Generativos/pesis/notes.md,circleProb,circleprob,0.2,[0.8],moderate,high,"circles now visible in most cells, varying in size; RNG stream shift recolours some overlays",true,:2,true,
2018/Generativos/pesis,out/2018/Generativos/pesis/notes.md,palette,palette,"F35A00,FD9800,00777F,703F3B","[""264653,2A9D8F,E9C46A,936639""]",large,high,"identical structure, cool slate/teal/yellow/brown instead of warm orange/teal/brown",true,:2,true,
2018/Generativos/petalos,out/2018/Generativos/petalos/notes.md,clusterCount,clustercount,20,[8],moderate,high,"fewer rosettes; first 8 clusters keep their baseline positions, the rest are simply absent (large empty teal areas)",true,:2,true,
2018/Generativos/petalos,out/2018/Generativos/petalos/notes.md,maxPetalLayers,maxpetallayers,24,[12],large,high,re-rolls the whole composition (shared random stream); visible rosettes are shallower with fewer nested rings,true,:2,true,
2018/Generativos/petalos,out/2018/Generativos/petalos/notes.md,maxPetalsPerLayer,maxpetalsperlayer,20,[40],moderate,high,"same composition; more, finer petals per ring",true,:2,true,
2018/Generativos/petalos,out/2018/Generativos/petalos/notes.md,maxSpokes,maxspokes,60,[12],large,high,"re-rolls the whole composition (shared random stream); spoke fans show fewer, shorter segments",true,:2,true,
2018/Generativos/petalos,out/2018/Generativos/petalos/notes.md,petalShadowAlpha,petalshadowalpha,30,[120],subtle,low,same composition; speckled black shadow on petal edges clearly stronger,true,:2,true,
2018/Generativos/piopio,out/2018/Generativos/piopio/notes.md,unit_count_cc,unit count cc,random(120)*random(1),"[""random(200)*random(1)""]",large,high,"many more, smaller overlapping units; dense multicolour field, background almost covered",true,:2,true,
2018/Generativos/piopio,out/2018/Generativos/piopio/notes.md,body_amp,body amp,1.25,[2.2],subtle,low,no visible change (0.1% of pixels); the squash is imperceptible at this scale,true,:2,true,
2018/Generativos/piopio,out/2018/Generativos/piopio/notes.md,star_segs_res,star segs res,"random(18,60)","[""random(4,10)""]",subtle,low,star spikes coarsen into a few large blades on the collars and the giant right-side ring,true,:2,true,
2018/Generativos/piopio,out/2018/Generativos/piopio/notes.md,body_fill_alpha,body fill alpha,250,[90],subtle,low,"unit fills go translucent: gold disc paler, giant starburst softened, background shows through",true,:2,true,
2018/Generativos/piopio,out/2018/Generativos/piopio/notes.md,body_size_range,body size range,"random(1,14)","[""random(1,6)""]",large,high,"body/star/centre shrink relative to the fixed halo disc; sparser look, more background visible",true,:2,true,
2018/Generativos/pipi,out/2018/Generativos/pipi/notes.md,sub,sub,int(random(3000)),[300],large,high,"fewer iterations = larger triangles, less dense subdivided cluster, empty space on one side",true,:2,false,
2018/Generativos/pipi,out/2018/Generativos/pipi/notes.md,da,da,TAU/3.0,"[""TAU/4.0""]",large,high,90-degree vertex spacing changes initial triangle silhouette; prominent red/yellow pyramid extrusion visible,true,:2,false,
2018/Generativos/pipi,out/2018/Generativos/pipi/notes.md,fov,fov,"PI/random(2,3.6)","[""PI/2.0""]",large,high,"wider FOV zooms in; large foreground white triangle, more dramatic perspective",true,:2,false,
2018/Generativos/pipi,out/2018/Generativos/pipi/notes.md,splitProb,splitprob,0.9,[0.5],large,high,"more pyramid extrusions; larger individual triangles, more 3D-looking",true,:2,false,
2018/Generativos/pipi,out/2018/Generativos/pipi/notes.md,dis,dis,"width*random(2,5)","[""width*2""]",large,high,"closer initial triangle = more centered composition, large central white triangle",true,:2,false,
2018/Generativos/pipi,out/2018/Generativos/pipi/notes.md,tiltX,tiltx,"random(0,PI*0.5)","[""random(0,PI*0.25)""]",large,high,"less tilt = more top-down view, higher horizon, flatter appearance",true,:2,false,
2018/Generativos/piso,out/2018/Generativos/piso/notes.md,cc,cc,"random(3,8)",[8],large,high,"denser 8-column grid, smaller cells and smaller crowded roscas; also re-rolls the downstream random stream (div, all rcol picks)",true,:2,false,
2018/Generativos/piso,out/2018/Generativos/piso/notes.md,div,div,"random(8,17)",[20],large,high,"finer, more numerous black/white spokes on every pinwheel; downstream colours re-rolled (stream shift)",true,:2,false,
2018/Generativos/piso,out/2018/Generativos/piso/notes.md,scratchCount,scratchcount,10000,[2000],large,high,"scratch arcs themselves are invisible (drawn under the opaque tiling); the visible difference is the re-rolled random stream (grid count, checkerboard and motif colours)",true,:2,false,
2018/Generativos/piso,out/2018/Generativos/piso/notes.md,amp1,amp1,"random(0.7,0.95)",[1.2],large,high,"centre roscas noticeably larger, overlapping and covering most of each cell; replacing random() with a constant also re-rolls the downstream stream",true,:2,false,
2018/Generativos/piso,out/2018/Generativos/piso/notes.md,scratchMaxSize,scratchmaxsize,width*random(0.015),"[""width*random(0.06)""]",none,low,"no visible change: the scratch layer is painted before the opaque full-bleed checkerboard and is completely hidden; same random stream, so the rest is pixel-identical",true,:2,false,
2018/Generativos/piso2,out/2018/Generativos/piso2/notes.md,cc,cc,"random(6, 20)",[8],large,high,"fewer, much larger cells and motifs; whole grid coarser",true,:2,false,
2018/Generativos/piso2,out/2018/Generativos/piso2/notes.md,arcSweep,arcsweep,PI*1.5 (270 deg),"[""PI*0.5 (90 deg)""]",moderate,high,arc cells become small 90-deg wedges instead of 270-deg pac-man rings; cells read thinner,true,:2,false,
2018/Generativos/piso2,out/2018/Generativos/piso2/notes.md,blobSize,blobsize,"random(0.1, 0.5)*width","[""random(0.3, 0.6)*width""]",moderate,high,"big translucent circles cover more of the canvas; dark diagonal band wider, less orange ground",true,:2,false,
2018/Generativos/piso2,out/2018/Generativos/piso2/notes.md,palette.orange,palette orange,#FF5400,"[""#1040C0""]",moderate,high,"same composition, orange replaced by blue everywhere incl. background; cooler look",true,:2,false,
2018/Generativos/piso2,out/2018/Generativos/piso2/notes.md,ringAmp,ringamp,"random(0.3, 0.8)","[""random(0.8, 1.0)""]",none,low,no visible change (small rings are mostly covered by later layers),true,:2,false,
2018/Generativos/piso2,out/2018/Generativos/piso2/notes.md,gridInsetMid,gridinsetmid,ss*0.5,"[""ss*0.75""]",subtle,low,subtle: middle nested-square outline slightly larger in each cell,true,:2,false,
2018/Generativos/planetes,out/2018/Generativos/planetes/notes.md,attempts,attempts,1800,[5000],moderate,high,more rejection attempts fill gaps with extra small/mid spheres; dominant spheres unchanged (same seed),true,:2,false,
2018/Generativos/planetes,out/2018/Generativos/planetes/notes.md,maxSize,maxsize,0.8,[0.3],moderate,high,"caps diameter at ~288 px; giant sphere disappears, field becomes uniform small/mid balls",true,:2,false,
2018/Generativos/planetes,out/2018/Generativos/planetes/notes.md,ringStep,ringstep,4,[8],moderate,high,rings 2x further apart; spheres read as sparse concentric-line stacks with visible gaps,true,:2,false,
2018/Generativos/planetes,out/2018/Generativos/planetes/notes.md,bgTint,bgtint,0.2,[0.6],large,high,background shifts from pale pink to saturated coral/salmon; sphere layout unchanged,true,:2,false,
2018/Generativos/planetes,out/2018/Generativos/planetes/notes.md,overlapFactor,overlapfactor,1.0,[0.8],moderate,high,spheres may overlap (clusters in upper left); overall layout shifts since rejection decisions change,true,:2,false,
2018/Generativos/planetes,out/2018/Generativos/planetes/notes.md,strokeWeight,strokeweight,1,[3],subtle,low,"subtle: ring lines visibly thicker, small spheres read as bolder stripes, composition unchanged",true,:2,false,
2018/Generativos/planos,out/2018/Generativos/planos/notes.md,sub,sub,"int(random(80)) (0-79, seed-dependent)","[30,150]",large,high,"30 = coarser (top half two giant blocks); 150 = finer, more rects, bigger dense clusters",true,:2,true,
2018/Generativos/planos,out/2018/Generativos/planos/notes.md,div,div,"int(random(2, 4)) (2 or 3)",[2],large,high,"2 only = coarser mosaic, larger blocks and larger min cell in fine clusters",true,:2,true,
2018/Generativos/planos,out/2018/Generativos/planos/notes.md,bb,bb,4,[16],moderate,high,same layout; white gutters visibly thicker (4 -> 16 px total gap),true,:2,true,
2018/Generativos/planos,out/2018/Generativos/planos/notes.md,stroke 2nd arg,stroke 2nd arg,6,[14],none,low,"no visible change: it is stroke alpha (6/255 ~ invisible), not width; default weight is 1 px. The visible grid lines are the gutters, not the stroke",true,:2,true,
2018/Generativos/planos,out/2018/Generativos/planos/notes.md,fill,fill,"(random(1) < 0.5) ? 248 : 0, alpha 220","[""always 0, alpha 220""]",large,high,"all rects near-black; layout unchanged, only white gutters remain",true,:2,true,
2018/Generativos/plasma,out/2018/Generativos/plasma/notes.md,attempts,attempts,100,"[50,300]",subtle,low,"50 -> fewer, sparser spheres; 300 -> identical to baseline (packing saturates at 100 attempts, extra attempts all rejected)",true,:2,false,
2018/Generativos/plasma,out/2018/Generativos/plasma/notes.md,sizeRange,sizerange,"width*random(0.1, 0.3)","[""width*random(0.2, 0.5)""]",large,high,"much larger spheres; fewer fit, canvas nearly covered by a few big ones",true,:2,false,
2018/Generativos/plasma,out/2018/Generativos/plasma/notes.md,palette,palette,"{#FF3D20, #FC9D43, #3998C2, #3E56A8, #090D0E}","[""{#687FA1, #AFE0CD, #FDECB4, #F63A49, #FE8141}""]",moderate,high,"same geometry, new colours (mint/teal, red, orange, pale yellow); no near-invisible black spheres",true,:2,false,
2018/Generativos/plasma,out/2018/Generativos/plasma/notes.md,overlapFactor,overlapfactor,0.5,[0.25],moderate,high,"spheres may approach/overlap; denser, clustered coverage with more small spheres",true,:2,false,
2018/Generativos/plasma,out/2018/Generativos/plasma/notes.md,sphereDetail,spheredetail,default (sphere(float)),[12],none,low,"compile error: sphere(float,int,int) not available in this Processing build; detail not adjustable",true,:2,false,
2018/Generativos/plasma003,out/2018/Generativos/plasma003/notes.md,pointCount,pointcount,100,[400],moderate,high,more circles packed; denser field with extra smaller circles between the large ones,true,:2,false,
2018/Generativos/plasma003,out/2018/Generativos/plasma003/notes.md,sphereSize,spheresize,0.1-0.25,"[""0.04-0.12""]",large,high,"many more, much smaller circles; denser and brighter (more additive overlap)",true,:2,false,
2018/Generativos/plasma003,out/2018/Generativos/plasma003/notes.md,sphereFillPoints,spherefillpoints,500,[150],moderate,high,"thinner noise fill; spheres read more as wireframe/hollow, less solid colour",true,:2,false,
2018/Generativos/plasma003,out/2018/Generativos/plasma003/notes.md,rosetteFolds,rosettefolds,3-55,"[""3-6""]",none,low,no visible change at this scale,true,:2,false,
2018/Generativos/plasma003,out/2018/Generativos/plasma003/notes.md,fillAlpha,fillalpha,110,[50],subtle,low,interiors slightly fainter/thinner; marginally darker overall,true,:2,false,
2018/Generativos/plasma004,out/2018/Generativos/plasma004/notes.md,sMax,smax,0.5,[0.2],large,high,"smaller max radius: many small/medium spheres, no giant blobs (score inflated by baseline frame-1 artifact)",true,:2,true,
2018/Generativos/plasma004,out/2018/Generativos/plasma004/notes.md,puffDensity,puffdensity,0.0055,[0.0015],moderate,high,"sparser, more skeletal point clouds; rings and cores stand out",true,:2,true,
2018/Generativos/plasma004,out/2018/Generativos/plasma004/notes.md,puffAlpha,puffalpha,140,[250],subtle,low,no visible change in composition; blobs marginally brighter,true,:2,true,
2018/Generativos/plasma004,out/2018/Generativos/plasma004/notes.md,palette,palette,cool set (#000F29/#FE0706/#F85E8D/#3E56A8/#090D0E/#06A5FF),"[""warm set (#1A0A00/#FFB347/#FF5E5B/#E8A838/#2B1B0E/#FFD700)""]",moderate,high,identical geometry; yellow/gold/magenta on dark brown instead of cyan/red on blue,true,:2,true,
2018/Generativos/plasma004,out/2018/Generativos/plasma004/notes.md,desSize,dessize,"random(0.45,0.75)","[""random(0.2,0.4)""]",moderate,high,"tighter, denser puffs; more distinct circular shells",true,:2,true,
2018/Generativos/plasma005,out/2018/Generativos/plasma005/notes.md,blobSizeMax,blobsizemax,0.7,[0.2],large,high,"max blob radius as fraction of width (random(0.04, 0.7)); 0.2 removes the giant spheres, leaving only medium/small blobs",true,:2,true,
2018/Generativos/plasma005,out/2018/Generativos/plasma005/notes.md,pointsPerSphere,pointspersphere,8,[2],moderate,high,"the *8 multiplier on per-sphere point count (line 119); lower = sparser, pointier spheres with cleaner concentric banding",true,:2,true,
2018/Generativos/plasma005,out/2018/Generativos/plasma005/notes.md,spherePointAlpha,spherepointalpha,140,[255],none,low,"max alpha of sphere points (random(140), line 131); 255 gave no visible change - points already read as solid",true,:2,true,
2018/Generativos/plasma005,out/2018/Generativos/plasma005/notes.md,packCandidates,packcandidates,1000,[300],large,high,"candidate count in the packing loop (line 89); 300 = busier, more even field of medium/small blobs, more connecting lines, no giants",true,:2,true,
2018/Generativos/plasma005,out/2018/Generativos/plasma005/notes.md,blobSkipProb,blobskipprob,0.6,[0.2],large,high,"chance of skipping a packed point (line 109); 0.2 draws most points as blobs - denser, overlapping spheres",true,:2,true,
2018/Generativos/plasma006,out/2018/Generativos/plasma006/notes.md,maxPlanetSize,maxplanetsize,0.7,[0.3],moderate,high,smaller max radius accepts more points (less overlap) -> denser field of smaller planets/fans,true,:2,true,
2018/Generativos/plasma006,out/2018/Generativos/plasma006/notes.md,packTries,packtries,10000,[2000],moderate,high,"fewer attempts -> fewer planets, much sparser field",true,:2,true,
2018/Generativos/plasma006,out/2018/Generativos/plasma006/notes.md,fanProb,fanprob,0.4,[0.9],large,high,"90% of planets get the sector fan -> busiest image, large pinwheels everywhere",true,:2,true,
2018/Generativos/plasma006,out/2018/Generativos/plasma006/notes.md,lineFrac,linefrac,0.3-0.4,"[""0.8-0.9""]",none,low,no visible change - thin low-alpha lines blend into white bg,true,:2,true,
2018/Generativos/plasma006,out/2018/Generativos/plasma006/notes.md,spiralProb,spiralprob,0.2,[0.8],moderate,high,most planets carry the 4000-point radial spiral halo -> busier dotted texture,true,:2,true,
2018/Generativos/plasma006,out/2018/Generativos/plasma006/notes.md,lineWeightMax,lineweightmax,2,[8],none,low,no visible change - faint low-alpha lines barely register even at 8px,true,:2,true,
2018/Generativos/plasma007,out/2018/Generativos/plasma007/notes.md,grid,grid,80,[40],moderate,high,"smaller = finer background grid (smaller tinted squares, denser rules and dots); points snap to finer cells, layout shifts slightly",true,:2,false,
2018/Generativos/plasma007,out/2018/Generativos/plasma007/notes.md,"sMax (circle size, width fraction)",smax,0.7,[0.3],moderate,high,lower max = no huge disks; many more small/medium circles,true,:2,false,
2018/Generativos/plasma007,out/2018/Generativos/plasma007/notes.md,raysPerPoint (cc at line 95),raysperpoint,4,[8],moderate,high,more rays per point = denser web of thin lines with more intersections,true,:2,false,
2018/Generativos/plasma007,out/2018/Generativos/plasma007/notes.md,ringsPerUnitSize (p.z*0.11 at line 167),ringsperunitsize,0.11,[0.22],moderate,high,"higher = double the concentric arcs per fan, finer rainbow bands",true,:2,false,
2018/Generativos/plasma007,out/2018/Generativos/plasma007/notes.md,colors[] palette,colors palette,"{#DAAC80,#FCC9D2,#FC2E1D,#235F3F,#02272D}","[""{#F72C11,#FFFFFF,#F7D41B,#0078A6,#000000}""]",subtle,low,"overall look stays similar; blue and yellow rings appear in some fans, red/green/tan still dominate",true,:2,false,
2018/Generativos/plasma008,out/2018/Generativos/plasma008/notes.md,grid,grid,40,[80],moderate,high,"grid visibly coarser; points snap to the bigger lattice so ray fans and triangles shift, look stays pale",true,:2,true,
2018/Generativos/plasma008,out/2018/Generativos/plasma008/notes.md,raysPerPoint,raysperpoint,"random(3,20)","[""random(3,6)""]",large,high,"fewer rays -> fewer intersections -> fewer, larger, more saturated triangles; line web sparser",true,:2,true,
2018/Generativos/plasma008,out/2018/Generativos/plasma008/notes.md,pointCount,pointcount,10,[4],moderate,high,fewer ray centers -> sparser mesh; triangles still fill the canvas but in a different arrangement,true,:2,true,
2018/Generativos/plasma008,out/2018/Generativos/plasma008/notes.md,triangleMultiplier,trianglemultiplier,0.5,[2],large,high,"4x more triangles -> dense, more saturated full-bleed mosaic; web lines stand out more",true,:2,true,
2018/Generativos/plasma008,out/2018/Generativos/plasma008/notes.md,background,background,252,[0],large,high,black canvas: triangles blend against black so they read darker and muddier; dark web lines nearly invisible,true,:2,true,
2018/Generativos/playstop,out/2018/Generativos/playstop/notes.md,cc,cc,"random(2,17) [drew 12]",[6],large,high,"coarser 6x6 grid of large cells; bigger, sparser dots, poster-like",true,:2,false,
2018/Generativos/playstop,out/2018/Generativos/playstop/notes.md,c,c,"random(1,13)",[12],large,high,"every cell gets the max 12x12 sub-grid; denser, more uniform stipple, no big single-dot cells",true,:2,false,
2018/Generativos/playstop,out/2018/Generativos/playstop/notes.md,amp,amp,"random(0.5,1)",[0.3],large,high,"dots ~30% of sub-cell with clear gaps; airier perforation, same layout",true,:2,false,
2018/Generativos/playstop,out/2018/Generativos/playstop/notes.md,des,des,random(1)<0.5,[0.0],large,high,no corner-clipped quarter arcs; all dots full circles centred in sub-cells,true,:2,false,
2018/Generativos/playstop,out/2018/Generativos/playstop/notes.md,amp2,amp2,"amp*random(0.1,0.9)",[0.95],large,high,inner disc nearly covers outer arc; two-tone rings collapse to solid dots (also shifts later random colours),true,:2,false,
2018/Generativos/playstop,out/2018/Generativos/playstop/notes.md,colors,colors,4-col pink/periwinkle/gray/black,"[""#FFFFFF,#BBBBBB,#666666,#111111""]",large,high,identical structure in monochrome gray; the palette drives all the colour,true,:2,false,
2018/Generativos/pliegues,out/2018/Generativos/pliegues/notes.md,ss,ss,"random(10, 24)",[10],large,high,thinner margin frame and finer background grid; rectangle composition unchanged,true,:2,false,
2018/Generativos/pliegues,out/2018/Generativos/pliegues/notes.md,sub,sub,"int(random(4, 37))","[37,8]",large,high,"37 = much denser mosaic, no big blocks survive; 8 = few big blocks, one small dense cluster",true,:2,false,
2018/Generativos/pliegues,out/2018/Generativos/pliegues/notes.md,stroke,stroke,lerp white->#B2B2B2 0.4-0.6,"[""255""]",large,high,"grid lines and seams become pure white, far more prominent",true,:2,false,
2018/Generativos/pliegues,out/2018/Generativos/pliegues/notes.md,strokeWeight,strokeweight,1.2,[4],none,low,"no visible change; grid lines are covered by the filled rects except in the margin, where the difference is negligible",true,:2,false,
2018/Generativos/pliegues,out/2018/Generativos/pliegues/notes.md,colors[],colors,"{#2B2827, #959CD3, #4EB9AF, #DBC9D5}","[""{#1A1A2E, #E94560, #F5D547, #0F3460}""]",large,high,same composition in navy / dark-navy / red-coral / yellow,true,:2,false,
2018/Generativos/poda,out/2018/Generativos/poda/notes.md,blobCount,blobcount,150,[40],large,high,"fewer separate swirl islands, large black gaps between them",true,:2,false,
2018/Generativos/poda,out/2018/Generativos/poda/notes.md,ringsPerBlob,ringsperblob,30,[8],large,high,"coarser, wider ribbon bands; fine ribbed texture lost",true,:2,false,
2018/Generativos/poda,out/2018/Generativos/poda/notes.md,displaceScale,displacescale,120,[30],large,high,vortices vanish; rings stay near-concentric with gentle wobble,true,:2,false,
2018/Generativos/poda,out/2018/Generativos/poda/notes.md,noiseFreq,noisefreq,"random(0.002,0.01)*0.2","[""random(0.002,0.01)""]",large,high,"5x frequency: tighter, sharper, smaller-scale folds, more chaotic",true,:2,false,
2018/Generativos/poda,out/2018/Generativos/poda/notes.md,blobSize,blobsize,"width*r*r*random(0.5,1)","[""width*random(0.5,1)""]",large,high,a few huge tangled ball-like systems dominate; gaps between,true,:2,false,
2018/Generativos/poda,out/2018/Generativos/poda/notes.md,coreAlpha,corealpha,240,[120],moderate,high,"semi-transparent core discs; rings show through centers, more gray midtone",true,:2,false,
2018/Generativos/popop,out/2018/Generativos/popop/notes.md,cc,cc,"random(2,33)",[6],none,low,,true,:2,false,
2018/Generativos/popop,out/2018/Generativos/popop/notes.md,colors,colors,FFF9EF/FCADE0/927EE8/511E42,"[""EAF4FF/7FB2E5/0169B3/024E2C""]",none,low,,true,:2,false,
2018/Generativos/popop,out/2018/Generativos/popop/notes.md,srect_alpha,srect alpha,20,[200],none,low,,true,:2,false,
2018/Generativos/popop,out/2018/Generativos/popop/notes.md,diag_prob,diag prob,0.6,[1.0],none,low,,true,:2,false,
2018/Generativos/popop,out/2018/Generativos/popop/notes.md,amp,amp,5,[20],none,low,,true,:2,false,
2018/Generativos/popop,out/2018/Generativos/popop/notes.md,center_r,center r,ss*0.12,"[""ss*0.3""]",none,low,,true,:2,false,
2018/Generativos/popote,out/2018/Generativos/popote/notes.md,count,count,30,[10],large,high,"fewer, more separated blobs; blue background much more visible; remaining blobs unchanged",true,:2,false,
2018/Generativos/popote,out/2018/Generativos/popote/notes.md,desAmp,desamp,80,[20],moderate,high,"blob edges far rounder, near-circular; blobs compact around their centres",true,:2,false,
2018/Generativos/popote,out/2018/Generativos/popote/notes.md,alpha,alpha,"random(120,255)","[""random(20,90)""]",none,low,no visible change — fill is overwritten by per-vertex fills inside circle()/aro(),true,:2,false,
2018/Generativos/popote,out/2018/Generativos/popote/notes.md,noiseOctaves,noiseoctaves,2,[6],large,high,"same composition, edges smoother and rounder, less lumpiness",true,:2,false,
2018/Generativos/popote,out/2018/Generativos/popote/notes.md,sizeDist,sizedist,width*random(1)*random(1),"[""width*random(1)^3""]",large,high,"all blobs much smaller, blue background dominates, fan moire reads as starbursts",true,:2,false,
2018/Generativos/portals,out/2018/Generativos/portals/notes.md,lineCount,linecount,1,[5],large,high,5 portals instead of 1; canvas fills with big striped tubes and a dark vertical portal,true,:2,false,
2018/Generativos/portals,out/2018/Generativos/portals/notes.md,lineLen,linelen,"width*random(0.1,0.8)*random(0.8)","[""width*random(0.4,1.2)""]",moderate,high,"one portal, much longer and wider, still a small fraction of canvas",true,:2,false,
2018/Generativos/portals,out/2018/Generativos/portals/notes.md,widthFactor,widthfactor,"random(0.05,0.4)","[""random(0.02,0.12)""]",none,low,no visible change; tube is a tiny fraction of the canvas,true,:2,false,
2018/Generativos/portals,out/2018/Generativos/portals/notes.md,convergeRate,convergerate,"random(0.01,0.02)","[""random(0.05,0.1)""]",none,low,no visible change; close-up portal slightly squarer,true,:2,false,
2018/Generativos/portals,out/2018/Generativos/portals/notes.md,wanderRate,wanderrate,random(0.01)*2,"[""random(0.05)*2 (crashed)"",""random(0.02)*2""]",none,low,"no visible change; 0.05*2 throws AssertionError, retried at 0.02*2",true,:2,false,
2018/Generativos/portals,out/2018/Generativos/portals/notes.md,colorCycle,colorcycle,"random(0.01,0.1)*random(3)","[""random(0.1,0.3)*random(3)""]",none,low,no visible change; close-up tube reads more monochrome blue,true,:2,false,
2018/Generativos/process_01,out/2018/Generativos/process_01/notes.md,sub,sub,"random(4, random(80))","[""random(4, random(25))""]",moderate,high,"fewer subdivision iterations: coarser grid, larger tiles, fewer decorations",false,:2,false,non-deterministic baseline; only large changes are reliable
2018/Generativos/process_01,out/2018/Generativos/process_01/notes.md,ss,ss,width*0.6,"[""width*0.85""]",moderate,high,whole scene missing: only flat background rendered (likely pushed out of the ortho viewport),false,:2,false,non-deterministic baseline; only large changes are reliable
2018/Generativos/process_01,out/2018/Generativos/process_01/notes.md,det,det,random(0.1),"[""random(0.01)""]",moderate,high,"lower noise scale: kept tiles form larger contiguous blocks, layout differs",false,:2,false,non-deterministic baseline; only large changes are reliable
2018/Generativos/process_01,out/2018/Generativos/process_01/notes.md,amp,amp,"random(0.3, 0.5)","[""random(0.65, 0.8)""]",moderate,high,"higher threshold: fewer tiles kept, sparser checkerboard with gaps",false,:2,false,non-deterministic baseline; only large changes are reliable
2018/Generativos/process_01,out/2018/Generativos/process_01/notes.md,minS,mins,ss/128,"[""ss/32""]",subtle,low,"larger minimum tile: bigger tiles and larger decorations, scene occupies similar area",false,:2,false,non-deterministic baseline; only large changes are reliable
2018/Generativos/process_02,out/2018/Generativos/process_02/notes.md,ss,ss,width*0.6,"[""width*0.9""]",moderate,high,field is larger and fills much more of the canvas,false,:2,true,non-deterministic baseline; only large changes are reliable
2018/Generativos/process_02,out/2018/Generativos/process_02/notes.md,sub,sub,"random(4, random(80))","[""random(4, random(15))""]",moderate,high,"coarser subdivision: far fewer, much bigger tiles",false,:2,true,non-deterministic baseline; only large changes are reliable
2018/Generativos/process_02,out/2018/Generativos/process_02/notes.md,amp,amp,"random(0.3, 0.5)","[""random(0.0, 0.1)""]",subtle,low,"subtle: noise-gate holes in the field mostly fill in; most visible difference is the rotation angle (millis()-driven, deterministic: false)",false,:2,true,non-deterministic baseline; only large changes are reliable
2018/Generativos/process_02,out/2018/Generativos/process_02/notes.md,det,det,random(0.1),"[""random(0.02)""]",moderate,high,smoother noise: field breaks into fewer clustered patches with large gaps,false,:2,true,non-deterministic baseline; only large changes are reliable
2018/Generativos/process_02,out/2018/Generativos/process_02/notes.md,rnd,rnd,random(8),"[""random(4)""]",moderate,high,"twice as many decorated tiles: many more stacks, towers and spheres",false,:2,true,non-deterministic baseline; only large changes are reliable
2018/Generativos/process_02,out/2018/Generativos/process_02/notes.md,lift,lift,-80,[-20],moderate,high,decorations sit much closer to the tile surface instead of floating above it,false,:2,true,non-deterministic baseline; only large changes are reliable
2018/Generativos/puda,out/2018/Generativos/puda/notes.md,cc,cc,"random(300,360)",[120],moderate,high,"fewer lines -> ~7 px spacing, individual hatched strokes with black gaps between them, thinner ridge lines",true,:2,false,
2018/Generativos/puda,out/2018/Generativos/puda/notes.md,bb,bb,20,[80],large,high,thick black margin all around; inner field unchanged,true,:2,false,
2018/Generativos/puda,out/2018/Generativos/puda/notes.md,strokeWeight,strokeweight,1.4,[3],none,low,no visible change; stroke is hidden under the overlapping fills,true,:2,false,
2018/Generativos/puda,out/2018/Generativos/puda/notes.md,dispAmp,dispamp,30,[80],moderate,high,"larger displacement -> longer stretched folds, background black shows at right edge where lines get pushed off-canvas",true,:2,false,
2018/Generativos/puda,out/2018/Generativos/puda/notes.md,detDes,detdes,"random(0.002,0.01)*0.2","random(0.002,0.01)*0.5",moderate,high,"finer displacement field -> more, smaller wiggles and ridge loops",true,:2,false,
2018/Generativos/puda,out/2018/Generativos/puda/notes.md,palette,palette,#FEAFCC/#70A7FB/#010101/#BE0117,#FFFFFF/#FEE71F/#FF7991/#26C084/#0E0E0E,large,high,"whole surface recolours white-yellow; dark ridge lines remain, driven by the dark palette entry",true,:2,false,
2018/Generativos/puda02,out/2018/Generativos/puda02/notes.md,cc,cc,"random(300,360)","[""random(60,100)""]",,unscored,,true,:2,false,
2018/Generativos/puda02,out/2018/Generativos/puda02/notes.md,des_amp,des amp,30,[80],,unscored,,true,:2,false,
2018/Generativos/puda02,out/2018/Generativos/puda02/notes.md,detAng,detang,"random(0.002,0.01)*0.1","[""*0.4""]",,unscored,,true,:2,false,
2018/Generativos/puda02,out/2018/Generativos/puda02/notes.md,line_alpha,line alpha,40,[120],,unscored,,true,:2,false,
2018/Generativos/puda02,out/2018/Generativos/puda02/notes.md,dc,dc,random(0.002)*random(1),"[""random(0.05)*random(1)""]",,unscored,,true,:2,false,
2018/Generativos/puda02,out/2018/Generativos/puda02/notes.md,palette,palette,pink/blue/black/darkred,"[""white/yellow/pink/cyan/blue/navy""]",,unscored,,true,:2,false,
2018/Generativos/puda03,out/2018/Generativos/puda03/notes.md,cc,cc,"random(300,360)",[100],large,high,"fewer lines: much darker, hatching stripes visible, palette colours (gold/orange) show through",true,:2,false,
2018/Generativos/puda03,out/2018/Generativos/puda03/notes.md,displacement amplitude,displacement amplitude,30,[80],large,high,"bigger wander: smooth saturated white fields, thicker softer central ring",true,:2,false,
2018/Generativos/puda03,out/2018/Generativos/puda03/notes.md,stroke alpha,stroke alpha,20,[80],moderate,high,brighter overall; fine hatching stripes become visible,true,:2,false,
2018/Generativos/puda03,out/2018/Generativos/puda03/notes.md,strokeWeight,strokeweight,1.4,[4],subtle,low,no visible change; hatching marginally denser/softer,true,:2,false,
2018/Generativos/puda03,out/2018/Generativos/puda03/notes.md,detAng multiplier,detang multiplier,0.002-0.01*0.1,"[""0.002-0.01*0.5""]",large,high,5x angle-field frequency: lines twist and cross into a woven marble pattern,true,:2,false,
2018/Generativos/puda03,out/2018/Generativos/puda03/notes.md,fill alpha,fill alpha,80,[200],large,high,"whiter and smoother, sharper dark ring; still no visible hue",true,:2,false,
2018/Generativos/puda03,out/2018/Generativos/puda03/notes.md,noiseDisplaceLine,noisedisplaceline,,,,unscored,,true,:2,false,
2018/Generativos/puda03,out/2018/Generativos/puda03/notes.md,lerpPalette,lerppalette,,,,unscored,,true,:2,false,
2018/Generativos/puntis,out/2018/Generativos/puntis/notes.md,cc (point count),cc,"random(80, 1200*r)*r2",[400],none,low,"no visible change: with seed 42 the effective count was already < 400, so the point set was identical",true,:2,false,
2018/Generativos/puntis,out/2018/Generativos/puntis/notes.md,dot alpha,dot alpha,90,[220],moderate,high,higher alpha makes stipple more saturated; the pastel look of the baseline comes from alpha 90 on white,true,:2,false,
2018/Generativos/puntis,out/2018/Generativos/puntis/notes.md,palette,palette,5 colors #FF3E6D #2C50FE #F9FF60 #D036E9 #23778A,"[""#111111 #666666""]",moderate,high,"geometry identical; swapping to grayscale strips all hue, mosaic reads as shaded relief",true,:2,false,
2018/Generativos/puntis,out/2018/Generativos/puntis/notes.md,bb (point overhang),bb,200,[0],moderate,high,overhang makes the cover full-bleed; with 0 the mosaic shrinks to the convex hull inside a white border,true,:2,false,
2018/Generativos/puntis,out/2018/Generativos/puntis/notes.md,stipple density (x area),stipple density,1.1,[4.0],large,high,"4x more dots per triangle: triangles look near-solid, colours much more saturated, white ground nearly gone",true,:2,false,
2018/Generativos/puntis3,out/2018/Generativos/puntis3/notes.md,cc,cc,"random(280, 2200)",[700],large,high,"fewer points -> coarser, larger triangles, more black showing at the top",true,:2,false,
2018/Generativos/puntis3,out/2018/Generativos/puntis3/notes.md,stippleDensity,stippledensity,2.1,[6],large,high,much denser grain; also reshuffles per-triangle colours (stream shift),true,:2,false,
2018/Generativos/puntis3,out/2018/Generativos/puntis3/notes.md,darkTriCount,darktricount,1000,[300],subtle,low,slightly fewer thin dark triangles; otherwise same image,true,:2,false,
2018/Generativos/puntis3,out/2018/Generativos/puntis3/notes.md,darkTriSize,darktrisize,random(20)*sca*12,[30],none,low,"no visible change (dark triangles are slivers, width ss*0.1)",true,:2,false,
2018/Generativos/puntis3,out/2018/Generativos/puntis3/notes.md,figureTint,figuretint,0,[255],none,low,no visible change (figures too small to read),true,:2,false,
2018/Generativos/puntis4,out/2018/Generativos/puntis4/notes.md,cc,cc,"random(280, 2200)",[1500],large,high,"denser, finer facets covering nearly the whole canvas (less black margin); also re-seeds all downstream layers via the shared random stream",true,:2,false,
2018/Generativos/puntis4,out/2018/Generativos/puntis4/notes.md,stipplePerArea,stippleperarea,2.1,[6.0],large,high,much denser dot stipple inside facets (grainy fill); composition also shifted by the random-stream side effect,true,:2,false,
2018/Generativos/puntis4,out/2018/Generativos/puntis4/notes.md,bigTreeCount,bigtreecount,80000,[20000],moderate,high,"the dense stippled pine mass (bottom-right) thins out to individual scattered trees; mesh unchanged, downstream houses/figures/overlay shifted",true,:2,false,
2018/Generativos/puntis4,out/2018/Generativos/puntis4/notes.md,colors,colors,6-colour warm list,"[""6-colour cool blue/teal list""]",moderate,high,"identical composition, fully recoloured in blues/cyans/teals/grey-greens (palette edits do not consume the random stream)",true,:2,false,
2018/Generativos/puntis4,out/2018/Generativos/puntis4/notes.md,hazeCap,hazecap,0.6,[1.0],none,low,no visible change; cap only matters where noise-0.1 > 0.6 and this seed's values barely exceed it (direct pixel check: max diff 19/255),true,:2,false,
2018/Generativos/puntis4,out/2018/Generativos/puntis4/notes.md,figureCount,figurecount,18,[40],moderate,high,more scattered small tinted figures; downstream ADD-glow/haze overlay pass shifted (random stream),true,:2,false,
2018/Generativos/puntis5,out/2018/Generativos/puntis5/notes.md,rock_cc,rock cc,30,[90],moderate,high,"finer faceting: more, smaller triangular faces on each gem, same gem shapes and positions",true,:2,false,
2018/Generativos/puntis5,out/2018/Generativos/puntis5/notes.md,island_count,island count,30,[10],moderate,high,"first 10 islands land at identical positions; 20 smaller/overlapping islands removed, composition largely preserved",true,:2,false,
2018/Generativos/puntis5,out/2018/Generativos/puntis5/notes.md,back_cc,back cc,4000,[1200],large,high,"coarser, clearly visible background facets; also shifts the downstream random stream so island layout changes",true,:2,false,
2018/Generativos/puntis5,out/2018/Generativos/puntis5/notes.md,flow_len,flow len,8,[40],subtle,low,no visible change,true,:2,false,
2018/Generativos/puntis5,out/2018/Generativos/puntis5/notes.md,speckle_size,speckle size,6,[24],subtle,low,no visible change,true,:2,false,
2018/Generativos/puntis5,out/2018/Generativos/puntis5/notes.md,connect_alpha,connect alpha,60,[180],none,low,no visible change,true,:2,false,
2018/Generativos/puntis6,out/2018/Generativos/puntis6/notes.md,sub,sub,int(random(100)*random(1)),[20],large,high,"fewer splits -> coarser quadtree, far fewer and larger cells",true,:2,false,
2018/Generativos/puntis6,out/2018/Generativos/puntis6/notes.md,rockPoints,rockpoints,30,[12],moderate,high,"coarser, chunkier facets (fewer larger triangles)",true,:2,false,
2018/Generativos/puntis6,out/2018/Generativos/puntis6/notes.md,rockScale,rockscale,0.65,[0.9],moderate,high,rocks grow to nearly touch the white ring,true,:2,false,
2018/Generativos/puntis6,out/2018/Generativos/puntis6/notes.md,darkBandAlpha,darkbandalpha,20,[120],none,low,no visible change,true,:2,false,
2018/Generativos/puntis6,out/2018/Generativos/puntis6/notes.md,ringCount,ringcount,9,[24],none,low,no visible change; rings too faint (stroke alpha 3),true,:2,false,
2018/Generativos/puntis6,out/2018/Generativos/puntis6/notes.md,palette,palette,"#6E4ECE,#333333,#9F9EA8,#DDA852,#E6E6ED","[""#2196F3,#FF5722,#4CAF50,#FFEB3B,#FFFFFF""]",subtle,low,"facets recolored blue/orange/green/yellow/white, same composition",true,:2,false,
2018/Generativos/puntis7,out/2018/Generativos/puntis7/notes.md,sub,sub,int(random(100)*random(1)),[400],large,high,more subdivision iterations: much finer mosaic of smaller cells,true,:2,false,
2018/Generativos/puntis7,out/2018/Generativos/puntis7/notes.md,rockPoints,rockpoints,30,[90],moderate,high,"more disc points: finer, grainier facets",true,:2,false,
2018/Generativos/puntis7,out/2018/Generativos/puntis7/notes.md,ringCount,ringcount,10,[24],none,low,no visible change at this alpha,true,:2,false,
2018/Generativos/puntis7,out/2018/Generativos/puntis7/notes.md,stipplePerArea,stippleperarea,1.8,[4.0],moderate,high,denser stipple grain inside facets,true,:2,false,
2018/Generativos/puntis7,out/2018/Generativos/puntis7/notes.md,outerRingAlpha,outerringalpha,40,[160],subtle,low,slightly brighter white rim ring,true,:2,false,
2018/Generativos/quadShadow,out/2018/Generativos/quadShadow/notes.md,cc,cc,"random(20, 80)","[""random(100, 150)""]",large,high,"far denser field — many more tiles, overlapping shadow tails fill most of the frame",true,:2,true,
2018/Generativos/quadShadow,out/2018/Generativos/quadShadow/notes.md,ssExp,ssexp,"random(3, 8)","[""random(3, 5)""]",moderate,high,"larger minimum tile size — chunkier tiles, fewer thin slivers, same fan direction",true,:2,true,
2018/Generativos/quadShadow,out/2018/Generativos/quadShadow/notes.md,maxb,maxb,"random(0.4, 1.5)","[""random(3.0, 5.0)""]",moderate,high,longer shadow tails — each trapezoid stretches further from its tile,true,:2,true,
2018/Generativos/quadShadow,out/2018/Generativos/quadShadow/notes.md,dScale,dscale,200,[60],subtle,low,subtle: shadow tails slightly longer / fan more strongly; tiles and composition largely unchanged,true,:2,true,
2018/Generativos/quadShadow,out/2018/Generativos/quadShadow/notes.md,background,background,240,[15],large,high,"dark near-black ground — colored tiles and alpha-fading shadows glow on dark, off-white ground gone",true,:2,true,
2018/Generativos/quadis,out/2018/Generativos/quadis/notes.md,scl,scl,"random(0.2, 0.5)","[""random(0.5, 0.8)""]",moderate,high,"larger center rects = coarser mosaic, fewer larger blocks, thinner strips",true,:2,false,
2018/Generativos/quadis,out/2018/Generativos/quadis/notes.md,sub,sub,int(random(300*random(1))),"[""int(random(3000*random(1)))""]",moderate,high,"more iterations = finer, busier patchwork of smaller rects",true,:2,false,
2018/Generativos/quadis,out/2018/Generativos/quadis/notes.md,colors,colors,"#B14027,#476086,#659173,#9293A2,#262A2C,#D38644","[""#FF6B6B,#4ECDC4,#FFE66D,#1A535C,#F7FFF7,#FF9F1C""]",large,high,"only the palette changes; geometry identical (same seed), muted -> vivid",true,:2,false,
2018/Generativos/quadis,out/2018/Generativos/quadis/notes.md,det,det,random(1),[100],none,low,"no visible change: noise colouring (vertexCol) is dead code, Rect.draw() commented out",true,:2,false,
2018/Generativos/quadis,out/2018/Generativos/quadis/notes.md,orientation bias,orientation bias,random(1) < 0.5,"[""random(1) < 0.0""]",subtle,low,forcing one pinwheel orientation slightly reshuffles the layout (random stream shift); staggered look retained,true,:2,false,
2018/Generativos/quadis,out/2018/Generativos/quadis/notes.md,staggeredQuadSplit,staggeredquadsplit,,,,unscored,,true,:2,false,
2018/Generativos/quadis,out/2018/Generativos/quadis/notes.md,lerpPalette,lerppalette,,,,unscored,,true,:2,false,
2018/Generativos/quadis4,out/2018/Generativos/quadis4/notes.md,count,count,10000,[2000],large,high,"sparser: fewer tiles, more background and larger unbroken tiles visible",true,:2,false,
2018/Generativos/quadis4,out/2018/Generativos/quadis4/notes.md,sizeExponentRange,sizeexponentrange,"random(4,11)","[""random(4,7)""]",moderate,high,"only 4 size steps (60-15px): coarser mosaic, tiles read larger, stronger 3D relief",true,:2,false,
2018/Generativos/quadis4,out/2018/Generativos/quadis4/notes.md,shadowAlpha,shadowalpha,100,[220],subtle,low,shadows visibly darker; image reads as colored tiles on a near-black field,true,:2,false,
2018/Generativos/quadis4,out/2018/Generativos/quadis4/notes.md,shadowDepth,shadowdepth,ss*random(1),"[""ss*0.25""]",large,high,removing the random() draw shifts the whole random stream: entirely different layout (same palette); shadows now uniform 1/4-tile depth,true,:2,false,
2018/Generativos/quadis4,out/2018/Generativos/quadis4/notes.md,paletteColor0,palettecolor0,#B14027,"[""#F2F2E8""]",moderate,high,"brick-red swapped for cream: noticeably lighter image, cream tiles scattered through",true,:2,false,
2018/Generativos/quadis5,out/2018/Generativos/quadis5/notes.md,count,count,100,[300],large,high,more overlapping squares; later large flat squares cover much of the composition,true,:2,false,
2018/Generativos/quadis5,out/2018/Generativos/quadis5/notes.md,sizeExponents,sizeexponents,1-9,"[""1-4""]",large,high,"only large squares (480-60 px); canvas covered by a few big flat/mosaic blocks, no fine detail",true,:2,false,
2018/Generativos/quadis5,out/2018/Generativos/quadis5/notes.md,gridRange,gridrange,2-16,"[""2-6""]",subtle,low,"subtle: mosaic tiles slightly larger/coarser, layout otherwise identical",true,:2,false,
2018/Generativos/quadis5,out/2018/Generativos/quadis5/notes.md,gap,gap,3,[8],subtle,low,subtle: wider dark gaps make mosaic tiles look like thinner strips/dots,true,:2,false,
2018/Generativos/quadis5,out/2018/Generativos/quadis5/notes.md,mosaicProbability,mosaicprobability,0.95,[0.2],large,high,most squares become flat single-colour fills; mosaics only on a minority,true,:2,false,
2018/Generativos/qudis,out/2018/Generativos/qudis/notes.md,sub,sub,int(random(200)),"[50,600]",large,high,iteration count controls density: 50 leaves huge flat blocks with a couple of dense clusters; 600 makes the whole canvas busy with many medium cells and dense corners,true,:2,true,
2018/Generativos/qudis,out/2018/Generativos/qudis/notes.md,splitRatio,splitratio,"random(0.2, 0.8)","[""random(0.45, 0.55)""]",large,high,"even split ratios give a more balanced, blockier mosaic with less extreme size contrast",true,:2,true,
2018/Generativos/qudis,out/2018/Generativos/qudis/notes.md,gap,gap,1,[3],subtle,low,"thicker peach gap lines (3px inset); cell layout unchanged, only 6% of pixels differ",true,:2,true,
2018/Generativos/qudis,out/2018/Generativos/qudis/notes.md,palette,palette,"[#FF3D20, #FC9D43, #3998C2, #3E56A8, #090D0E]","[""[#FF3D20, #FC9D43, #E8B27D, #B34A28, #5C2E1F]""]",large,high,"same layout recolored warm: reds/oranges/tans/browns, no cool blue/indigo",true,:2,true,
2018/Generativos/qudis,out/2018/Generativos/qudis/notes.md,background,background,#EDBFB7,"[""#2A2A2A""]",subtle,low,"same layout; gaps render as dark gray lines instead of peach, only 4% of pixels differ",true,:2,true,
2018/Generativos/rayos,out/2018/Generativos/rayos/notes.md,count,count,1000,"[300,3000]",large,high,"300 = sparse darts over red background; 3000 = denser, busier field",true,:2,false,
2018/Generativos/rayos,out/2018/Generativos/rayos/notes.md,sizeScale,sizescale,0.6,[0.3],large,high,"half the max dart size -> fine uniform confetti, background shows through",true,:2,false,
2018/Generativos/rayos,out/2018/Generativos/rayos/notes.md,squashRange,squashrange,"[0.7,0.9]","[0.3,0.5]",large,high,"lower squash -> thicker, more solid chunky triangles instead of thin darts",true,:2,false,
2018/Generativos/rayos,out/2018/Generativos/rayos/notes.md,strokeWeight,strokeweight,3,[12],none,low,"no visible change: strokeWeight() is called after generate(), so it never affects the render",true,:2,false,
2018/Generativos/rayos,out/2018/Generativos/rayos/notes.md,palette,palette,"[#FFFFFF, #559BF7, #173A7B, #FF3A3D, #FFB302]","[""[#0F101E, #11142B, #28398B, #323E78, #4254A3]""]",large,high,commented-out night palette -> flat monochrome dark-navy tangle,true,:2,false,
2018/Generativos/repasador,out/2018/Generativos/repasador/notes.md,cc,cc,"""int(random(300,360)*0.3)"" (≈90-107)","[""\""*0.6\"" (≈180-215)""]",large,high,"grid doubles in density; thin bright mesh covers the whole canvas, circles still readable",true,:2,false,
2018/Generativos/repasador,out/2018/Generativos/repasador/notes.md,strokeWeightH,strokeweighth,5,[1],large,high,"horizontal stripes lose their dominance; grid reads as a uniform fine mesh, less contrast with verticals",true,:2,false,
2018/Generativos/repasador,out/2018/Generativos/repasador/notes.md,des,des,30,[90],large,high,"much stronger warp: grid ripples into large smooth waves, canvas edge visibly buckled",true,:2,false,
2018/Generativos/repasador,out/2018/Generativos/repasador/notes.md,detAng,detang,"random(0.002,0.01)*0.05","[""random(0.002,0.01)*0.2""]",large,high,"higher-frequency angle noise: lines fan into dense vertical striations, image blurs into color bands, circles nearly invisible",true,:2,false,
2018/Generativos/repasador,out/2018/Generativos/repasador/notes.md,circleCount,circlecount,10,[20],subtle,low,"subtle: a few extra overlapping circles in the center; first 10 identical (same random draws), grid unchanged",true,:2,false,
2018/Generativos/reretete,out/2018/Generativos/reretete/notes.md,sub,sub,"int(random(200)*random(0.1,1))","[40,150]",large,high,"number of quadtree splits: 40 = fewer, larger tiles; 150 = many small tiles, busier mosaic",true,:2,false,
2018/Generativos/reretete,out/2018/Generativos/reretete/notes.md,ss,ss,5,[10],large,high,"voxel cell size: 10 doubles stripe thickness, coarser ridges (tile layout unchanged)",true,:2,false,
2018/Generativos/reretete,out/2018/Generativos/reretete/notes.md,slabHeightFactor,slabheightfactor,0.5,[1.5],large,high,"3x slab height: striped ridges become tall 3D blocks, top faces smaller",true,:2,false,
2018/Generativos/reretete,out/2018/Generativos/reretete/notes.md,rotX,rotx,-PI/6,"[""-PI/12""]",large,high,"flatter tilt: top of mosaic more foreshortened, striped front faces dominate",true,:2,false,
2018/Generativos/reretete,out/2018/Generativos/reretete/notes.md,colors,colors,"[#FF0000, #FF6C06, #EF9FE2, #0045D8, #152300]","[""[#FFD23F, #EE5A24, #0B7A75, #1B1B1B, #F5F5F5]""]",large,high,swaps the five flat colours for yellow/orange/teal/white/near-black; layout and stripes identical,true,:2,false,
2018/Generativos/reretete2,out/2018/Generativos/reretete2/notes.md,sub,sub,"int(random(200)*random(0.1,1))",[300],large,high,"finer, busier mosaic; also reshuffles the whole layout because the substitution changes the random stream",true,:2,false,
2018/Generativos/reretete2,out/2018/Generativos/reretete2/notes.md,ss,ss,4,[2],large,high,"half-size boxes, roughly twice as fine and more regular thread-like stripes; flat patches mostly disappear",true,:2,false,
2018/Generativos/reretete2,out/2018/Generativos/reretete2/notes.md,det,det,random(0.02),[0.1],large,high,"higher noise scale, shorter wavelength: stripes ripple more often with finer corrugation",true,:2,false,
2018/Generativos/reretete2,out/2018/Generativos/reretete2/notes.md,noi_amp,noi amp,30,[60],large,high,"deeper z displacement, stronger undulation and more visible 3-D relief steps",true,:2,false,
2018/Generativos/reretete2,out/2018/Generativos/reretete2/notes.md,border_depth,border depth,*0.5,[2.0],large,high,"taller border ribbons, more sculptural, larger blocky raised platforms around tiles",true,:2,false,
2018/Generativos/reretete2,out/2018/Generativos/reretete2/notes.md,rotY,roty,PI*0.2,"[""PI*0.5""]",large,high,"stronger shear: same texture, plane rotated further so stripes distort more diagonally",true,:2,false,
2018/Generativos/reretete2b,out/2018/Generativos/reretete2b/notes.md,ss,ss,8,[16],moderate,high,"coarser lattice, larger wireframe cells",true,:2,false,
2018/Generativos/reretete2b,out/2018/Generativos/reretete2b/notes.md,strokeAlpha,strokealpha,60,[200],moderate,high,"denser, more opaque wireframe surface",true,:2,false,
2018/Generativos/reretete2b,out/2018/Generativos/reretete2b/notes.md,det,det,random(0.02),"[""random(0.05)""]",moderate,high,"finer, tighter ripples on the surface",true,:2,false,
2018/Generativos/reretete2b,out/2018/Generativos/reretete2b/notes.md,rotX,rotx,-PI/6,"[""-PI/3""]",large,high,"steeper top-down view, more foreshortened lattice",true,:2,false,
2018/Generativos/reretete2b,out/2018/Generativos/reretete2b/notes.md,hScale,hscale,"random(1,8)*0.5","[""random(1,20)*0.5""]",moderate,high,"taller cube walls, stronger vertical ridges at partition borders",true,:2,false,
2018/Generativos/reretete2b,out/2018/Generativos/reretete2b/notes.md,fillChance,fillchance,0.01,[0.1],moderate,high,many more solid red/white beads scattered over the surface,true,:2,false,
2018/Generativos/reretete2b,out/2018/Generativos/reretete2b/notes.md,subdivideRect,subdividerect,,,,unscored,,true,:2,false,
2018/Generativos/reretete2b,out/2018/Generativos/reretete2b/notes.md,noiseBorderCubes,noisebordercubes,,,,unscored,,true,:2,false,
2018/Generativos/reretete3,out/2018/Generativos/reretete3/notes.md,sub,sub,"int(random(200)*random(0.1,1))",[180],large,high,"more, smaller tiles; busier mosaic",true,:2,true,
2018/Generativos/reretete3,out/2018/Generativos/reretete3/notes.md,max,max,20,[80],large,high,"fewer, larger tiles; more flat open areas",true,:2,true,
2018/Generativos/reretete3,out/2018/Generativos/reretete3/notes.md,ss,ss,4,[8],large,high,coarser voxel cell; chunky pixelated texture,true,:2,true,
2018/Generativos/reretete3,out/2018/Generativos/reretete3/notes.md,extrusionHeight,extrusionheight,"min(r.w,r.h)*random(1,8)*0.5","[""*random(1,2)*0.5""]",large,high,"flatter, lower extrusions; more black background visible",true,:2,true,
2018/Generativos/reretete3,out/2018/Generativos/reretete3/notes.md,noiseDetail,noisedetail,0.02,[0.1],large,high,coarser noise; broad smooth rolls instead of fine streaks,true,:2,true,
2018/Generativos/reretete3,out/2018/Generativos/reretete3/notes.md,rotateX,rotatex,-PI/6,"[""-PI/3""]",large,high,steeper top-down view; more tile tops visible,true,:2,true,
2018/Generativos/revel,out/2018/Generativos/revel/notes.md,cw,cw,"random(8,30)",[12],large,high,fixed 12 columns -> much wider cells; large diff also includes re-rolled random layout,false,:2,false,non-deterministic baseline; only large changes are reliable
2018/Generativos/revel,out/2018/Generativos/revel/notes.md,ch,ch,"random(16,50)",[24],large,high,"fixed 24 rows -> short, wide cells, denser horizontal stripes",false,:2,false,non-deterministic baseline; only large changes are reliable
2018/Generativos/revel,out/2018/Generativos/revel/notes.md,sphereProb,sphereprob,0.2,[0.5],large,high,"roughly twice as many blue spheres, same size distribution",false,:2,false,non-deterministic baseline; only large changes are reliable
2018/Generativos/revel,out/2018/Generativos/revel/notes.md,sizeMax,sizemax,width*0.3,[0.6],moderate,high,"spheres up to 2x bigger; large spheres dominate, canvas more covered",false,:2,false,non-deterministic baseline; only large changes are reliable
2018/Generativos/revel,out/2018/Generativos/revel/notes.md,background,background,#F8C43D,"[""#023390""]",large,high,"dark blue ground; pink cells pop, blue spheres nearly merge into background",false,:2,false,non-deterministic baseline; only large changes are reliable
2018/Generativos/rhombus,out/2018/Generativos/rhombus/notes.md,count,count,100,[25],large,high,"fewer figures: bright green background shows through, figures sparse",true,:2,false,
2018/Generativos/rhombus,out/2018/Generativos/rhombus/notes.md,sub,sub,10,[4],large,high,"shallower nesting: flat 4-point stars instead of deep funnels, much smaller, background visible",true,:2,false,
2018/Generativos/rhombus,out/2018/Generativos/rhombus/notes.md,alp,alp,100,[200],large,high,"darker black-tinted shade facets, stronger contrast, image overall darker",true,:2,false,
2018/Generativos/rhombus,out/2018/Generativos/rhombus/notes.md,s,s,0.5,[0.05],large,high,figures ~10x smaller: small nested stars on dark field with faint large rhombus shadows,true,:2,false,
2018/Generativos/rhombus,out/2018/Generativos/rhombus/notes.md,depthRatio,depthratio,sqrt(4/5),"[""sqrt(4/2)""]",large,high,"steeper/faster funnel: figures larger and deeper, canvas mostly covered, green only in gaps",true,:2,false,
2018/Generativos/rhombus,out/2018/Generativos/rhombus/notes.md,rhombusFacets,rhombusfacets,,,,unscored,,true,:2,false,
2018/Generativos/rosas,out/2018/Generativos/rosas/notes.md,cc,cc,"random(4, random(560))",[100],large,high,"coarser grid: fewer, much larger gradient tiles, same left-edge crush",true,:2,false,
2018/Generativos/rosas,out/2018/Generativos/rosas/notes.md,maxPow,maxpow,random(80),[10],large,high,milder warp: far corner keeps visible cells instead of sub-pixel crush; grid more uniform,true,:2,false,
2018/Generativos/rosas,out/2018/Generativos/rosas/notes.md,det,det,random(0.01),[0.005],none,low,no visible change; det is never used in the drawing (no noise in the piece),true,:2,false,
2018/Generativos/rosas,out/2018/Generativos/rosas/notes.md,colors,colors,"[#F00050,#FF4E02,#F9E702,#028DF9,#1629C6]","[""[#010187,#0A49FF,#FF854E,#FFCAE3,#FFFFFF]""]",large,high,"same warp, lighter palette: deep blue, bright blue, salmon-orange, pale pink, white",true,:2,false,
2018/Generativos/rosas,out/2018/Generativos/rosas/notes.md,smooth,smooth,8,[1],none,low,"no visible change (mean 0.0028, 0 pixels above threshold); edge antialiasing too subtle at this cell size",true,:2,false,
2018/Generativos/rositas,out/2018/Generativos/rositas/notes.md,c,c,5400,[2700],moderate,high,"halving the count leaves fewer small circles per cluster; dark halos and background show through more, 4x4 structure unchanged",true,:2,false,
2018/Generativos/rositas,out/2018/Generativos/rositas/notes.md,innerRadius,innerradius,ss*0.4,"[""ss*0.8""]",moderate,high,"doubling the inner radius makes the inner circles large, paler discs that dominate each cluster",true,:2,false,
2018/Generativos/rositas,out/2018/Generativos/rositas/notes.md,innerAlpha,inneralpha,20,[80],moderate,high,"inner circles far more opaque; saturated reds/oranges/yellows pop, gaps between clusters read darker",true,:2,false,
2018/Generativos/rositas,out/2018/Generativos/rositas/notes.md,outerAlpha,outeralpha,10,[40],moderate,high,"dark outer discs dominate; whole image darker and muddier, inter-cluster gaps nearly black",true,:2,false,
2018/Generativos/rositas,out/2018/Generativos/rositas/notes.md,palette,palette,warm 5-colour set (line 76),"[""cool 5-colour set (commented line 78)""]",moderate,high,blue/purple dominated with pale pink/white circles and few warm orange accents,true,:2,false,
2018/Generativos/s90s,out/2018/Generativos/s90s/notes.md,count,count,4000,[1000],large,high,"sparser scatter — shapes read individually, background green and shadows much more visible",true,:2,false,
2018/Generativos/s90s,out/2018/Generativos/s90s/notes.md,sizeRange,sizerange,0.02-0.1 (nested random),"[""0.05-0.15""]",large,high,"small shapes eliminated — green background becomes the dominant field, remaining shapes mid-to-large",true,:2,false,
2018/Generativos/s90s,out/2018/Generativos/s90s/notes.md,shapeMix,shapemix,int(random(3)),"[""int(random(2))""]",large,high,polygons (triangles/squares/pentagons) removed entirely; only circles and line segments remain,true,:2,false,
2018/Generativos/s90s,out/2018/Generativos/s90s/notes.md,circleShadowOffset,circleshadowoffset,s*0.2,[0],moderate,high,"circle shadows removed (poly/line shadows untouched); black mass reduced, circles flatter",true,:2,false,
2018/Generativos/s90s,out/2018/Generativos/s90s/notes.md,palette,palette,6 saturated colors,"[""6 grey tones""]",large,high,identical structure in grayscale; black shadows still stand out,true,:2,false,
2018/Generativos/salchis,out/2018/Generativos/salchis/notes.md,ribbonCount,ribboncount,30,[60],moderate,high,"more ribbons; canvas fills up, same style",true,:2,true,
2018/Generativos/salchis,out/2018/Generativos/salchis/notes.md,ribbonSteps,ribbonsteps,122,[300],moderate,high,"longer walks; ribbons span the canvas, more interwoven",true,:2,true,
2018/Generativos/salchis,out/2018/Generativos/salchis/notes.md,ribbonUnderWeight,ribbonunderweight,90,[40],none,low,no visible change; underlayer hidden behind the 80px mid layer,true,:2,true,
2018/Generativos/salchis,out/2018/Generativos/salchis/notes.md,ribbonScale,ribbonscale,"random(0.001, 0.006)","[""random(0.001, 0.002)""]",moderate,high,"smoother noise field; strokes become short shallow arcs, less meandering, sparser",true,:2,true,
2018/Generativos/salchis,out/2018/Generativos/salchis/notes.md,wispCount,wispcount,60,[240],subtle,low,more thin pale wisps visible as fine specks/dashes; overall look nearly the same,true,:2,true,
2018/Generativos/salchis,out/2018/Generativos/salchis/notes.md,cellSize,cellsize,"random(180, 320)","[""random(90, 160)""]",subtle,low,"smaller, denser letter grid; smaller glyphs",true,:2,true,
2018/Generativos/sandi,out/2018/Generativos/sandi/notes.md,maskThreshold,maskthreshold,0.01,[0.05],subtle,low,raise 0.01->0.05: no visible change (only 0.3% of pixels differ; cloud already dense under ADD),true,:2,false,
2018/Generativos/sandi,out/2018/Generativos/sandi/notes.md,det,det,"random(0.006,0.008)*0.5",[0.002],moderate,high,"lower geometry detail: larger, smoother, more diffuse colour blobs",true,:2,false,
2018/Generativos/sandi,out/2018/Generativos/sandi/notes.md,size,size,540,[300],large,high,"smaller sampling cube: much darker, more muted cloud with bigger black gaps",true,:2,false,
2018/Generativos/sandi,out/2018/Generativos/sandi/notes.md,pointAlpha,pointalpha,80,[200],large,high,"higher alpha: much brighter, washed-out additive glow, colours blow out to white",true,:2,false,
2018/Generativos/sandi,out/2018/Generativos/sandi/notes.md,count,count,10000000,[2000000],large,high,"fewer points: sparser, grainier cloud, more black gaps",true,:2,false,
2018/Generativos/seaa,out/2018/Generativos/seaa/notes.md,cc,cc,40,[20],moderate,high,"drives dot-grid density, web point count, planet count and walk grid; 20 = coarser/sparser dot grid, fewer larger planets, sparser web, coarser threads",true,:2,false,
2018/Generativos/seaa,out/2018/Generativos/seaa/notes.md,stippleCount,stipplecount,300000,[100000],moderate,high,"lower-half stipple ~1/3 as dense; orange-red band shows through more, mottling less solid",true,:2,false,
2018/Generativos/seaa,out/2018/Generativos/seaa/notes.md,stippleSizeMax,stipplesizemax,8,[16],subtle,low,lower-half stipple dots slightly larger/coarser; overall similar,true,:2,false,
2018/Generativos/seaa,out/2018/Generativos/seaa/notes.md,planetSize,planetsize,6,[10],subtle,low,planets/rings noticeably larger and more overlapping,true,:2,false,
2018/Generativos/seaa,out/2018/Generativos/seaa/notes.md,webEdgeAlpha,webedgealpha,20,[60],none,low,no visible change; web edge lines stay equally faint,true,:2,false,
2018/Generativos/serrras,out/2018/Generativos/serrras/notes.md,subs,subs,int(random(4000)),[1500],moderate,high,"fewer subdivision iterations: larger, looser boxes; mass looks lighter with more white gaps",true,:2,false,
2018/Generativos/serrras,out/2018/Generativos/serrras/notes.md,cc,cc,100,[30],moderate,high,"sparser, evenly spaced hatch lines: soft translucent mass becomes a visible regular lattice",true,:2,false,
2018/Generativos/serrras,out/2018/Generativos/serrras/notes.md,scale,scale,0.6,[1.2],moderate,high,"zoomed in: fewer, larger volumes; individual hatch lines clearly visible",true,:2,false,
2018/Generativos/serrras,out/2018/Generativos/serrras/notes.md,fov,fov,"PI/random(3,5)","[""PI/2""]",moderate,high,"wide FOV: strong perspective stretch, elongated volumes, dramatic convergence",true,:2,false,
2018/Generativos/serrras,out/2018/Generativos/serrras/notes.md,first-pass alpha,first pass alpha,"random(100,160)","[""random(220,255)""]",subtle,low,no visible change; lines overlap so heavily the extra opacity saturates,true,:2,false,
2018/Generativos/serrras,out/2018/Generativos/serrras/notes.md,width split range (w1),width split range,"random(0.3,0.7)","[""random(0.45,0.55)""]",moderate,high,"more uniform splits: same composition, less lopsided box proportions",true,:2,false,
2018/Generativos/sheldon,out/2018/Generativos/sheldon/notes.md,pointAttempts,pointattempts,200,[400],none,low,"no visible change: 200 attempts already saturate the sphere at min-distance 30, so extra trials are rejected",true,:2,false,
2018/Generativos/sheldon,out/2018/Generativos/sheldon/notes.md,minDist,mindist,30,[60],none,low,no visible change: cluster keeps the same shape and point density within the 200-attempt budget,true,:2,false,
2018/Generativos/sheldon,out/2018/Generativos/sheldon/notes.md,sphereRadius,sphereradius,"width*random(0.5,0.7)*0.7","[""*1.0""]",subtle,low,"larger sphere: fills more of the frame, points reach near the edges; same density/look, just scaled up",true,:2,false,
2018/Generativos/sheldon,out/2018/Generativos/sheldon/notes.md,pointStrokeWeight,pointstrokeweight,"4*random(0.2,4)","[""4*random(0.2,8)""]",none,low,dots are visibly larger (a few big prominent dots) but pastel-on-white is low contrast so pixel diff stays none,true,:2,false,
2018/Generativos/sheldon,out/2018/Generativos/sheldon/notes.md,meshStrokeAlpha,meshstrokealpha,20,[200],subtle,low,"triangle mesh edges turn bold near-black, revealing the full low-poly wireframe; drop-lines stay faint",true,:2,false,
2018/Generativos/sheldon,out/2018/Generativos/sheldon/notes.md,baseFillAlpha,basefillalpha,40,[150],none,low,no effect: per-vertex fill() in the mesh loop overrides this base fill,true,:2,false,
2018/Generativos/sogri,out/2018/Generativos/sogri/notes.md,grid,grid,60,[30],moderate,high,"fewer, much larger squares; coarser chunkier layout, faint cell grid more visible",true,:2,true,
2018/Generativos/sogri,out/2018/Generativos/sogri/notes.md,sizeAmp,sizeamp,40,[100],moderate,high,"larger squares relative to canvas, fewer distinct ones, more open lighter background",true,:2,true,
2018/Generativos/sogri,out/2018/Generativos/sogri/notes.md,squareAlpha,squarealpha,"random(40,80)","[""random(150,220)""]",moderate,high,"more opaque, bolder, less hazy squares; edges/outlines read more clearly",true,:2,true,
2018/Generativos/sogri,out/2018/Generativos/sogri/notes.md,backgroundLerp,backgroundlerp,0.3,[0.8],none,low,no visible change; background is masked by the stacked translucent squares,true,:2,true,
2018/Generativos/sogri,out/2018/Generativos/sogri/notes.md,bigSquareCount,bigsquarecount,240,[480],large,high,"denser coverage, higher saturation, busier and bolder overlaps",true,:2,true,
2018/Generativos/sogrid,out/2018/Generativos/sogrid/notes.md,grid,grid,"random(100, 300)","[""random(100, 200)""]",moderate,high,"fewer, larger grid cells -> coarser, blockier composition",true,:2,true,
2018/Generativos/sogrid,out/2018/Generativos/sogrid/notes.md,sizeAmp,sizeamp,40,[20],moderate,high,"smaller noise-driven rectangles, fewer huge blocks",true,:2,true,
2018/Generativos/sogrid,out/2018/Generativos/sogrid/notes.md,faceAlpha,facealpha,"random(40, 80)","[""random(160, 200)""]",large,high,"near-opaque faces, saturated colour patches, background mostly hidden",true,:2,true,
2018/Generativos/sogrid,out/2018/Generativos/sogrid/notes.md,extrudeDepth,extrudedepth,random(800),"[""random(200)""]",moderate,high,"shallower extrusion, shorter shadow faces, flatter and softer surface",true,:2,true,
2018/Generativos/sogrid,out/2018/Generativos/sogrid/notes.md,fov,fov,PI/2.0,"[""PI/4.0""]",moderate,high,"narrower field of view, less perspective foreshortening, flatter grid",true,:2,true,
2018/Generativos/sogrid,out/2018/Generativos/sogrid/notes.md,outlineAlpha,outlinealpha,50,[255],subtle,low,cell outlines become opaque hairlines; otherwise no visible change,true,:2,true,
2018/Generativos/sogrido,out/2018/Generativos/sogrido/notes.md,grid,grid,"random(100,300)",[450],large,high,"finer cells -> many small slabs, dense horizontal stripes, corridor look lost",true,:2,true,
2018/Generativos/sogrido,out/2018/Generativos/sogrido/notes.md,sizeAmp,sizeamp,40,[120],large,high,"slabs 3x bigger, chunkier coarser masses with more overlap",true,:2,true,
2018/Generativos/sogrido,out/2018/Generativos/sogrido/notes.md,depthSpread,depthspread,random(800),[300],moderate,high,"slabs concentrated near camera, flatter composition, crisp edges and white outlines stand out",true,:2,true,
2018/Generativos/sogrido,out/2018/Generativos/sogrido/notes.md,alp,alp,"random(40,80)","[""random(10,30)""]",large,high,"much more transparent slabs, paler ghostly image, background shows through",true,:2,true,
2018/Generativos/sogrido,out/2018/Generativos/sogrido/notes.md,cameraZ,cameraz,500,[1000],large,high,"viewpoint twice as far, slabs appear half size, dense small-slab mosaic fills canvas",true,:2,true,
2018/Generativos/sogridor,out/2018/Generativos/sogridor/notes.md,grid,grid,"random(30,80)",[20],large,high,"fewer, larger cards; sparser composition",true,:2,true,
2018/Generativos/sogridor,out/2018/Generativos/sogridor/notes.md,sizeAmp,sizeamp,40,[10],large,high,"smaller, more uniform cards; busier fine-grained texture",true,:2,true,
2018/Generativos/sogridor,out/2018/Generativos/sogridor/notes.md,cc,cc,"random(2,25)",[5],large,high,"fewer stacked copies per card; flatter, less layered look",true,:2,true,
2018/Generativos/sogridor,out/2018/Generativos/sogridor/notes.md,alp,alp,"random(40,80)*1.2",[160],large,high,"more opaque, bolder, more saturated card fills",true,:2,true,
2018/Generativos/sogridor,out/2018/Generativos/sogridor/notes.md,depth,depth,random(800),[200],moderate,high,"less Z spread; cards cluster at similar depth, more uniform monochromatic field",true,:2,true,
2018/Generativos/solebo,out/2018/Generativos/solebo/notes.md,grid,grid,60,[30],moderate,high,"coarser ground grid and 2x-larger, fewer panels (loop count = grid)",true,:2,true,
2018/Generativos/solebo,out/2018/Generativos/solebo/notes.md,alpDet,alpdet,"random(0.005,0.006)",[0.002],subtle,low,"slightly larger, smoother mottled patches in the ground grid; panels unchanged",true,:2,true,
2018/Generativos/solebo,out/2018/Generativos/solebo/notes.md,gridStrokeAlpha,gridstrokealpha,120,[255],none,low,"no visible change — pow(noise,2) keeps most stroke alphas low anyway",true,:2,true,
2018/Generativos/solebo,out/2018/Generativos/solebo/notes.md,shadowSpread,shadowspread,"min(w,h)*random(1,3)","[""min(w,h)*random(1,8)""]",moderate,high,"much wider, softer halo/shadow around each panel",true,:2,true,
2018/Generativos/solebo,out/2018/Generativos/solebo/notes.md,fillAlpha,fillalpha,"random(40,80)*1.4",[200],moderate,high,"panels and shadows far more opaque, higher contrast, ground mostly hidden",true,:2,true,
2018/Generativos/solebo,out/2018/Generativos/solebo/notes.md,palette,palette,9 muted olive/cream colours,"[""{#100D93, #DF390C}""]",large,high,same structure recoloured to saturated indigo/red; every pixel changes,true,:2,true,
2018/Generativos/soles,out/2018/Generativos/soles/notes.md,cc,cc,"random(4, random(30)) per run (10 in baseline)",[20],large,high,"20x20 grid instead of 10x10; cells and all sun parts scale down, much denser composition",true,:2,false,
2018/Generativos/soles,out/2018/Generativos/soles/notes.md,div,div,"random(8, 32) per cell",[40],large,high,"tick fan always 40 segments (denser, more uniform); score dominated by stream desync: removing the random() call re-shuffles every later colour",true,:2,false,
2018/Generativos/soles,out/2018/Generativos/soles/notes.md,amp,amp,0.4,[0.8],subtle,low,"centre dot diameter up to 2x larger; colours identical, only a small pixel fraction changes",true,:2,false,
2018/Generativos/soles,out/2018/Generativos/soles/notes.md,scatter size,scatter size,dd*0.4,"[""dd*0.7""]",subtle,low,the tiny 3x3 rounded squares around each centre are noticeably bigger,true,:2,false,
2018/Generativos/soles,out/2018/Generativos/soles/notes.md,dt2,dt2,random(0.01),[0.002],none,low,no visible change; centre-dot size field becomes smoother but the difference is sub-pixel,true,:2,false,
2018/Generativos/sorna,out/2018/Generativos/sorna/notes.md,det,det,"random(0.06,0.012)*0.4","[""random(0.06,0.012)*1.6""]",large,high,"finer placement/size noise: new point layout, coarser mottled texture with larger, more visible individual bursts",true,:2,false,
2018/Generativos/sorna,out/2018/Generativos/sorna/notes.md,candidates,candidates,50000,[10000],large,high,much sparser field (black ground shows); palette shifts to blue-grey/cream with scattered orange; directional flow lost,true,:2,false,
2018/Generativos/sorna,out/2018/Generativos/sorna/notes.md,strokeAlpha,strokealpha,20,[90],moderate,high,"same layout; strokes gain a visible dark outline, texture reads darker and more sketched, strokes more individually legible",true,:2,false,
2018/Generativos/sorna,out/2018/Generativos/sorna/notes.md,pwr,pwr,"random(0.1,0.2)*10","[""random(0.1,0.2)*30""]",moderate,high,"same layout; colours pushed to palette extremes: vivid reds + near-black + cream, mid blue-greys gone, higher contrast",true,:2,false,
2018/Generativos/sorna,out/2018/Generativos/sorna/notes.md,rotateMult,rotatemult,TAU*2,"[""TAU*8""]",moderate,high,"same layout; the noise-driven flow field disappears, strokes point chaotically in all directions",true,:2,false,
2018/Generativos/spiral,out/2018/Generativos/spiral/notes.md,res,res,int(3+random(60)*random(1)*random(1)) (~12 at seed 42),[12],large,high,"coarser, wider wedges per ring",true,:2,false,
2018/Generativos/spiral,out/2018/Generativos/spiral/notes.md,sub,sub,"int(random(2, 200)) (~40 at seed 42)",[40],large,high,fewer/thicker concentric rings,true,:2,false,
2018/Generativos/spiral,out/2018/Generativos/spiral/notes.md,max (twist),max,"da*int(random(-30, 30))","[""da*15""]",large,high,"fixed modest twist; cleaner, more concentric spiral",true,:2,false,
2018/Generativos/spiral,out/2018/Generativos/spiral/notes.md,diag,diag,width*1.8,"[""width*1.2""]",large,high,"smaller radius; thinner, denser bands reaching the corners",true,:2,false,
2018/Generativos/spiral,out/2018/Generativos/spiral/notes.md,overlap (j+4),overlap,4,[8],subtle,low,no visible change (only 3% of pixels moved),true,:2,false,
2018/Generativos/spiral,out/2018/Generativos/spiral/notes.md,colors[] (palette),colors,6-colour warm/cool set,"[""grayscale set""]",large,high,same geometry rendered in grayscale,true,:2,false,
2018/Generativos/starmod,out/2018/Generativos/starmod/notes.md,cc,cc,"random(4, 140)",[100],large,high,"every plane gets the same cube count; varied grain disappears, field looks uniform, a big black edge-on region appears",true,:2,false,
2018/Generativos/starmod,out/2018/Generativos/starmod/notes.md,planes,planes,20,[4],large,high,"fewer, larger grids; more black gaps between planes",true,:2,false,
2018/Generativos/starmod,out/2018/Generativos/starmod/notes.md,boxScale,boxscale,0.8,[1.2],moderate,high,cubes overlap and merge into a nearly continuous tiled surface with fewer gaps,true,:2,false,
2018/Generativos/starmod,out/2018/Generativos/starmod/notes.md,depth,depth,-400,[-200],large,high,"camera closer; planes loom larger, perspective more extreme",true,:2,false,
2018/Generativos/starmod,out/2018/Generativos/starmod/notes.md,palette[3],palette 3,#070708,"[""#1133AA""]",subtle,low,only subtly: near-black faces read dark blue in small patches,true,:2,false,
2018/Generativos/subdivivi,out/2018/Generativos/subdivivi/notes.md,sub,sub,"int(random(20, 1000))","[100,600]",large,high,fewer splits = few larger boxes with open white space; more splits = uniform field of small boxes,true,:2,false,
2018/Generativos/subdivivi,out/2018/Generativos/subdivivi/notes.md,size,size,5,[10],large,high,"bigger scene fills the frame with more boxes at similar apparent scale, less open space",true,:2,false,
2018/Generativos/subdivivi,out/2018/Generativos/subdivivi/notes.md,divDivisor,divdivisor,8,[16],large,high,"halved line density: sparser radial lines, smaller dark cores, airier image",true,:2,false,
2018/Generativos/subdivivi,out/2018/Generativos/subdivivi/notes.md,ma,ma,PI*0.1,"[""PI*0.4""]",large,high,"stronger tilt: a few huge boxes dominate, big black masses, dramatic vanishing point",true,:2,false,
2018/Generativos/subdivivi,out/2018/Generativos/subdivivi/notes.md,fov,fov,"PI/random(1.1, 3)","[""PI/1.2""]",large,high,"wide-angle lens: heavy edge distortion, enlarged boxes near frame edges, thick dark bands",true,:2,false,
2018/Generativos/tabla,out/2018/Generativos/tabla/notes.md,cc (grid cells per side),cc,"int(random(4, 17))",[4],moderate,high,"coarse 4x4 checkerboard of big squares; fewer, larger triangles and coarser hatching lines",true,:2,false,
2018/Generativos/tabla,out/2018/Generativos/tabla/notes.md,triangleCount,trianglecount,80,[16],large,high,sparse facets; underlying checkerboard grid clearly visible across the canvas,true,:2,false,
2018/Generativos/tabla,out/2018/Generativos/tabla/notes.md,triangleFillAlpha,trianglefillalpha,"random(160, 256)",[256],moderate,high,"triangles fully opaque: soft fade to the transparent vertex is lost, harder flat stained-glass facets",true,:2,false,
2018/Generativos/tabla,out/2018/Generativos/tabla/notes.md,hatchLineAlpha,hatchlinealpha,180,[255],subtle,low,hatch lines slightly stronger; otherwise nearly identical,true,:2,false,
2018/Generativos/tabla,out/2018/Generativos/tabla/notes.md,gridStrokeAlpha,gridstrokealpha,80,[255],none,low,no visible change: grid strokes are overpainted by the adjacent cells' fills (dead parameter),true,:2,false,
2018/Generativos/tablab,out/2018/Generativos/tablab/notes.md,cc,cc,"random(6,8)*10 (60 or 70)",[140],large,high,"sparser, more fragmented: individual triangle hatch fans become visible as separate starbursts, lighter blue ground",true,:2,false,
2018/Generativos/tablab,out/2018/Generativos/tablab/notes.md,det,det,"random(0.002,0.004)*3 (0.006-0.012)",[0.03],large,high,"finer, busier small-scale hatching; the large soft streaks break into many thin chaotic fans",true,:2,false,
2018/Generativos/tablab,out/2018/Generativos/tablab/notes.md,dis multiplier,dis multiplier,24,[4],moderate,high,"tighter, smaller starburst clusters; much more dark background shows between them",true,:2,false,
2018/Generativos/tablab,out/2018/Generativos/tablab/notes.md,alpha,alpha,80,[200],subtle,low,"subtle: same composition, overlapping regions slightly denser/darker",true,:2,false,
2018/Generativos/tablab,out/2018/Generativos/tablab/notes.md,triangle count,triangle count,cc*40 (2400-2800),"[""cc*10 (600-700)""]",moderate,high,"much sparser: large dark areas, one dominant yellow mass",true,:2,false,
2018/Generativos/tang,out/2018/Generativos/tang/notes.md,ss,ss,"random(width/40, width/3)","[""random(width/100, width/30)""]",moderate,high,"smaller lattice cells -> cc grows, all cluster/line counts scale up, canvas fills with a dense web of small shapes and lines",true,:2,true,
2018/Generativos/tang,out/2018/Generativos/tang/notes.md,ccc1,ccc1,int(cc*random(5)),"[""int(cc*random(20))""]",moderate,high,"4x more filled clusters; each cluster also strokes lines, so the whole canvas becomes a web of shapes and hairlines",true,:2,true,
2018/Generativos/tang,out/2018/Generativos/tang/notes.md,ccc2,ccc2,int(cc*random(40)),"[""int(cc*random(120))""]",none,low,no visible change; the baseline already drew almost no group-2 lines and the extra ones are 1px low-alpha strokes,true,:2,true,
2018/Generativos/tang,out/2018/Generativos/tang/notes.md,dotAlpha,dotalpha,20,[120],none,low,no visible change overall; only the sparse 2px dot grid darkens slightly (dots are <0.2% of pixels),true,:2,true,
2018/Generativos/tang,out/2018/Generativos/tang/notes.md,colors,colors,5 colors {#27007F #00A6FF #FF216E #FFB7E3 #FFFFFF},4 colors {#0A49FF #FFCAE3 #FDCF00 #FFFFFF},subtle,low,"colours shift to blue/gold/pink; 4 vs 5 palette entries change the rcol() collision-retry loops, so the RNG stream diverges and the line web is denser",true,:2,true,
2018/Generativos/temor,out/2018/Generativos/temor/notes.md,lar,lar,10000*width/960 (~67k steps/layer),[3000],moderate,high,"fewer walk steps = thinner bands, gaps reveal underlying sharp lines/dots/polygons",true,:2,true,
2018/Generativos/temor,out/2018/Generativos/temor/notes.md,vel,vel,0.71,[4],large,high,"longer step = very wide, smooth stripes covering almost the whole canvas; underlying content nearly hidden",true,:2,true,
2018/Generativos/temor,out/2018/Generativos/temor/notes.md,layers,layers,6,[2],large,high,"fewer walker layers = fewer, thinner bands; sharp dots/lines and dark polygons clearly visible",true,:2,true,
2018/Generativos/temor,out/2018/Generativos/temor/notes.md,shapeSize,shapesize,0.04 (fraction of width),[0.15],none,low,no visible change - shapes are buried under the line walks and the blur,true,:2,true,
2018/Generativos/temor,out/2018/Generativos/temor/notes.md,amp1,amp1,random(10),[1],large,high,"gentler walk angle = hazy translucent pale bands; sharp thin lines, dots, polygons and wavy patterns show through",true,:2,true,
2018/Generativos/toalla,out/2018/Generativos/toalla/notes.md,cc,cc,"int(random(300,360)*0.3)","[""~216""]",large,high,2x lines: mesh becomes dense fine hatching that blends into a smooth colour gradient; circles merge into one cream blob,true,:2,false,
2018/Generativos/toalla,out/2018/Generativos/toalla/notes.md,hStrokeWeight,hstrokeweight,5,[1],large,high,1px horizontals: grid reads as fine square mesh; per-line palette gradient (yellow-orange-green-blue) visible across canvas; circles more distinct,true,:2,false,
2018/Generativos/toalla,out/2018/Generativos/toalla/notes.md,desformAmp,desformamp,30,[90],large,high,"3x displacement: lines bow into big waves and thin out, exposing palette colour; circle centres shifted far from centre",true,:2,false,
2018/Generativos/toalla,out/2018/Generativos/toalla/notes.md,circleCount,circlecount,10,[30],moderate,high,centre more crowded; large circles overlap each other more,true,:2,false,
2018/Generativos/toalla,out/2018/Generativos/toalla/notes.md,noiseDetail,noisedetail,2,[5],none,low,pixel-identical: Processing noiseDetail() does not affect toxi SimplexNoise used in desform,true,:2,false,
2018/Generativos/toalla,out/2018/Generativos/toalla/notes.md,circleSizeMax,circlesizemax,0.5,[0.15],moderate,high,"all circles small, scattered dots; grid/gradient dominates the centre",true,:2,false,
2018/Generativos/torta,out/2018/Generativos/torta/notes.md,cc,cc,"int(random(600)*random(0.2,1))",[200],moderate,high,"fewer tiles -> sparser, more blue background",true,:2,false,
2018/Generativos/torta,out/2018/Generativos/torta/notes.md,size,size,"width*random(0.1,0.2)",[0.4],large,high,larger tiles -> more coverage and overlap,true,:2,false,
2018/Generativos/torta,out/2018/Generativos/torta/notes.md,div,div,"int(random(2,12))",[28],subtle,low,denser line grids on grid-tiles; overall near-identical,true,:2,false,
2018/Generativos/torta,out/2018/Generativos/torta/notes.md,scatter,scatter,40,[200],large,high,5x denser arc-dust layer across whole canvas,true,:2,false,
2018/Generativos/torta,out/2018/Generativos/torta/notes.md,palette,palette,cream/yellow/pink/blue/teal,"[""teal/coral/purple/cream/navy""]",large,high,"full recolor, ~94% of pixels",true,:2,false,
2018/Generativos/totop,out/2018/Generativos/totop/notes.md,cc (fine-grid line count),cc,"random(300, 360)*0.8 (≈240-288 per direction)","[""*0.3 (≈90-108)""]",subtle,low,fine grid slightly sparser/softer; overall look nearly unchanged,true,:2,false,
2018/Generativos/totop,out/2018/Generativos/totop/notes.md,distAmp (desform magnitude 140*0.3),distamp,0.3,[1.0],moderate,high,grid bows into a more pronounced wavy pillow; blob edges wobble more,true,:2,false,
2018/Generativos/totop,out/2018/Generativos/totop/notes.md,packAttempts,packattempts,10000,[3000],moderate,high,"fewer, sparser blobs with larger gaps of bare background",true,:2,false,
2018/Generativos/totop,out/2018/Generativos/totop/notes.md,"blobMax (width*random(0.05, X))",blobmax,0.25,[0.5],large,high,"much larger blobs, fewer of them (packing rejects more), bigger inner holes, canvas mostly covered",true,:2,false,
2018/Generativos/totop,out/2018/Generativos/totop/notes.md,ringRatio (inner circle p.z*X),ringratio,0.4,[0.8],subtle,low,"inner hole slightly larger, rings read thinner; rest identical",true,:2,false,
2018/Generativos/totop,out/2018/Generativos/totop/notes.md,desform,desform,,,,unscored,,true,:2,false,
2018/Generativos/totop,out/2018/Generativos/totop/notes.md,circlePacking,circlepacking,,,,unscored,,true,:2,false,
2018/Generativos/totop,out/2018/Generativos/totop/notes.md,noiseRing,noisering,,,,unscored,,true,:2,false,
2018/Generativos/triquadtri,out/2018/Generativos/triquadtri/notes.md,cc,cc,random(10000*random(1)),"[500,10000]",large,high,"fewer iterations = few large flat shapes with speckle only in corners; always-max = uniformly finer, busier mosaic",true,:2,false,
2018/Generativos/triquadtri,out/2018/Generativos/triquadtri/notes.md,minr,minr,random(1),[0.95],large,high,"0.95 = near-uniform poly pick, subdivision spread evenly, large flat shapes mostly broken up",true,:2,false,
2018/Generativos/triquadtri,out/2018/Generativos/triquadtri/notes.md,washMax,washmax,0.2,[0.6],moderate,high,"same layout; colours washed toward black/white up to 60%, yellow -> olive, red -> dusty salmon, strong per-vertex faceting on big shapes",true,:2,false,
2018/Generativos/triquadtri,out/2018/Generativos/triquadtri/notes.md,comBlackProb,comblackprob,0.5,[0.85],subtle,low,"same layout; slight overall darkening/muting, no visible change at a glance",true,:2,false,
2018/Generativos/triquadtri,out/2018/Generativos/triquadtri/notes.md,palette,palette,12-entry weighted gray/black/red/yellow/blue/green,"[""4-colour alt {#52F3FF, #000308, #FD6B01, #084E8B}""]",large,high,same layout in cyan / near-black / orange / dark blue,true,:2,false,
2018/Generativos/tris,out/2018/Generativos/tris/notes.md,sub1,sub1,int(random(10)),[0],large,high,disables the first quad-splitting phase; tiling reorganises (score also confounded by non-deterministic sub2/time),false,:2,false,non-deterministic baseline; only large changes are reliable
2018/Generativos/tris,out/2018/Generativos/tris/notes.md,sub2,sub2,int(random(random(200))),"[0,150]",large,high,"0 = only a few large flat quads; 150 = very fine, dense triangle tiling",false,:2,false,non-deterministic baseline; only large changes are reliable
2018/Generativos/tris,out/2018/Generativos/tris/notes.md,strokeAlpha,strokealpha,5,[0],subtle,low,no visible change; seams were already barely perceptible at alpha 5,false,:2,false,non-deterministic baseline; only large changes are reliable
2018/Generativos/tris,out/2018/Generativos/tris/notes.md,shadeMaxAlpha,shademaxalpha,60,[0],moderate,high,"per-face radial shading removed, faces become flat colours (score includes non-deterministic layout noise)",false,:2,false,non-deterministic baseline; only large changes are reliable
2018/Generativos/tris,out/2018/Generativos/tris/notes.md,colors,colors,#FF5722,"[""#2196F3""]",moderate,high,orange faces become blue; tiling structure unchanged,false,:2,false,non-deterministic baseline; only large changes are reliable
2018/Generativos/trisintris,out/2018/Generativos/trisintris/notes.md,ss,ss,"random(10, random(60, 240))",[120],large,high,"fixed larger cell size: hex coin grid becomes a dominant visible underlay of big halo+dot circles; fewer, larger rhombus fans on top (fewer cells)",true,:2,false,
2018/Generativos/trisintris,out/2018/Generativos/trisintris/notes.md,amp,amp,"random(0.4, 0.9)",[0.2],large,high,inner circle much smaller than halo: coin layer reads as rings/donuts with big translucent halos; fans unchanged,true,:2,false,
2018/Generativos/trisintris,out/2018/Generativos/trisintris/notes.md,ccc,ccc,int(cc*cc*random(4)*0.1),"[""int(cc*cc*0.4)""]",large,high,"far more rhombus fans: canvas almost fully covered by pinwheels, coin underlay barely visible",true,:2,false,
2018/Generativos/trisintris,out/2018/Generativos/trisintris/notes.md,sub,sub,int(random(20)),[50],large,high,"longer chains: fans more deeply nested with smaller concentric fans inside; overall look similar but denser/turbulent, line layer more visible",true,:2,false,
2018/Generativos/trisintris,out/2018/Generativos/trisintris/notes.md,colors,colors,5-colour list (white/pink/yellow/green/blue),"[""5-step greyscale 000000..FFFFFF""]",large,high,identical geometry in greyscale; luminance contrast makes the 3D-fold effect of the fans even more legible,true,:2,false,
2018/Generativos/tristin,out/2018/Generativos/tristin/notes.md,count,count,1800,[900],moderate,high,"half the shards; far more black visible, same style",true,:2,false,
2018/Generativos/tristin,out/2018/Generativos/tristin/notes.md,size,size,80,[200],large,high,much larger shards covering the canvas; several big shapes,true,:2,false,
2018/Generativos/tristin,out/2018/Generativos/tristin/notes.md,det,det,"random(0.006,0.008)*0.5","[""random(0.006,0.008)*2.0""]",subtle,low,no visible change in density/scale; only shard arrangement and bending differ,true,:2,false,
2018/Generativos/tristin,out/2018/Generativos/tristin/notes.md,deformAmp,deformamp,8,[40],moderate,high,"shards more stretched and twisted, more thin slivers",true,:2,false,
2018/Generativos/tristin,out/2018/Generativos/tristin/notes.md,palette,palette,"[""#92C8FA"",""#0321A1"",""#F94D21""]","[[""#EFFF43"",""#0321A1"",""#F94D21""]]",subtle,low,pale-blue shards become yellow/olive; deep blue and orange unchanged,true,:2,false,
2018/Generativos/tritt,out/2018/Generativos/tritt/notes.md,triCount,tricount,1000,[300],large,high,"fewer frames -> sparse scatter, big dark gaps of the background colour show through",true,:2,false,
2018/Generativos/tritt,out/2018/Generativos/tritt/notes.md,sizeScale,sizescale,0.6,[1.2],large,high,"2x size scale -> a few huge frames dominate, much less fine detail",true,:2,false,
2018/Generativos/tritt,out/2018/Generativos/tritt/notes.md,wingAlpha,wingalpha,30,[120],moderate,high,"darker translucent black outer wings (r1->2r1), overall image reads darker",true,:2,false,
2018/Generativos/tritt,out/2018/Generativos/tritt/notes.md,cc,cc,"random(3,26)",[40],none,low,"no visible change; grid dots are 1-3 px at 3250 px canvas, below visibility",true,:2,false,
2018/Generativos/tritt,out/2018/Generativos/tritt/notes.md,colors,colors,5-colour bright set,"[""earth palette (black/green/olive/cream/brown)""]",large,high,same structure recoloured; structure is palette-independent,true,:2,false,
2018/Generativos/tteett,out/2018/Generativos/tteett/notes.md,sub,sub,int(random(80)),"[""int(random(10))""]",large,high,"far fewer, larger cascade triangles; coarser, more open cluster and more dark navy background visible",true,:2,false,
2018/Generativos/tteett,out/2018/Generativos/tteett/notes.md,seedSize,seedsize,"width*random(2.4, 3.8)","[""width*random(1.2, 1.6)""]",large,high,smaller central motif; the 3x3 tile wrap dominates and the canvas becomes a busier all-over of overlapping frames,true,:2,false,
2018/Generativos/tteett,out/2018/Generativos/tteett/notes.md,r2,r2,s*0.35,"[""s*0.25""]",subtle,low,no visible change; nested rings essentially identical,true,:2,false,
2018/Generativos/tteett,out/2018/Generativos/tteett/notes.md,s2,s2,0.2,[0.6],moderate,high,inner ring of each frame lerps much further toward black; bevel/depth shading noticeably stronger,true,:2,false,
2018/Generativos/tteett,out/2018/Generativos/tteett/notes.md,palette,palette,bright 5-colour list (line 114),"[""sketch's commented-out dark indigo list""]",large,high,"same geometry, monochrome dark blue with very low contrast",true,:2,false,
2018/Generativos/ttttt,out/2018/Generativos/ttttt/notes.md,sub,sub,"int(random(4, 800000))","[""int(random(4, 60))""]",moderate,high,fewer subdivision iterations -> much coarser mosaic of a few dozen large tiles,true,:2,true,
2018/Generativos/ttttt,out/2018/Generativos/ttttt/notes.md,zOffset,zoffset,-200,[200],moderate,high,"plane 400 units closer to camera: mosaic zooms in, tiles smaller, plane seen more edge-on with a black band along the bottom",true,:2,true,
2018/Generativos/ttttt,out/2018/Generativos/ttttt/notes.md,rotX,rotx,"PI*random(0.0, 0.3)","[""PI*random(0.5, 0.7)""]",moderate,high,"stronger forward tilt: plane compressed vertically, tiles more oblique, black band at top",true,:2,true,
2018/Generativos/ttttt,out/2018/Generativos/ttttt/notes.md,darken,darken,random(1) lerp toward black,"[""random(0.5)""]",subtle,low,tiles slightly brighter overall; fewer near-black tiles,true,:2,true,
2018/Generativos/ttttt,out/2018/Generativos/ttttt/notes.md,det,det,random(0.01),"[""random(0.001)""]",none,low,no visible change: noise height hh is computed but only used in commented-out 3D code,true,:2,true,
2018/Generativos/tutela,out/2018/Generativos/tutela/notes.md,cc,cc,"random(4,10)",[],,unscored,,false,:2,false,non-deterministic baseline; only large changes are reliable
2018/Generativos/tutela,out/2018/Generativos/tutela/notes.md,bb,bb,2,[],,unscored,,false,:2,false,non-deterministic baseline; only large changes are reliable
2018/Generativos/tutela,out/2018/Generativos/tutela/notes.md,s2Scale,s2scale,random(0.5),[],,unscored,,false,:2,false,non-deterministic baseline; only large changes are reliable
2018/Generativos/tutela,out/2018/Generativos/tutela/notes.md,palette,palette,warm 6-color list,[],,unscored,,false,:2,false,non-deterministic baseline; only large changes are reliable
2018/Generativos/tutela,out/2018/Generativos/tutela/notes.md,shadeAlpha,shadealpha,40,[],,unscored,,false,:2,false,non-deterministic baseline; only large changes are reliable
2018/Generativos/venas,out/2018/Generativos/venas/notes.md,det,det,random(0.001),"[""random(0.004)""]",large,high,"finer, denser contour bands; same band structure at smaller scale",true,:2,false,
2018/Generativos/venas,out/2018/Generativos/venas/notes.md,tolerance,tolerance,0.002,[0.008],large,high,"walkers wander inside wider noise bands: bands become thick, fuzzy, scribbled",true,:2,false,
2018/Generativos/venas,out/2018/Generativos/venas/notes.md,walkers,walkers,1000,[250],large,high,"much sparser: fewer, thinner bands with large empty gaps",true,:2,false,
2018/Generativos/venas,out/2018/Generativos/venas/notes.md,alpha,alpha,90,[200],moderate,high,"same band structure, lines more opaque; bands read as solid saturated stripes",true,:2,false,
2018/Generativos/venas,out/2018/Generativos/venas/notes.md,steps,steps,10000,[2500],large,high,"short strokes only: long continuous contours lost, texture becomes broken speckled scribble",true,:2,false,
2018/Generativos/vomito,out/2018/Generativos/vomito/notes.md,count,count,100000,[25000],large,high,"sparser: individual dots visible, orange background shows through",true,:2,false,
2018/Generativos/vomito,out/2018/Generativos/vomito/notes.md,det,det,random(0.006),[0.001],large,high,"lower = much larger, smoother colour/size patches",true,:2,false,
2018/Generativos/vomito,out/2018/Generativos/vomito/notes.md,haloAlpha,haloalpha,100,[255],moderate,high,"opaque halos: flatter, patchier, one large solid blue region",true,:2,false,
2018/Generativos/vomito,out/2018/Generativos/vomito/notes.md,haloScale,haloscale,4,[12],moderate,high,"3x bigger halos: soft bokeh, fine grain blurred into clouds",true,:2,false,
2018/Generativos/vomito,out/2018/Generativos/vomito/notes.md,sizeScale,sizescale,width*0.01,"[""width*0.02""]",moderate,high,"coarser grain: bigger dots and halos, still dense",true,:2,false,
2018/Generativos/win,out/2018/Generativos/win/notes.md,maxSizeFactor,maxsizefactor,0.3,[0.6],moderate,high,"larger max blob size; fewer blobs kept, sparser field with bigger clear regions",true,:2,false,
2018/Generativos/win,out/2018/Generativos/win/notes.md,minDistFactor,mindistfactor,0.48,[0.2],large,high,"blobs may sit much closer; field becomes near-fully covered, blobs overlap",true,:2,false,
2018/Generativos/win,out/2018/Generativos/win/notes.md,attempts,attempts,200000,[20000],subtle,low,"sparser scatter, fewer small specks; large blobs largely unchanged",true,:2,false,
2018/Generativos/win,out/2018/Generativos/win/notes.md,shadowStrength,shadowstrength,0.05,[0.3],none,low,"no visible change per diff; offset shadow slab reads marginally darker, below diff threshold",true,:2,false,
2018/Generativos/win,out/2018/Generativos/win/notes.md,noiseDetail,noisedetail,100,[10],subtle,low,subtle: blob edges marginally more regular/less wobbled; layout identical,true,:2,false,
2018/Generativos/win,out/2018/Generativos/win/notes.md,overlayAlpha,overlayalpha,80,[200],subtle,low,subtle: diagonal two-tone overlay halves read more saturated (stronger reds/greens/blues),true,:2,false,
2018/Generativos/zzpptt,out/2018/Generativos/zzpptt/notes.md,cc,cc,"random(8, random(20, 120))",[],,unscored,TBD,true,:2,false,
2018/Generativos/zzpptt,out/2018/Generativos/zzpptt/notes.md,c (quad count factor),c,"cc*cc*random(0.1, 1)",[],,unscored,TBD,true,:2,false,
2018/Generativos/zzpptt,out/2018/Generativos/zzpptt/notes.md,dot diameter,dot diameter,ss*0.5,[],,unscored,TBD,true,:2,false,
2018/Generativos/zzpptt,out/2018/Generativos/zzpptt/notes.md,bar length hh,bar length hh,"random(2, cc*0.5)*ss",[],,unscored,TBD,true,:2,false,
2018/Generativos/zzpptt,out/2018/Generativos/zzpptt/notes.md,palette,palette,6 colors,[],,unscored,TBD,true,:2,false,
2019/generativos/aquaman,out/2019/generativos/aquaman/notes.md,cc,cc,1000,[300],large,high,"shorter, fatter, smoother ribbon bodies; fewer beaded tail trails; a few soft orbs remain",true,:2,true,
2019/generativos/aquaman,out/2019/generativos/aquaman/notes.md,maxSize,maxsize,random(50)*random(8) (max 400),"[""random(50)*random(2) (max 100)""]",large,high,"thin worm-like ribbons, no big orbs, much more white background shows through",true,:2,true,
2019/generativos/aquaman,out/2019/generativos/aquaman/notes.md,alpha,alpha,250,[80],subtle,low,"composition unchanged; overlaps slightly softer/washed, the dense mass stays near-opaque (only 8.8% of pixels differ)",true,:2,true,
2019/generativos/aquaman,out/2019/generativos/aquaman/notes.md,detAng,detang,random(0.01),"[""random(0.03)""]",large,high,tighter curls: paths collapse into discrete round orbs/discs with a few thin squiggly worms between them,true,:2,true,
2019/generativos/aquaman,out/2019/generativos/aquaman/notes.md,count,count,200,[600],large,high,"much denser mass, almost no background visible, heavier overlap of ribbons and orbs",true,:2,true,
2019/generativos/arau,out/2019/generativos/arau/notes.md,cc,cc,4400,[1500],large,high,"far fewer trees; sparse scene with black gaps between distinct, well-separated conifers",true,:2,false,
2019/generativos/arau,out/2019/generativos/arau/notes.md,v-exponent (line 62),v exponent,3.8,[1.5],large,high,"flattens perspective: trees much more evenly distributed top-to-bottom, top-row trees no longer tiny",true,:2,false,
2019/generativos/arau,out/2019/generativos/arau/notes.md,size factor (line 65),size factor,0.26,[0.13],large,high,"half-size trees; whole field becomes fine texture, large bottom trees become thin vertical lines",true,:2,false,
2019/generativos/arau,out/2019/generativos/arau/notes.md,"den (branch density, line 98)",den,"random(1.5, 3)",[0.5],large,high,"long thin branch curves mostly gone; trees become compact, densely speckled, more saturated cones",true,:2,false,
2019/generativos/arau,out/2019/generativos/arau/notes.md,"detCol (noise detail, line 58)",detcol,"random(0.007,0.01)*0.18","[""random(0.007,0.01)*0.54""]",moderate,high,"coarser noise field: much broader, smoother colour patches (large green/blue/red regions), tree colour within each region more uniform",true,:2,false,
2019/generativos/arau002,out/2019/generativos/arau002/notes.md,cc,cc,800,[2500],large,high,"denser forest: gaps filled, more overlap, bottom half crowded with large trees",true,:2,false,
2019/generativos/arau002,out/2019/generativos/arau002/notes.md,detCol,detcol,0.18,[0.55],moderate,high,"coarser noise -> larger, smoother same-hue regions with broad diagonal colour bands",true,:2,false,
2019/generativos/arau002,out/2019/generativos/arau002/notes.md,pwrV,pwrv,3.8,[1.5],large,high,"flatter size/depth distribution: more mid-sized trees, less extreme perspective",true,:2,false,
2019/generativos/arau002,out/2019/generativos/arau002/notes.md,sScale,sscale,0.26,[0.13],large,high,"half-size trees: sparser, thinner wireframe look, strokes more visible than dots",true,:2,false,
2019/generativos/arau002,out/2019/generativos/arau002/notes.md,dotScale,dotscale,0.004,[0.02],moderate,high,"larger glowing tips: foliage reads as bright bokeh beads, strokes less visible",true,:2,false,
2019/generativos/arau002,out/2019/generativos/arau002/notes.md,grain,grain,200000,[5000],large,high,dark speckle underlay mostly gone: cleaner flat-black background between trees,true,:2,false,
2019/generativos/arau003,out/2019/generativos/arau003/notes.md,cc,cc,260,[100],moderate,high,"fewer stalks; sparser scene, background dust more visible",true,:2,false,
2019/generativos/arau003,out/2019/generativos/arau003/notes.md,plantSize (0.16 factor),plantsize,0.16,[0.32],large,high,"2x stalk size; heavy overlap, dense thicket",true,:2,false,
2019/generativos/arau003,out/2019/generativos/arau003/notes.md,detCol (color noise detail),detcol,0.008-0.01*0.3,"[""0.008-0.01*3""]",subtle,low,"no visible large change; broad colour patches essentially the same, slightly finer hue variation",true,:2,false,
2019/generativos/arau003,out/2019/generativos/arau003/notes.md,den (branches per unit),den,0.3,[0.6],moderate,high,"double branches per stalk; bushier, fir-tree-like, more overlap",true,:2,false,
2019/generativos/arau003,out/2019/generativos/arau003/notes.md,speckle count,speckle count,12000,[48000],moderate,high,background dust 4x denser; colourful speck field clearly visible behind stalks,true,:2,false,
2019/generativos/arbarb,out/2019/generativos/arbarb/notes.md,pointCount,pointcount,40,[80],subtle,low,a few more blades survive rejection; slightly denser scene,true,:2,false,
2019/generativos/arbarb,out/2019/generativos/arbarb/notes.md,minDist,mindist,20,[60],none,low,"fewer, more widely spread marks (low pixel impact: thin strokes)",true,:2,false,
2019/generativos/arbarb,out/2019/generativos/arbarb/notes.md,sizeMax,sizemax,200,[400],subtle,low,"blades taller, depth range stretched",true,:2,false,
2019/generativos/arbarb,out/2019/generativos/arbarb/notes.md,diskScale,diskscale,0.1,[0.2],none,low,ground discs ~2x larger; low pixel impact on 960px canvas,true,:2,false,
2019/generativos/arbarb,out/2019/generativos/arbarb/notes.md,sub,sub,10,[30],none,low,3x more dots; lines read as fine dotted dashes,true,:2,false,
2019/generativos/arbarb,out/2019/generativos/arbarb/notes.md,pwr,pwr,"random(0.5,0.8)","[""random(1.5,2)""]",none,low,"dot spacing bias flips: dots cluster at blade base, tops bare",true,:2,false,
2019/generativos/arcCir,out/2019/generativos/arcCir/notes.md,cc,cc,"int(random(6,12))","[5,12]",large,high,"grid columns; 5 = sparse large wedges + wide border, 12 = dense small wedges/dots",true,:2,false,
2019/generativos/arcCir,out/2019/generativos/arcCir/notes.md,arcProb,arcprob,0.4,[0.9],moderate,high,corner wedge probability; higher fills almost every cell with a quarter-circle,true,:2,false,
2019/generativos/arcCir,out/2019/generativos/arcCir/notes.md,dotProb,dotprob,0.5,[0.9],moderate,high,dot/circle gate probability; higher adds many more small dots and offset circles,true,:2,false,
2019/generativos/arcCir,out/2019/generativos/arcCir/notes.md,glowAlpha,glowalpha,120,[220],subtle,low,"arc2 halo alpha; 220 slightly strengthens the soft halos, overall look nearly the same",true,:2,false,
2019/generativos/arcCir,out/2019/generativos/arcCir/notes.md,colors,colors,"{#F76FC1,#FF7028,#AFE36B,#29a8cc,#100082}","[""{#333A95,#FFDC15,#FC9CE6,#31F5C2,#1E9BF3}""]",large,high,"swaps whole look: yellow/pink/mint/blue, ground becomes bright green (bg is rcol())",true,:2,false,
2019/generativos/bab,out/2019/generativos/bab/notes.md,cc,cc,1200,[400],large,high,"shorter trails: same sweep direction but broken into separate arcs, loops and spring-like bead coils; less piled-up density",true,:2,false,
2019/generativos/bab,out/2019/generativos/bab/notes.md,emitters,emitters,30,[10],large,high,"fewer distinct figures (one big pink ring/tangle, a few tapered blobs); much more empty black showing the dot grid",true,:2,false,
2019/generativos/bab,out/2019/generativos/bab/notes.md,det1,det1,random(0.001),"[""random(0.006)""]",large,high,"noisier flow field: strokes longer and straighter, crossing the full canvas at steeper angles; arrangement completely different from baseline",true,:2,false,
2019/generativos/bab,out/2019/generativos/bab/notes.md,step,step,0.4,[1.5],large,high,"faster crawl: trails spread across nearly the whole canvas, ribbons thicker and softer, denser tangle of overlapping walks",true,:2,false,
2019/generativos/bab,out/2019/generativos/bab/notes.md,alpha,alpha,250,[70],none,low,"no visible change: dense overlapping ellipses saturate the alpha, so lowering it barely affects the render",true,:2,false,
2019/generativos/bababa,out/2019/generativos/bababa/notes.md,particles,particles,900,[300],large,high,"sparser field: isolated worm-like curls, large black gaps",true,:2,false,
2019/generativos/bababa,out/2019/generativos/bababa/notes.md,steps,steps,600,[150],large,high,"shorter, stiffer squiggles; individual paths readable, less overlap density",true,:2,false,
2019/generativos/bababa,out/2019/generativos/bababa/notes.md,amp,amp,10-14 * 1.4,[4.2],large,high,"3x step: wider ribbon-like trails covering more area, coarser structure",true,:2,false,
2019/generativos/bababa,out/2019/generativos/bababa/notes.md,alp,alp,10-16 * 2.4,[4.8],large,high,"2x alpha: brighter opaque strokes, many white hotspots where trails cross",true,:2,false,
2019/generativos/bababa,out/2019/generativos/bababa/notes.md,velRot,velrot,2-6,"[""8-20""]",large,high,"fast turning: tight scribble mesh, structure dissolves, dense web with white blotches",true,:2,false,
2019/generativos/balco,out/2019/generativos/balco/notes.md,ss,ss,40,[80],large,high,"global cell scale: bar width, band width/length, bevel grid and dot-grid spacing all double; much coarser composition",true,:2,false,
2019/generativos/balco,out/2019/generativos/balco/notes.md,div,div,width*4/ss (96 cells),"[""width*8/ss""]",none,low,no visible change at seed 42; initial quadtree rect is 4x the canvas so 6 splits leave few giant rects dominating the view,true,:2,false,
2019/generativos/balco,out/2019/generativos/balco/notes.md,splits,splits,6,[10],large,high,"finer background mosaic (31 vs 19 gradient quads); also shifts every later random draw, so bar positions change too",true,:2,false,
2019/generativos/balco,out/2019/generativos/balco/notes.md,bars,bars,300,[100],large,high,"one third as many bars and bands; olive ground, dot grid and background quads become much more visible",true,:2,false,
2019/generativos/balco,out/2019/generativos/balco/notes.md,barH,barh,ss*2.5 (100 px),"[""ss*5 (200 px)""]",moderate,high,"bars double in height (tall pillars); bands drop 200 px instead of 100 px, so the diagonal is steeper",true,:2,false,
2019/generativos/balco,out/2019/generativos/balco/notes.md,bandLen,bandlen,w*15 (300 px),"[""w*30 (600 px)""]",moderate,high,bands twice as long; long continuous diagonals sweeping across most of the canvas,true,:2,false,
2019/generativos/bebo,out/2019/generativos/bebo/notes.md,grid,grid,20,[10],large,high,"finer dot grid and 10px snap step -> denser fine texture, smaller squares",true,:2,false,
2019/generativos/bebo,out/2019/generativos/bebo/notes.md,count,count,60,[120],large,high,"twice as many tunnels -> much denser, busier overlapping web, background barely visible",true,:2,false,
2019/generativos/bebo,out/2019/generativos/bebo/notes.md,steps,steps,700,[1500],subtle,low,"more squares per tunnel -> slightly denser, more continuous ribbons; overall look barely changes",true,:2,false,
2019/generativos/bebo,out/2019/generativos/bebo/notes.md,stroke_alpha,stroke alpha,180,[60],moderate,high,"fainter strokes -> washed-out, translucent, pink-dominant look",true,:2,false,
2019/generativos/bebo,out/2019/generativos/bebo/notes.md,lerp_exponent,lerp exponent,0.6,[1.0],large,high,linear spacing along path -> even square ribbons instead of clusters bunched at the start,true,:2,false,
2019/generativos/berlin001,out/2019/generativos/berlin001/notes.md,bigEllipses,bigellipses,70,[15],large,high,"fewer big alpha ellipses; mid-tone patches disappear, flat fields and striated bands dominate",true,:2,false,
2019/generativos/berlin001,out/2019/generativos/berlin001/notes.md,midCells,midcells,220,[60],moderate,high,thinner mid-cell layer; flower petal fans radiate more prominently across the canvas,true,:2,false,
2019/generativos/berlin001,out/2019/generativos/berlin001/notes.md,flowers,flowers,40,[10],large,high,"fewer rosettes; a few huge flat fields, fewer striation bands, more poster-like",true,:2,false,
2019/generativos/berlin001,out/2019/generativos/berlin001/notes.md,bigSize,bigsize,"random(120,240)*random(0.5,2)","[""random(60,120)*random(0.5,2)""]",none,low,no visible change - layer is fully covered by opaque flowers,true,:2,false,
2019/generativos/berlin001,out/2019/generativos/berlin001/notes.md,bigAlpha,bigalpha,"random(20,180)","[""random(60,255)""]",none,low,no visible change - layer is fully covered by opaque flowers,true,:2,false,
2019/generativos/berlin001,out/2019/generativos/berlin001/notes.md,petals,petals,"random(6, random(12,42))","[""random(6, random(12,18))""]",large,high,"coarser rosettes: fewer, wider petal wedges, broad striated fans",true,:2,false,
2019/generativos/blando,out/2019/generativos/blando/notes.md,sub,sub,1400,[700],large,high,"halve the split count -> visibly larger, coarser cells; targets scale up too",true,:2,false,
2019/generativos/blando,out/2019/generativos/blando/notes.md,cc,cc,"random(8,12)","[""random(2,4)""]",large,high,"fewer rings -> small dot-like targets, flat cell colors dominate",true,:2,false,
2019/generativos/blando,out/2019/generativos/blando/notes.md,ringScale,ringscale,20,[10],large,high,"halo radius halved -> tighter, smaller targets; mosaic structure much more visible",true,:2,false,
2019/generativos/blando,out/2019/generativos/blando/notes.md,ringAlpha,ringalpha,120,[60],moderate,high,"halos much paler/more transparent, flat-color tiling stands out",true,:2,false,
2019/generativos/blando,out/2019/generativos/blando/notes.md,cornerRadius,cornerradius,random(0.5),"[""random(1.0)""]",none,low,no visible change (rounded inset only differs from flat rect at small corners),true,:2,false,
2019/generativos/blue,out/2019/generativos/blue/notes.md,det,det,random(0.001)*4.1,"[""*12.0"",""*1.5""]",moderate,high,"higher multiplier = finer wiggles along the ribbon edges; lower = broader, smoother folds",true,:2,false,
2019/generativos/blue,out/2019/generativos/blue/notes.md,dc,dc,random(0.01),"[""random(0.05)""]",moderate,high,"faster palette cycling: more white/gray mixed into the bands, deep-blue patch relocates",true,:2,false,
2019/generativos/blue,out/2019/generativos/blue/notes.md,alpha,alpha,120,"[40,220]",,unscored,"40 = noticeably paler, more white showing through; 220 = slightly denser, more saturated wash",true,:2,false,
2019/generativos/blue,out/2019/generativos/blue/notes.md,count,count,10000,[3000],moderate,high,"shorter strip covers less of the noise path: fewer, larger sails, sparser star with longer thin spikes",true,:2,false,
2019/generativos/bluevel,out/2019/generativos/bluevel/notes.md,det,det,"random(0.0006,0.001)*0.6",[0.002],large,high,"larger detail = faster ribbon oscillation: finer, denser hatching spreading to the canvas edges; spikier mass silhouette",true,:2,false,
2019/generativos/bluevel,out/2019/generativos/bluevel/notes.md,cc_large,cc large,2000,[6000],large,high,more quads in the wide layer = hatched fringe thickens into full-canvas colored bands,true,:2,false,
2019/generativos/bluevel,out/2019/generativos/bluevel/notes.md,cc_core,cc core,20000,[5000],moderate,high,core stays opaque black but the colored fringe layer shows around its edges,true,:2,false,
2019/generativos/bluevel,out/2019/generativos/bluevel/notes.md,alpha,alpha,150,[30],none,low,no visible change: 20000 overlapping quads saturate the core to opaque black even at alpha 30,true,:2,false,
2019/generativos/bluevel,out/2019/generativos/bluevel/notes.md,dc,dc,random(0.001),[0.05],none,low,no visible change at whole-image level; top hatching lines only shift slightly toward blue,true,:2,false,
2019/generativos/boludo,out/2019/generativos/boludo/notes.md,cc,cc,90,[200],large,high,"more and larger organic blobs; canvas nearly fully covered, little grid ground left",true,:2,false,
2019/generativos/boludo,out/2019/generativos/boludo/notes.md,forms grid,forms grid,400,[700],large,high,"blob cell (grid/4); larger = fewer, much bigger blobs, more ground visible at edges",true,:2,false,
2019/generativos/boludo,out/2019/generativos/boludo/notes.md,blob noise detail,blob noise detail,0.001,[0.003],large,high,"higher = rougher, spikier blob outlines, same layout",true,:2,false,
2019/generativos/boludo,out/2019/generativos/boludo/notes.md,globos noise threshold,globos noise threshold,1.9,[0.9],none,low,no visible change; balloons sit under the blobs and are barely visible already,true,:2,false,
2019/generativos/boludo,out/2019/generativos/boludo/notes.md,lar (ribbon walk steps),lar,500,[150],subtle,low,"ribbons shorter, spread less across the canvas; everything else unchanged",true,:2,false,
2019/generativos/boludo,out/2019/generativos/boludo/notes.md,colors[0],colors 0,#ED61DA,"[""#14B8A6""]",large,high,"pink -> teal: background and every pink fill changes colour, rest identical",true,:2,false,
2019/generativos/bord,out/2019/generativos/bord/notes.md,cc,cc,"random(8, random(12, 32)) — 9 at seed 42",[16],moderate,high,"finer, denser 16x16 grid with smaller squares and dots",true,:2,false,
2019/generativos/bord,out/2019/generativos/bord/notes.md,squareFrac,squarefrac,0.5,[0.8],moderate,high,"squares grow to fill more of each cell, gaps shrink, dots scale up with them",true,:2,false,
2019/generativos/bord,out/2019/generativos/bord/notes.md,midDotFrac,middotfrac,0.5,[0.9],subtle,low,"mid-dots nearly fill the squares, pale tile edges mostly hidden",true,:2,false,
2019/generativos/bord,out/2019/generativos/bord/notes.md,centerDotFrac,centerdotfrac,0.1,[0.3],none,low,"no visible change (center dots 3x larger in code, only 1.5% of pixels differ)",true,:2,false,
2019/generativos/bord,out/2019/generativos/bord/notes.md,squareColorProb,squarecolorprob,0.02,[0.5],subtle,low,"half the squares drawn in palette colors, but overall image stays pale since squares are small",true,:2,false,
2019/generativos/bord,out/2019/generativos/bord/notes.md,background,background,230,[30],large,high,dark charcoal background inverts the mood; pale tiles and dots pop against dark field,true,:2,false,
2019/generativos/brotes,out/2019/generativos/brotes/notes.md,sub,sub,90000,[],none,low,,true,:2,false,
2019/generativos/brotes,out/2019/generativos/brotes/notes.md,ampAng,ampang,1.4,[],none,low,,true,:2,false,
2019/generativos/brotes,out/2019/generativos/brotes/notes.md,desFactor,desfactor,0.9-1.2,[],none,low,,true,:2,false,
2019/generativos/brotes,out/2019/generativos/brotes/notes.md,strokeWeight,strokeweight,1.4,[],none,low,,true,:2,false,
2019/generativos/brotes,out/2019/generativos/brotes/notes.md,alp,alp,60,[],none,low,,true,:2,false,
2019/generativos/brotes,out/2019/generativos/brotes/notes.md,seedCount,seedcount,30,[],none,low,,true,:2,false,
2019/generativos/buibui001,out/2019/generativos/buibui001/notes.md,iterations,iterations,800,[200],large,high,"fewer splits = far fewer, much larger slabs; central cluster becomes coarse, big flat panels dominate",true,:2,false,
2019/generativos/buibui001,out/2019/generativos/buibui001/notes.md,wireAlpha,wirealpha,50,[200],subtle,low,"composition identical; wireframe boxes and marker grids slightly darker, small black top-boxes now visible as dots",true,:2,false,
2019/generativos/buibui001,out/2019/generativos/buibui001/notes.md,cameraZ,cameraz,380,[150],large,high,"camera much closer: buildings larger, steeper close-up recession, panels fill the frame",true,:2,false,
2019/generativos/buibui001,out/2019/generativos/buibui001/notes.md,palette,palette,"[#43748e, #ffc301, #FFE6D8, #F399AB]","[""[#121B4B, #028594, #016C40, #FBAF34, #CF3B13, #E55E7F, #F0D5CA]""]",large,high,"same geometry; colours shift from pastel pink/yellow/cream to orange/teal/green/rose, much more saturated",true,:2,false,
2019/generativos/buibui001,out/2019/generativos/buibui001/notes.md,zoom,zoom,1.3,[1.0],moderate,high,"whole scene slightly smaller, more of the large border panels and surrounding void visible",true,:2,false,
2019/generativos/buibui002,out/2019/generativos/buibui002/notes.md,subs,subs,int(random(200)),"[""int(random(500))""]",large,high,"more horizontal splits -> thinner, more numerous, elongated panels; black gaps widen, circles more prominent; fewer large 3D boxes",true,:2,false,
2019/generativos/buibui002,out/2019/generativos/buibui002/notes.md,vSplits,vsplits,10,[25],large,high,"more horizontal rows -> denser, smaller cells, more fine grid sheets and thin slivers",true,:2,false,
2019/generativos/buibui002,out/2019/generativos/buibui002/notes.md,stars,stars,3000,[10000],large,high,"denser starfield in black background; layout also re-shuffled because the star loop consumes more randoms, shifting all downstream draws",true,:2,false,
2019/generativos/buibui002,out/2019/generativos/buibui002/notes.md,circleAttempts,circleattempts,1000,[4000],large,high,more and larger packed circles cover more of the black background; downstream layout also re-shuffled (circle loop consumes randoms before screens/boxes),true,:2,false,
2019/generativos/buibui002,out/2019/generativos/buibui002/notes.md,stripeCount,stripecount,"int(random(4,18))","[""int(random(4,40))""]",subtle,low,"only striped boxes differ: more, finer horizontal stripes; rest of layout unchanged (same random draw count)",true,:2,false,
2019/generativos/buibui002,out/2019/generativos/buibui002/notes.md,screenFraction,screenfraction,0.6,[0.9],large,high,"more gradient noise 'screen' panels, fewer 3D boxes; mosaic reads flatter, more pink/orange/teal gradient panels and more black gaps with circles",true,:2,false,
2019/generativos/buibui002b,out/2019/generativos/buibui002b/notes.md,subs,subs,"random(50,90)","[""random(150,200)""]",large,high,"denser mosaic: many smaller cells, much more wireframe, more stripe/grid cells",true,:2,false,
2019/generativos/buibui002b,out/2019/generativos/buibui002b/notes.md,screenDetail (max),screendetail,"random(0.002,0.005)*random(0.5,1)","[""random(0.008,0.012)*random(0.5,1)""]",moderate,high,"finer in-screen noise: smaller blobs, grainier fills, more dot-grid cells",true,:2,false,
2019/generativos/buibui002b,out/2019/generativos/buibui002b/notes.md,pwr,pwr,random(20)*random(1),"[""random(0,2)*random(1)""]",subtle,low,"softer banding: smoother colour ramps inside screens, same layout and dominant colours",true,:2,false,
2019/generativos/buibui002b,out/2019/generativos/buibui002b/notes.md,screenFrac (rem),screenfrac,rects.size()*0.8,"[""rects.size()*0.3""]",large,high,"far more plain/striped monitor blocks and empty black cells, few noise screens left",true,:2,false,
2019/generativos/buibui002b,out/2019/generativos/buibui002b/notes.md,colors,colors,pastel 6-colour list,"[""{#121B4B,#028594,#016C40,#FBAF34,#CF3B13,#E55E7F}""]",large,high,"darker, more saturated palette: orange/red/teal/green/deep blue replace pastel pink/blue",true,:2,false,
2019/generativos/buibui003,out/2019/generativos/buibui003/notes.md,subdiv4_count,subdiv4 count,40000,[12000],large,high,"fewer four-way splits -> bigger blocky blocks, sparser fine field",true,:2,false,
2019/generativos/buibui003,out/2019/generativos/buibui003/notes.md,minSize,minsize,4,[16],large,high,"coarser split floor -> uniform mid-scale cells, fine sliver field gone",true,:2,false,
2019/generativos/buibui003,out/2019/generativos/buibui003/notes.md,hsplits,hsplits,320,[64],large,high,fewer horizontal splits -> tall vertical columns of cells,true,:2,false,
2019/generativos/buibui003,out/2019/generativos/buibui003/notes.md,vsplits,vsplits,16,[48],large,high,more vertical splits -> flat horizontal bands and blocks,true,:2,false,
2019/generativos/buibui003,out/2019/generativos/buibui003/notes.md,areaK,areak,0.0082,[0.05],large,high,"stronger area->color coupling: big blocks dark navy/indigo, small cells stay bright",true,:2,false,
2019/generativos/buibui003,out/2019/generativos/buibui003/notes.md,dotCell,dotcell,"[8,20]","[[24,40]]",subtle,low,coarser dot checker; dots on big blocks more widely spaced,true,:2,false,
2019/generativos/buiiin,out/2019/generativos/buiiin/notes.md,count,count,1000,[300],subtle,low,"same seed redraws the random stream so the layout differs, but density looks comparable — the scale dice already shrinks most boxes to tiny",true,:2,false,
2019/generativos/buiiin,out/2019/generativos/buiiin/notes.md,subdiv,subdiv,"random(1,10) per axis","[""random(1,4) per axis""]",subtle,low,lattice cells slightly coarser (fewer bars per grid panel); overall style unchanged,true,:2,false,
2019/generativos/buiiin,out/2019/generativos/buiiin/notes.md,gap,gap,"random(2,5)","[""random(0.5,1.5)""]",subtle,low,"slats a bit thicker, grid panels slightly more filled in",true,:2,false,
2019/generativos/buiiin,out/2019/generativos/buiiin/notes.md,palette,palette,"#F20707,#FCCE4A,#D0DFE8,#F49FAE,#342EE8","[""#ED61DA,#200C2B,#0029BF,#FFE760,#DBD1CB""]",subtle,low,coloured pixels clearly shift to magenta/navy/yellow/pink; score stays subtle because ~85% of the canvas is black,true,:2,false,
2019/generativos/buiiin,out/2019/generativos/buiiin/notes.md,boxWidth,boxwidth,300,[150],moderate,high,"boxes visibly smaller: finer, more numerous small grids, fewer big panels",true,:2,false,
2019/generativos/buo,out/2019/generativos/buo/notes.md,sub,sub,"random(2,20)",[5],moderate,high,"fewer subdivisions = larger cells, much sparser layout",true,:2,false,
2019/generativos/buo,out/2019/generativos/buo/notes.md,cc,cc,"random(10,80)*random(0.2,1)",[1],moderate,high,1-3 boxes per cell = a few large flat slabs instead of dense clusters,true,:2,false,
2019/generativos/buo,out/2019/generativos/buo/notes.md,colors,colors,"#FCF949,#A0ABB2,#030504,#2924B7","[""#FF5500 (blue->orange)""]",subtle,low,same layout; only the blue faces/window-grids recolor to orange,true,:2,false,
2019/generativos/buo,out/2019/generativos/buo/notes.md,boxGrid,boxgrid,"int(random(1,10))",[14],none,low,finer window grids not perceptible (no visible change),true,:2,false,
2019/generativos/buo,out/2019/generativos/buo/notes.md,depth,depth,r.z*0.2,[1.0],moderate,high,"boxes clearly deeper/taller, more 3D volume",true,:2,false,
2019/generativos/buo,out/2019/generativos/buo/notes.md,pointLight,pointlight,"1200,1200,1200",[300],none,low,no effect on render (byte-identical),true,:2,false,
2019/generativos/caritas002,out/2019/generativos/caritas002/notes.md,sub,sub,22,[],,unscored,,true,:2,false,
2019/generativos/caritas003,out/2019/generativos/caritas003/notes.md,sub,sub,10,[16],large,high,"more subdivision iterations -> more, smaller nested faces in the central clusters; also re-seeds all face colours/hair because it shifts the downstream random draw order",true,:2,false,
2019/generativos/caritas003,out/2019/generativos/caritas003/notes.md,hairDensity,hairdensity,0.5,[2.0],moderate,high,"4x more hair strands (cc multiplier, line 319) -> noticeably denser, bushier, more voluminous hair masses; layout/sizes unchanged",true,:2,false,
2019/generativos/caritas003,out/2019/generativos/caritas003/notes.md,palette,palette,"#320399,#E07AFF,#EA1026,#FFD70F,#E5E5E5","[""#043387,#0199DC,#BAD474,#FBE710,#FFE032""]",moderate,high,swaps warm magenta/red/yellow for cool blue/teal/green/yellow/grey; structure and face sizes identical,true,:2,false,
2019/generativos/caritas003,out/2019/generativos/caritas003/notes.md,faceScale,facescale,0.84-0.92,"[""1.25-1.35""]",large,high,"faces ~1.3x their cell (sca, line 186) -> fill and overlap the black gaps, much denser and more crowded, neighbours touch",true,:2,false,
2019/generativos/caritas003,out/2019/generativos/caritas003/notes.md,eyeSize,eyesize,0.2/0.18,"[""0.4/0.36""]",moderate,high,"eyes ~2x wider (ew, line 278) -> large bulging white eyeballs with big coloured irises/pupils",true,:2,false,
2019/generativos/casca,out/2019/generativos/casca/notes.md,sub,sub,int(random(190)),"[""int(random(80))""]",large,high,"fewer quadtree splits: larger, chunkier mosaic cells",true,:2,false,
2019/generativos/casca,out/2019/generativos/casca/notes.md,cc,cc,66,[33],large,high,"coarser grid: larger mosaic leaves, larger grid cells and grid dots",true,:2,false,
2019/generativos/casca,out/2019/generativos/casca/notes.md,det,det,"random(0.0006, 0.001)","[""random(0.002, 0.003)""]",moderate,high,"finer noise detail: tighter, smaller-scale curls in the flow lines",true,:2,false,
2019/generativos/casca,out/2019/generativos/casca/notes.md,flowLinesPerShell,flowlinespershell,(34000/5)/(1+k*0.8),"[""(68000/5)/(1+k*0.8)""]",moderate,high,"denser flow field, stronger outer ring of endpoint dots",true,:2,false,
2019/generativos/casca,out/2019/generativos/casca/notes.md,lar,lar,0.4,[0.8],moderate,high,"longer, more stretched, streaky flow lines",true,:2,false,
2019/generativos/cascada,out/2019/generativos/cascada/notes.md,count,count,40000,[10000],large,high,"far sparser field: salmon background dominates, lines read as short straight dashes",true,:2,false,
2019/generativos/cascada,out/2019/generativos/cascada/notes.md,det,det,random(0.001),[0.0003],moderate,high,"smoother, larger-scale field: flow bends in broad arcs, direction varies more across the canvas",true,:2,false,
2019/generativos/cascada,out/2019/generativos/cascada/notes.md,lar (max walk length),lar,400,[800],moderate,high,"longer continuous streaks, less dotty texture; overall look similar",true,:2,false,
2019/generativos/cascada,out/2019/generativos/cascada/notes.md,str (stroke weight max),str,2,[5],moderate,high,"thicker, chunkier brush-like strokes; background shows through less",true,:2,false,
2019/generativos/cascada,out/2019/generativos/cascada/notes.md,colors[],colors,5-colour pink/blue/green,"[""4-colour blue set {#202130,#193766,#2FABD0,#E6F9FF}""]",large,high,"entire image becomes monochromatic blue (navy background, blue-to-cyan lines)",true,:2,false,
2019/generativos/casis,out/2019/generativos/casis/notes.md,sub,sub,"int(random(0.2,1)*2000*random(0.5,1)), range [200,2000]",[300],large,high,forcing 300 splits makes the mosaic much finer: baseline tiles are further cut into many thin slivers (with seed 42 the baseline landed on a much coarser layout),true,:2,false,
2019/generativos/casis,out/2019/generativos/casis/notes.md,colors,colors,"[#F7A625,#D60606,#E58BA8,#1643A3]","[""[#2F512C,#1643A3,#87426D,#FFFFFF]""]",large,high,"same layout, whole colour story swapped to green/blue/plum/white",true,:2,false,
2019/generativos/casis,out/2019/generativos/casis/notes.md,ch (dot rows),ch,"random(5,20)","[""random(20,40)""]",none,low,no visible change: dot rows denser but dots too small to register,true,:2,false,
2019/generativos/casis,out/2019/generativos/casis/notes.md,dotScale (ww multiplier),dotscale,0.4,[1.2],moderate,high,dots 3x wider: grid texture reads as thick dashes/bars instead of fine squares,true,:2,false,
2019/generativos/casis,out/2019/generativos/casis/notes.md,skipProb,skipprob,0.08,[0.4],large,high,"40% of tiles unpainted instead of 8%: much more black ground, sparser and more fragmented mosaic",true,:2,false,
2019/generativos/ccshd,out/2019/generativos/ccshd/notes.md,rectCount,rectcount,80,[160],large,high,"twice as many squares/boxes/coins; much denser, background gaps nearly vanish",true,:2,true,
2019/generativos/ccshd,out/2019/generativos/ccshd/notes.md,pointCount,pointcount,140,[280],large,high,twice as many small squares; the white triangulation web is denser and more visible,true,:2,true,
2019/generativos/ccshd,out/2019/generativos/ccshd/notes.md,rectSizeMax,rectsizemax,30,[10],moderate,high,boxes and coins become small and uniform; the soft background triangles dominate,true,:2,true,
2019/generativos/ccshd,out/2019/generativos/ccshd/notes.md,palette,palette,"320399,E07AFF,EA1026,FFD70F,E5E5E5","[""025DC4,02201A,489B4D,F5CE4B,F5FFFF""]",large,high,"same layout, entirely different colours (blue/green/teal/yellow/white)",true,:2,true,
2019/generativos/ccshd,out/2019/generativos/ccshd/notes.md,coinProb,coinprob,0.5,[1.0],large,high,"coins (circle + ring on a trapezoid) appear on nearly every box; busier, more ringed circles",true,:2,true,
2019/generativos/cece,out/2019/generativos/cece/notes.md,count,count,100,[200],large,high,"denser skyline: ~2x buildings, more overlap, more windowed facades",true,:2,false,
2019/generativos/cece,out/2019/generativos/cece/notes.md,windowProb,windowprob,0.6,[1.0],large,high,every building gets a window grid (baseline ~60% do); much more punched-out look,true,:2,false,
2019/generativos/cece,out/2019/generativos/cece/notes.md,div,div,"random(20,30)..40","[""random(6,10)..14""]",moderate,high,"coarser grid: fewer, larger window glyphs per building",true,:2,false,
2019/generativos/cece,out/2019/generativos/cece/notes.md,w,w,80+random(4)*40,"[""80+random(8)*40""]",moderate,high,"wider buildings (up to ~360 px), blockier skyline, fewer columns",true,:2,false,
2019/generativos/cece,out/2019/generativos/cece/notes.md,colors,colors,#4703BC #CC8BE0 #EA1E3D #F9CD07 #E5E5E5,"[""#EF3621 #295166 #C9E81E #0F190C #F5FFFF""]",large,high,"fully recoloured: red-orange, dark teal, chartreuse, near-black green, near-white; same composition",true,:2,false,
2019/generativos/chanels,out/2019/generativos/chanels/notes.md,iterations,iterations,28000,[7000],large,high,"fewer iterations = coarser mosaic, big flat blocks dominate",true,:2,false,
2019/generativos/chanels,out/2019/generativos/chanels/notes.md,fill_alpha,fill alpha,80,[255],large,high,"full-alpha ADD fills = darker muddier image with black patches, less blowout",true,:2,false,
2019/generativos/chanels,out/2019/generativos/chanels/notes.md,palette_size,palette size,12,[3],large,high,"3 colours (blue/yellow/magenta) ADD to near-white, strokes and black squares stand out",true,:2,false,
2019/generativos/chanels,out/2019/generativos/chanels/notes.md,child_offset,child offset,0.25,[0.375],large,high,children pushed to corners: denser regular checker of small cells with dark seams,true,:2,false,
2019/generativos/chanels,out/2019/generativos/chanels/notes.md,init_rect_scale,init rect scale,2.8,[1.0],large,high,"seed rect = canvas size: edges fully subdivided, uniform fine mosaic, no giant edge blocks",true,:2,false,
2019/generativos/cirbuil,out/2019/generativos/cirbuil/notes.md,div,div,80,[24],large,high,"coarser sectors: 24 wide radial slabs instead of 80 thin pillars, same vortex shape",true,:2,false,
2019/generativos/cirbuil,out/2019/generativos/cirbuil/notes.md,sub,sub,150,[60],large,high,"fewer rings: rings ~2.5x thicker radially, pillars become wide beams with large flat tops",true,:2,false,
2019/generativos/cirbuil,out/2019/generativos/cirbuil/notes.md,ss,ss,260,[130],large,high,"half max height: flatter vortex, outer pillars clearly lower, more black visible between tops",true,:2,false,
2019/generativos/cirbuil,out/2019/generativos/cirbuil/notes.md,rot,rot,0.11,[0.0],large,high,"no tilt: perfectly centered, symmetric starburst; baseline's off-center tilt and asymmetric edge disappear",true,:2,false,
2019/generativos/cirbuil,out/2019/generativos/cirbuil/notes.md,camZ,camz,710,[400],large,high,"camera closer: much stronger perspective, smaller deeper center, outer ring leaves frame leaving black corners",true,:2,false,
2019/generativos/circNoi,out/2019/generativos/circNoi/notes.md,clusterCount,clustercount,80,[20],large,high,"far fewer, much larger targets; black shows through between clusters",true,:2,false,
2019/generativos/circNoi,out/2019/generativos/circNoi/notes.md,maxRings,maxrings,40,[10],large,high,"thicker flatter bands, coarser colour steps per cluster; still dense",true,:2,false,
2019/generativos/circNoi,out/2019/generativos/circNoi/notes.md,clusterSizeRange,clustersizerange,"random(200,500)","[""random(50,200)""]",large,high,"clusters 4-8x smaller, scattered small targets, lots of black",true,:2,false,
2019/generativos/circNoi,out/2019/generativos/circNoi/notes.md,ampRad,amprad,2,[6],subtle,low,"slightly more irregular ring outlines only (perturbs sample angles, not radii)",true,:2,false,
2019/generativos/circNoi,out/2019/generativos/circNoi/notes.md,paletteYellow,paletteyellow,#FFE760,"[""#7FFF00""]",moderate,high,yellow rings become bright green; composition unchanged,true,:2,false,
2019/generativos/cirnoi,out/2019/generativos/cirnoi/notes.md,pointCount,pointcount,PI*0.5*radius^2*5 (~1.47M),"[""*10 (~2.9M)""]",subtle,low,no visible change; low alpha keeps bands from saturating,true,:2,false,
2019/generativos/cirnoi,out/2019/generativos/cirnoi/notes.md,alphaRange,alpharange,"[20,40]","[[20,150]]",subtle,low,"slightly paler, softer dark bands; structure unchanged",true,:2,false,
2019/generativos/cirnoi,out/2019/generativos/cirnoi/notes.md,lobeSector,lobesector,PI/3 (6 lobes),"[""PI/4 (8 lobes)""]",subtle,low,no clearly visible change in render,true,:2,false,
2019/generativos/cirnoi,out/2019/generativos/cirnoi/notes.md,warpScale,warpscale,100,[300],moderate,high,"stronger noise warp: more torn, irregular rings; less circular boundary",true,:2,false,
2019/generativos/cirnoi,out/2019/generativos/cirnoi/notes.md,palette,palette,F20707/FC9F35/C5B7E8/544EE8/000000,"[""ED61DA/200C2B/0029BF/FFE760/DBD1CB""]",subtle,low,"colours shifted (pink/cream, soft blue, pale yellow, navy shadows) but mean pixel diff stays low; geometry identical",true,:2,false,
2019/generativos/cirnoi,out/2019/generativos/cirnoi/notes.md,twist,twist,"[-0.02, 0.02]","[""[-0.06, 0.06]""]",moderate,high,tighter spiral of many thin concentric rings; 6-lobed pinwheel mostly lost,true,:2,false,
2019/generativos/cirsis,out/2019/generativos/cirsis/notes.md,attempts,attempts,800,[200],moderate,high,fewer packed discs; ring becomes sparse isolated discs with large grey gaps,true,:2,false,
2019/generativos/cirsis,out/2019/generativos/cirsis/notes.md,centerDiscR,centerdiscr,0.42,[0.2],moderate,high,central stippled disc radius halved; packed-disc ring fills the freed central area,true,:2,false,
2019/generativos/cirsis,out/2019/generativos/cirsis/notes.md,dotSizeMax,dotsizemax,6,[12],large,high,"dots up to 2x larger; sparser, chunkier stipple everywhere",true,:2,false,
2019/generativos/cirsis,out/2019/generativos/cirsis/notes.md,spikeP,spikep,0.2,[0.5],none,low,no visible change; extra 1px hair lines below diff threshold,true,:2,false,
2019/generativos/cirsis,out/2019/generativos/cirsis/notes.md,discRadiusStep,discradiusstep,16,[32],large,high,"packed discs 2x larger (32..224 px); ring of big discs, fewer fit the packing",true,:2,false,
2019/generativos/cirsis,out/2019/generativos/cirsis/notes.md,spikeLen,spikelen,4,[8],none,low,no visible change; doubled 1px hair length below diff threshold,true,:2,false,
2019/generativos/ciscis,out/2019/generativos/ciscis/notes.md,subdivisions,subdivisions,100,[30],large,high,"coarser quadtree: far fewer, much larger triangles; prisms sparser, built on larger cells, read as long thin spikes",true,:2,true,
2019/generativos/ciscis,out/2019/generativos/ciscis/notes.md,prismHeight,prismheight,200,[600],moderate,high,"prisms up to 3x taller: towers stretch higher, dot grids elongated; ground plane unchanged",true,:2,true,
2019/generativos/ciscis,out/2019/generativos/ciscis/notes.md,prismSkip,prismskip,0.4,[0.1],large,high,"~90% of triangles become prisms: much denser dark upper-center cluster, dot texture and wireframe across most of the plane",true,:2,true,
2019/generativos/ciscis,out/2019/generativos/ciscis/notes.md,groundSkip,groundskip,0.2,[0.0],large,high,solid black triangular holes disappear; ground fully faceted - confirms the black triangles are ground triangles skipped in the flat pass,true,:2,true,
2019/generativos/ciscis,out/2019/generativos/ciscis/notes.md,groundFillFrom,groundfillfrom,#ff66fc,"[""#66fcff""]",moderate,high,ground facets shift from magenta/white to cyan/white (both lerped to light gray); holes and wireframe unchanged,true,:2,true,
2019/generativos/ciscis,out/2019/generativos/ciscis/notes.md,windowSub,windowsub,20,[8],moderate,high,"sparser 8x8 dot grids: window stipple texture lighter and thinner, wireframe more visible",true,:2,true,
2019/generativos/ciscis002,out/2019/generativos/ciscis002/notes.md,splits,splits,100,[30],large,high,"coarser quadtree: fewer, much larger faceted towers with thick window bands and big flat roof planes",true,:2,true,
2019/generativos/ciscis002,out/2019/generativos/ciscis002/notes.md,camTiltX,camtiltx,"PI*0.25+random(-0.3,0.2)","[""PI*0.1+random(-0.3,0.2)""]",large,high,"flatter camera: near-ground view of tall facades, big foreground roof planes, dense cluster pushed to one side",true,:2,true,
2019/generativos/ciscis002,out/2019/generativos/ciscis002/notes.md,zoom,zoom,2.1,[1.2],large,high,"zoomed out: whole city block visible as an island in black, edge ground plane with its window boxes shows",true,:2,true,
2019/generativos/ciscis002,out/2019/generativos/ciscis002/notes.md,winSub,winsub,"int(random(16,23))","[""int(random(6,10))""]",large,high,"much larger, chunkier window boxes on every wall; buildings themselves unchanged",true,:2,true,
2019/generativos/ciscis002,out/2019/generativos/ciscis002/notes.md,hMax,hmax,200,[80],large,high,"short low-rise towers; flat roof planes dominate, whole block reads flatter from the same camera",true,:2,true,
2019/generativos/ciscity,out/2019/generativos/ciscity/notes.md,subdivIterations,subdiviterations,180,[90],large,high,"fewer subdivisions -> much coarser blocks, larger flat triangles, sparser window bands",true,:2,true,
2019/generativos/ciscity,out/2019/generativos/ciscity/notes.md,heightMax,heightmax,200,[400],none,low,"invisible: ortho top-down camera, extrusion is pure z, window xy positions do not depend on h",true,:2,true,
2019/generativos/ciscity,out/2019/generativos/ciscity/notes.md,windowProbFace1,windowprobface1,0.4,[0.9],large,high,"more side faces get window grids -> far denser black/white striped bands, larger dark ground areas between them",true,:2,true,
2019/generativos/ciscity,out/2019/generativos/ciscity/notes.md,windowSize,windowsize,14,[30],large,high,windows ~2x bigger -> stripes become chunky thick bars instead of fine lines,true,:2,true,
2019/generativos/ciscity,out/2019/generativos/ciscity/notes.md,zoom,zoom,2.2,[3.5],large,high,"zooms into the scene, same structure but fewer larger triangles and fatter stripes visible",true,:2,true,
2019/generativos/ciscity,out/2019/generativos/ciscity/notes.md,topGray,topgray,"random(180,210)","[""random(120,150)""]",moderate,high,"building tops/walls become mid-gray, lower contrast against black/white windows, flatter look",true,:2,true,
2019/generativos/ciserp,out/2019/generativos/ciserp/notes.md,pointCount,pointcount,220,[60],large,high,"fewer seed points: sparse, clearly separated tufts on white ground",true,:2,false,
2019/generativos/ciserp,out/2019/generativos/ciserp/notes.md,maxAlp,maxalp,"random(160,240)","[""random(60,120)""]",subtle,low,"subtle: strokes slightly fainter/airier, composition otherwise unchanged",true,:2,false,
2019/generativos/ciserp,out/2019/generativos/ciserp/notes.md,maxDisFactor,maxdisfactor,0.4,[1.2],large,high,"3x longer strokes: huge radial fans that cover almost the whole canvas, background mostly hidden",true,:2,false,
2019/generativos/ciserp,out/2019/generativos/ciserp/notes.md,det,det,"random(0.01, 0.05)","[""random(0.002, 0.01)""]",large,high,"lower noise scale: bigger, more uniform circular bursts, straighter parallel spokes, less wandering",true,:2,false,
2019/generativos/ciserp,out/2019/generativos/ciserp/notes.md,amp,amp,"random(250,320)","[""random(40,80)""]",moderate,high,"smaller angular swing: straighter paths, smaller tighter tufts, less spread",true,:2,false,
2019/generativos/ciserp,out/2019/generativos/ciserp/notes.md,black,black,"random(0.6,0.9)","[""random(0.0,0.2)""]",moderate,high,"less lerp toward black: brighter, more saturated palette, gold/ochre dominates",true,:2,false,
2019/generativos/colidion,out/2019/generativos/colidion/notes.md,detSize,detsize,"random(0.0008,0.001)*3","[""random(0.0008,0.001)*6""]",large,high,"finer noise field: big green/yellow blobs become more numerous, smaller and spread evenly across the canvas",true,:2,false,
2019/generativos/colidion,out/2019/generativos/colidion/notes.md,maxSize,maxsize,width*0.5,"[""width*0.25""]",large,high,all circles half the size; no big blobs remain; dense field of small coral/red circles with violet dots,true,:2,false,
2019/generativos/colidion,out/2019/generativos/colidion/notes.md,sizePow,sizepow,1.8,[3.0],large,high,"steeper size distribution: few isolated large blobs, many more mid-size pink circles and small dots",true,:2,false,
2019/generativos/colidion,out/2019/generativos/colidion/notes.md,flattenLerp,flattenlerp,0.45,[0.8],subtle,low,same layout; cell edges slightly flatter at contacts; no visible change overall,true,:2,false,
2019/generativos/colidion,out/2019/generativos/colidion/notes.md,stippleDensity,stippledensity,PI*0.4,"[""PI*0.8""]",subtle,low,"denser, grainier stippled fills; layout and colours unchanged",true,:2,false,
2019/generativos/consta,out/2019/generativos/consta/notes.md,spoke_count,spoke count,30,[60],subtle,low,"denser starburst, more overlapping spokes toward center",true,:2,false,
2019/generativos/consta,out/2019/generativos/consta/notes.md,box_rows,box rows,2,[4],subtle,low,wider band of dashes per spoke (4 offset rows),true,:2,false,
2019/generativos/consta,out/2019/generativos/consta/notes.md,box_scale,box scale,sss*0.2/0.5/0.2,"[""sss*0.5/1.0/0.5""]",subtle,low,"chunkier dashes, fat dashed spokes",true,:2,false,
2019/generativos/consta,out/2019/generativos/consta/notes.md,spoke_length,spoke length,"width*random(0.3,0.5)","[""width*random(0.5,0.9)""]",subtle,low,"spokes reach near the canvas edges, more coverage",true,:2,false,
2019/generativos/consta,out/2019/generativos/consta/notes.md,dash_spacing,dash spacing,"sss=random(10,20)","[""sss=random(30,60)""]",subtle,low,"fewer, larger, more widely spaced dashes",true,:2,false,
2019/generativos/consta,out/2019/generativos/consta/notes.md,palette,palette,5 warm colors,"[""5 cool colors""]",none,low,warm->cool hue shift; metric reads none (starburst covers ~4% of black canvas; variant frame confirmed 0 warm-palette px),true,:2,false,
2019/generativos/corbata,out/2019/generativos/corbata/notes.md,cc,cc,"3..8 (int(random(40,90)*0.09))",[12],large,high,cells per tile: 12 gives a fine dense mosaic of tiny cells,true,:2,false,
2019/generativos/corbata,out/2019/generativos/corbata/notes.md,div,div,2,[3],moderate,high,"tile grid: 3 -> 4x4 = 16 smaller tiles, denser X of borders",true,:2,false,
2019/generativos/corbata,out/2019/generativos/corbata/notes.md,rotation,rotation,HALF_PI*0.5 (45 deg),"[""HALF_PI*0.25 (22.5 deg)""]",moderate,high,"tilted square grid instead of diamonds, shallower border bands",true,:2,false,
2019/generativos/corbata,out/2019/generativos/corbata/notes.md,borderSub,bordersub,"20..34 (random(10,18)*2)",[60],moderate,high,"finer, denser chevron ring, narrower woven border band",true,:2,false,
2019/generativos/corbata,out/2019/generativos/corbata/notes.md,circleProb,circleprob,0.2,[0.5],moderate,high,"circles dominate, fewer olive squares",true,:2,false,
2019/generativos/corbata,out/2019/generativos/corbata/notes.md,palette,palette,warm 7-colour list,"[""{#E1E8E0,#F5CE4B,#FC5801,#025DC4,#02201A,#489B4D}""]",moderate,high,"sage background, greener squares, yellow-orange circles; overall look stays similar",true,:2,false,
2019/generativos/cubit,out/2019/generativos/cubit/notes.md,cc,cc,20,[10],subtle,low,"coarser grid: larger cubes, coarser denser web",true,:2,false,
2019/generativos/cubit,out/2019/generativos/cubit/notes.md,cubeCount,cubecount,50,[150],subtle,low,"denser, more overlapping lattice",true,:2,false,
2019/generativos/cubit,out/2019/generativos/cubit/notes.md,strokeWeight,strokeweight,1.4,[3.5],subtle,low,"thicker, heavier lines",true,:2,false,
2019/generativos/cubit,out/2019/generativos/cubit/notes.md,normalAlpha,normalalpha,250,[60],none,low,no visible change at this diff threshold,true,:2,false,
2019/generativos/cubit,out/2019/generativos/cubit/notes.md,redYellowChance,redyellowchance,2/3,"[""1/3""]",subtle,low,blue cubes more prominent in the mix,true,:2,false,
2019/generativos/cubit,out/2019/generativos/cubit/notes.md,smallChance,smallchance,1/8,"[""1/2""]",subtle,low,many more half/quarter-size cubes interleaved,true,:2,false,
2019/generativos/cucu,out/2019/generativos/cucu/notes.md,pointCount,pointcount,40000,[20000],moderate,high,"same style; halving candidates shifts which points the rejection pass keeps, so composition changes (sparser strands, bigger dark gaps)",true,:2,false,
2019/generativos/cucu,out/2019/generativos/cucu/notes.md,maxSize,maxsize,0.09,[0.03],large,high,dashes become much thinner; image turns fine and hairy with more white from additive overlap,true,:2,false,
2019/generativos/cucu,out/2019/generativos/cucu/notes.md,rotxFreq,rotxfreq,5,[1.5],moderate,high,"smoother orientation field: strands form longer coherent arcs, overall flow more diagonal",true,:2,false,
2019/generativos/cucu,out/2019/generativos/cucu/notes.md,detCol,detcol,0.1,[1.0],moderate,high,"coarser colour field: red/orange/indigo spread as larger smooth patches, same swirl geometry",true,:2,false,
2019/generativos/cucu,out/2019/generativos/cucu/notes.md,alpha,alpha,light,[255],large,high,"fully opaque dashes: brighter, more saturated image, overlaps blow out to white, reds more vivid",true,:2,false,
2019/generativos/cuerpos,out/2019/generativos/cuerpos/notes.md,cc,cc,0,[40],large,high,activates dormant scatter layer of tiny noise blobs; also shifts downstream RNG so the figures re-pose,true,:2,false,
2019/generativos/cuerpos,out/2019/generativos/cuerpos/notes.md,detDesMul,detdesmul,0.125,[1.0],none,low,10x magnitude-field detail: no visible change to silhouettes,true,:2,false,
2019/generativos/cuerpos,out/2019/generativos/cuerpos/notes.md,desMag,desmag,50,[120],subtle,low,"stronger displacement: slightly wavier, thinner-looking limbs, same composition",true,:2,false,
2019/generativos/cuerpos,out/2019/generativos/cuerpos/notes.md,bodies,bodies,3,[1],moderate,high,number of figures; 1 reads as sparse on the 960px canvas,true,:2,false,
2019/generativos/cuerpos,out/2019/generativos/cuerpos/notes.md,tamMul,tammul,"0.5,0.6","[""0.9,1.1""]",large,high,"figure scale ~2x: limbs fatten, figures overlap and bleed off-canvas",true,:2,false,
2019/generativos/cuerpos,out/2019/generativos/cuerpos/notes.md,torsoH,torsoh,0.5,[0.25],none,low,first figure's torso only; silhouette nearly identical to baseline,true,:2,false,
2019/generativos/culebra,out/2019/generativos/culebra/notes.md,grid,grid,80,[40],moderate,high,"cell size of the underlying grid; 40 doubles cells to 24x24, finer grid lines and more, smaller squares/beams",true,:2,false,
2019/generativos/culebra,out/2019/generativos/culebra/notes.md,snakeCount,snakecount,60,[120],subtle,low,"number of wavy snake trails; 120 makes the centre denser and busier, same trail style",true,:2,false,
2019/generativos/culebra,out/2019/generativos/culebra/notes.md,ddd,ddd,"random(50,250)","[""random(50,500)""]",subtle,low,trail length in steps; 500 lets some trails stretch much longer across the canvas,true,:2,false,
2019/generativos/culebra,out/2019/generativos/culebra/notes.md,ss,ss,"4*int(random(2,16))","[""8*int(random(2,16))""]",moderate,high,"trail dot size; doubled makes trails thick, heavy, saturated ribbons that dominate the image",true,:2,false,
2019/generativos/culebra,out/2019/generativos/culebra/notes.md,det,det,random(0.001),"[""random(0.004)""]",none,low,noise detail for per-cell dot size; 4x higher had no visible effect (dots look the same),true,:2,false,
2019/generativos/culebra02,out/2019/generativos/culebra02/notes.md,grid,grid,80,[120],moderate,high,"larger cells: fewer, bigger blocks/dots, snakes snapped to a coarser grid",true,:2,false,
2019/generativos/culebra02,out/2019/generativos/culebra02/notes.md,snake_count,snake count,60,"[20,150]",subtle,low,fewer snakes = sparser canvas; 150 = denser but score stays subtle (snakes are small vs canvas),true,:2,false,
2019/generativos/culebra02,out/2019/generativos/culebra02/notes.md,trail_length,trail length,"random(50,250)","[""random(10,60)""]",subtle,low,snakes shrink to short wiggles and rings; long fading tails disappear,true,:2,false,
2019/generativos/culebra02,out/2019/generativos/culebra02/notes.md,snake_size,snake size,"4*int(random(2,16))","[""8*int(random(2,16))""]",moderate,high,trails become thick fat ribbons instead of thin dotted lines,true,:2,false,
2019/generativos/culebra02,out/2019/generativos/culebra02/notes.md,background,background,240,[0],large,high,"black canvas: all elements glow at high contrast, grid lines turn white",true,:2,false,
2019/generativos/culebra02_169,out/2019/generativos/culebra02_169/notes.md,grid,grid,80,[40],large,high,"half cell size: finer, denser grid; more and smaller solid colour squares; snake sizes unchanged (they scale with width/960, not grid)",true,:2,false,
2019/generativos/culebra02_169,out/2019/generativos/culebra02_169/notes.md,ddd,ddd,"random(50,250)","[""random(100,500)""]",subtle,low,"a few snake trails become clearly longer (long yellow band, long squiggle); overall density similar",true,:2,false,
2019/generativos/culebra02_169,out/2019/generativos/culebra02_169/notes.md,snakeCount,snakecount,60*sca (=120),"[""30*sca (=60)""]",subtle,low,some trails missing; central cluster slightly sparser,true,:2,false,
2019/generativos/culebra02_169,out/2019/generativos/culebra02_169/notes.md,patchAlpha,patchalpha,random(255)*random(1),"[""random(100)*random(1)""]",none,low,no visible change (patches mostly hidden under the snake cluster),true,:2,false,
2019/generativos/culebra02_169,out/2019/generativos/culebra02_169/notes.md,dotFactor,dotfactor,0.1,[0.5],none,low,no visible change (grid dots are small and mostly covered),true,:2,false,
2019/generativos/culebra02_169,out/2019/generativos/culebra02_169/notes.md,palette,palette,5-colour list,"[""6-colour alt list""]",moderate,high,"recolours the whole piece: orange, green, dark navy and mustard replace yellow/cyan/magenta candy colours",true,:2,false,
2019/generativos/curvinas,out/2019/generativos/curvinas/notes.md,pointCount,pointcount,90,[180],moderate,high,"double the circles; large disks overlap into dense clusters, white background mostly covered",true,:2,false,
2019/generativos/curvinas,out/2019/generativos/curvinas/notes.md,lineCount,linecount,20,[40],none,low,no visible change; added lines are thin and sparse on a 960px canvas (1-2% of pixels),true,:2,false,
2019/generativos/curvinas,out/2019/generativos/curvinas/notes.md,lineDetail,linedetail,0.01,[0.03],subtle,low,"higher noise frequency: lines wobble at a smaller scale, same overall layout",true,:2,false,
2019/generativos/curvinas,out/2019/generativos/curvinas/notes.md,sizeStep,sizestep,10,[20],moderate,high,"double the circle sizes; big disks dominate and merge into large colour patches, centre dots also double",true,:2,false,
2019/generativos/curvinas,out/2019/generativos/curvinas/notes.md,margin,margin,"random(20,50)","[""random(250,350)""]",moderate,high,"circles confined to the central ~400px: one dense cluster, canvas edges empty, lines short",true,:2,false,
2019/generativos/curvinas,out/2019/generativos/curvinas/notes.md,strokeWeight,strokeweight,"random(1,1,6)","[""random(1,1,14)""]",none,low,"no visible change overall; a few wavy lines read slightly thicker, only ~1% of pixels differ",true,:2,false,
2019/generativos/dadano,out/2019/generativos/dadano/notes.md,cc,cc,"random(10,22)",[8],large,high,"coarser grid: bigger cells, bigger markers and blocks, ~8 agents, same character at larger scale",true,:2,false,
2019/generativos/dadano,out/2019/generativos/dadano/notes.md,bb,bb,10,[80],moderate,high,"wider empty margin: whole composition inset 80px, thick pink border around it",true,:2,false,
2019/generativos/dadano,out/2019/generativos/dadano/notes.md,subdiv_iterations,subdiv iterations,30,[8],moderate,high,"fewer, larger, less fragmented subdivision blocks; more plain background shows",true,:2,false,
2019/generativos/dadano,out/2019/generativos/dadano/notes.md,point_count,point count,"pow(cc,1.4)","[""pow(cc*2,1.4)""]",moderate,high,"twice as many scattered colour squares; busier field, same agents",true,:2,false,
2019/generativos/dadano,out/2019/generativos/dadano/notes.md,connect_radius,connect radius,220,[400],none,low,"no visible change: connection lines are stroke(255,240,245,40) at weight 0.4, too faint to see even doubled",true,:2,false,
2019/generativos/dadatata,out/2019/generativos/dadatata/notes.md,cc,cc,400,[1200],moderate,high,"3x longer strands: denser, hairier tangle with long visible strokes; colour masses cover more of the frame",true,:2,false,
2019/generativos/dadatata,out/2019/generativos/dadatata/notes.md,maxAmp,maxamp,0-100 (random),"[""0-400 (random)""]",moderate,high,"colour masses unchanged; points scatter further and far more elliptical rings become visible, especially in the red region",true,:2,false,
2019/generativos/dadatata,out/2019/generativos/dadatata/notes.md,detCol,detcol,0-0.0005 (random),"[""0-0.0025 (random)""]",moderate,high,much coarser colour field: large purple-grey cells bounded by red vein-like lines instead of fine speckle,true,:2,false,
2019/generativos/dadatata,out/2019/generativos/dadatata/notes.md,alp,alp,50-100 (random),"[""15-30 (random)""]",moderate,high,lower alpha removes the ADD blow-out: smooth grainy red/pink and white/grey masses instead of blown-out white cores,true,:2,false,
2019/generativos/dadatata,out/2019/generativos/dadatata/notes.md,k,k,22000,[8000],moderate,high,"sparser, airier tangle: same red/grey/blue regions with more black showing between strands",true,:2,false,
2019/generativos/demolision,out/2019/generativos/demolision/notes.md,colors,colors,"#F15005,#7C8EFA,#FFFFFF","[""#00C853,#2962FF,#FFEB3B""]",large,high,palette swap to green/blue/yellow; layout identical,false,:2,false,non-deterministic baseline; only large changes are reliable
2019/generativos/demolision,out/2019/generativos/demolision/notes.md,iterations,iterations,500,[250],large,high,"fewer subdivision steps -> fewer, larger rects, coarser tiling",false,:2,false,non-deterministic baseline; only large changes are reliable
2019/generativos/demolision,out/2019/generativos/demolision/notes.md,noiseDetail,noisedetail,2,[5],subtle,low,more noise octaves; no clear visible difference at frame 1,false,:2,false,non-deterministic baseline; only large changes are reliable
2019/generativos/demolision,out/2019/generativos/demolision/notes.md,fov,fov,"PI/random(1.2,3)","[""PI/1.2""]",large,high,"wider fixed FOV -> plates loom larger, sharper vanishing point, whole view reframed",false,:2,false,non-deterministic baseline; only large changes are reliable
2019/generativos/demolision,out/2019/generativos/demolision/notes.md,tiltX,tiltx,"HALF_PI*random(0.4,0.9)","[""HALF_PI*0.2""]",large,high,"shallower tilt -> near top-down view, flat plane receding to a low horizon",false,:2,false,non-deterministic baseline; only large changes are reliable
2019/generativos/demolision,out/2019/generativos/demolision/notes.md,slabThickness,slabthickness,h*0.05,"[""h*0.5""]",moderate,high,10x thicker slabs -> chunky stacked-block towers instead of thin slabs,false,:2,false,non-deterministic baseline; only large changes are reliable
2019/generativos/distancia,out/2019/generativos/distancia/notes.md,sub,sub,2000,[4000],moderate,high,"finer, denser mosaic: the same large plates get subdivided further, smaller squares, denser grid",true,:2,false,
2019/generativos/distancia,out/2019/generativos/distancia/notes.md,dotCount,dotcount,1000,[3000],moderate,high,"extra random() draws shift the quadtree's random stream, so the whole layout re-randomises; the yellow dots themselves stay hidden under the rects",true,:2,false,
2019/generativos/distancia,out/2019/generativos/distancia/notes.md,dotSize,dotsize,4,[12],none,low,no visible change: dots are covered by the leaf rects,true,:2,false,
2019/generativos/distancia,out/2019/generativos/distancia/notes.md,shadowAlpha,shadowalpha,90,[200],moderate,high,"the offset dark-blue shadow underlayer becomes much darker, grid reads as strong navy lines",true,:2,false,
2019/generativos/distancia,out/2019/generativos/distancia/notes.md,boxScale,boxscale,0.1,[0.3],none,low,no visible change: boxes stay subpixel at leaf sizes (mean 0.0),true,:2,false,
2019/generativos/distancia,out/2019/generativos/distancia/notes.md,fov,fov,"PI/random(2,3)","[""PI/random(1.2,1.6)""]",large,high,wider FOV projects the whole plane smaller with stronger perspective; tan margin appears around the tilted mosaic,true,:2,false,
2019/generativos/dondon,out/2019/generativos/dondon/notes.md,cc,cc,500,[200],large,high,"coarser voxel grid; individual boxes visible, background shows through gaps/corners",true,:2,false,
2019/generativos/dondon,out/2019/generativos/dondon/notes.md,sizeMul,sizemul,1.4,[1.0],moderate,high,"field = width (not 1.4x); finer grain, colour pattern zoomed in",true,:2,false,
2019/generativos/dondon,out/2019/generativos/dondon/notes.md,strokeAlpha,strokealpha,40,[140],moderate,high,grid lines become a heavy dark mesh; colours look muted,true,:2,false,
2019/generativos/dondon,out/2019/generativos/dondon/notes.md,tiltX,tiltx,HALF_PI*0.2,[0],moderate,high,"flatter face-on view; less depth, bottom shadow wedge largely gone",true,:2,false,
2019/generativos/dondon,out/2019/generativos/dondon/notes.md,detSize,detsize,*0.4,"[""*2.0""]",subtle,low,no visible change at this grid scale,true,:2,false,
2019/generativos/dondon,out/2019/generativos/dondon/notes.md,paletteCycles,palettecycles,16,[8],moderate,high,"fewer, bolder, larger colour bands",true,:2,false,
2019/generativos/dondon003,out/2019/generativos/dondon003/notes.md,cc,cc,900,[300],large,high,coarser grid cells; streaks are fixed-length in buffer pixels so they look much longer; field also re-rolled (non-deterministic),false,:2,false,non-deterministic baseline; only large changes are reliable
2019/generativos/dondon003,out/2019/generativos/dondon003/notes.md,detCol,detcol,"random(0.02,0.026)*0.04 (~0.0009)","[""*0.12 (~0.0027)""]",large,high,colour blobs noticeably smaller and more fragmented/mottled; field re-rolled too,false,:2,false,non-deterministic baseline; only large changes are reliable
2019/generativos/dondon003,out/2019/generativos/dondon003/notes.md,streakCount,streakcount,400,[10],large,high,"dashes almost vanish (one visible); large score is mostly the field re-roll, not the parameter",false,:2,false,non-deterministic baseline; only large changes are reliable
2019/generativos/dondon003,out/2019/generativos/dondon003/notes.md,palette,palette,10-colour rainbow (#043387..#6A0E80),"[""7-colour warm/dark (#121B4B..#F0D5CA)""]",large,high,complete recolour: orange/pink/cream/dark navy instead of yellow/cyan/magenta,false,:2,false,non-deterministic baseline; only large changes are reliable
2019/generativos/dondon003,out/2019/generativos/dondon003/notes.md,rotZ,rotz,"HALF_PI*random(0.5,2)","[""HALF_PI*random(0.01)""]",large,high,grid and streaks become axis-aligned instead of rotated; field re-rolled too,false,:2,false,non-deterministic baseline; only large changes are reliable
2019/generativos/duros,out/2019/generativos/duros/notes.md,alpha_mult,alpha mult,0.4,[1.0],large,high,"3x stroke alpha: whole image far brighter, ribbons blow out near-white",true,:2,false,
2019/generativos/duros,out/2019/generativos/duros/notes.md,strokeWeight,strokeweight,2,[1],moderate,high,"thinner strokes: texture darker and finer, ribbons slightly less bright",true,:2,false,
2019/generativos/duros,out/2019/generativos/duros/notes.md,defAmp,defamp,100,[30],moderate,high,"smaller displacement: denser, more uniform texture; ribbons become wider defined bands",true,:2,false,
2019/generativos/duros,out/2019/generativos/duros/notes.md,larMax,larmax,60,[15],moderate,high,4x shorter strokes: mostly dark canvas with faint ribbon traces,true,:2,false,
2019/generativos/duros,out/2019/generativos/duros/notes.md,gridStep,gridstep,2,[6],moderate,high,"9x fewer sample points: nearly black, only faint ribbon traces remain",true,:2,false,
2019/generativos/duros,out/2019/generativos/duros/notes.md,bb,bb,30,[240],moderate,high,draw region shrinks to a centred square with black border,true,:2,false,
2019/generativos/duros,out/2019/generativos/duros/notes.md,quantizedFlowDisplacement,quantizedflowdisplacement,,,,unscored,,true,:2,false,
2019/generativos/duros,out/2019/generativos/duros/notes.md,shortFlowHatch,shortflowhatch,,,,unscored,,true,:2,false,
2019/generativos/duros,out/2019/generativos/duros/notes.md,paletteLerpColor,palettelerpcolor,,,,unscored,,true,:2,false,
2019/generativos/escaleras,out/2019/generativos/escaleras/notes.md,cc,cc,"random(20, 40)",[24],large,high,"coarser grid: bigger boxes and bigger sheets, more black background visible",true,:2,false,
2019/generativos/escaleras,out/2019/generativos/escaleras/notes.md,keepProb,keepprob,0.1,[0.5],large,high,"5x more cells kept; frame nearly fully covered, black background mostly gone",true,:2,false,
2019/generativos/escaleras,out/2019/generativos/escaleras/notes.md,sub,sub,8,[16],moderate,high,same sheet layout but each sheet built from smaller boxes; finer texture,true,:2,false,
2019/generativos/escaleras,out/2019/generativos/escaleras/notes.md,boxScale,boxscale,0.94,[0.7],moderate,high,smaller boxes; black seams appear between boxes inside each sheet,true,:2,false,
2019/generativos/escaleras,out/2019/generativos/escaleras/notes.md,planeType,planetype,int(random(3)),[0],large,high,all sheets on the i==j plane; strong parallel diagonal bands with large black areas,true,:2,false,
2019/generativos/escaleras,out/2019/generativos/escaleras/notes.md,palette,palette,E65EC9/5265E8/F2F481/81F498/52D8E8,"[""B2354A/3A48A5/D69546/683910/46BCC9""]",large,high,"warm dark palette: brick, orange, blue, brown, teal instead of bright magenta/blue/yellow/green/cyan",true,:2,false,
2019/generativos/festin,out/2019/generativos/festin/notes.md,pointCount,pointcount,120,[40],large,high,"lower = far larger, sparser triangles, mostly empty dark canvas",true,:2,false,
2019/generativos/festin,out/2019/generativos/festin/notes.md,solidProb,solidprob,0.12,[0.5],large,high,higher = many more solid-colour triangles filling the mesh,true,:2,false,
2019/generativos/festin,out/2019/generativos/festin/notes.md,hatchProb,hatchprob,0.04,[0.2],large,high,"higher = many more black/white striped triangles, now dominating",true,:2,false,
2019/generativos/festin,out/2019/generativos/festin/notes.md,webAlpha,webalpha,40,[120],moderate,high,higher = grey triangulation web clearly visible across canvas,true,:2,false,
2019/generativos/festin,out/2019/generativos/festin/notes.md,minDist,mindist,10,[30],large,high,"higher = fewer points kept, larger sparser triangles, more empty regions",true,:2,false,
2019/generativos/fibra,out/2019/generativos/fibra/notes.md,strands,strands,8,[4],moderate,high,half as many bundles; each bundle is denser and thicker,true,:2,false,
2019/generativos/fibra,out/2019/generativos/fibra/notes.md,strokesPerStrand,strokesperstrand,"random(60,200)*18","[""random(20,60)*18""]",moderate,high,"sparser, thinner hair-like bundles",true,:2,false,
2019/generativos/fibra,out/2019/generativos/fibra/notes.md,amp,amp,random(0.4),"[""random(1.5)""]",moderate,high,"fork splay widens to near-90deg; feathery, fan-like strokes",true,:2,false,
2019/generativos/fibra,out/2019/generativos/fibra/notes.md,alpha,alpha,80,[220],moderate,high,much more opaque; saturated orange mass with dark maroon overlaps,true,:2,false,
2019/generativos/fibra,out/2019/generativos/fibra/notes.md,distScale,distscale,60,[200],moderate,high,bundles break apart into large chaotic radial fans,true,:2,false,
2019/generativos/fibra,out/2019/generativos/fibra/notes.md,strokeScale,strokescale,250,[100],moderate,high,shorter bristlier strokes; narrower bundles with visible central spine,true,:2,false,
2019/generativos/fields,out/2019/generativos/fields/notes.md,subdivisions,subdivisions,290,"[90,590]",large,high,"lower = coarser chunkier facets, central tunnel collapses to a small cluster; higher = fine mosaic, tunnel widens into a band",true,:2,true,
2019/generativos/fields,out/2019/generativos/fields/notes.md,pickFraction,pickfraction,0.5,[1.0],large,high,"1.0 subdivides uniformly; deep central tunnel disappears, dense fine clusters move to corners/edges",true,:2,true,
2019/generativos/fields,out/2019/generativos/fields/notes.md,stippleDensity,stippledensity,5,[20],large,high,"4x more stipple dots; grain dominates, facets read as uniform grainy metal",true,:2,true,
2019/generativos/fields,out/2019/generativos/fields/notes.md,flapAlpha,flapalpha,200,[60],large,high,"flaps nearly transparent; flatter, brighter, washed-out pastel surface with overlapping colours, less relief contrast",true,:2,true,
2019/generativos/fields,out/2019/generativos/fields/notes.md,tiltX,tiltx,0.25,[0.1],large,high,"less edge-on, more top-down view; flatter mosaic, weaker depth recession",true,:2,true,
2019/generativos/finas,out/2019/generativos/finas/notes.md,lineCount,linecount,80,[40],subtle,low,"fewer, sparser strands; more open background, same texture",true,:2,false,
2019/generativos/finas,out/2019/generativos/finas/notes.md,subMult,submult,8,[16],moderate,high,"denser dots; strands read more continuous, busier and more interwoven",true,:2,false,
2019/generativos/finas,out/2019/generativos/finas/notes.md,maxSize,maxsize,"random(5,9)*random(0.5,1.2)","[""random(5,9)*random(0.5,2.4)""]",moderate,high,larger beads; chunkier dotted texture,true,:2,false,
2019/generativos/finas,out/2019/generativos/finas/notes.md,disAmp,disamp,100,[200],moderate,high,"wider meanders; looser, more curved, more wandering strands",true,:2,false,
2019/generativos/finas,out/2019/generativos/finas/notes.md,detAng,detang,"random(0.003,0.004)","[""random(0.006,0.008)""]",moderate,high,"tighter, finer ripples and curls along the strands",true,:2,false,
2019/generativos/finas,out/2019/generativos/finas/notes.md,dotAlpha,dotalpha,60,[200],subtle,low,"more opaque dots; strands more solid and colours stronger, layout unchanged",true,:2,false,
2019/generativos/floflores,out/2019/generativos/floflores/notes.md,count,count,90,"[45,180]",large,high,"45 -> sparser scene, more black space (moderate); 180 -> canvas fully covered, additive white-pink wash (large)",true,:2,false,
2019/generativos/floflores,out/2019/generativos/floflores/notes.md,amp2,amp2,s*0.5,"[""s*1.0""]",moderate,high,spokes extend twice as far: wide halo detached from small core disc,true,:2,false,
2019/generativos/floflores,out/2019/generativos/floflores/notes.md,sub,sub,random(0.2),"[""random(0.05)""]",large,high,"fewer spokes per flower; also shifts the random stream, re-randomising most of the composition",true,:2,false,
2019/generativos/floflores,out/2019/generativos/floflores/notes.md,lineAlpha,linealpha,"random(10,50)","[""*0.2""]",large,high,"spokes ~5x fainter: fine dust of thin speckles, weaker additive washes; stream shift re-randomises spoke angles",true,:2,false,
2019/generativos/floflores,out/2019/generativos/floflores/notes.md,palette,palette,warm 5-colour,"[""cool 5-colour""]",large,high,"identical layout, colours swapped to blues/teal/pale cream on black",true,:2,false,
2019/generativos/flofloresb,out/2019/generativos/flofloresb/notes.md,count,count,60,[120],large,high,"double the flowers; same big fan, more small/medium ones filling gaps",true,:2,false,
2019/generativos/flofloresb,out/2019/generativos/flofloresb/notes.md,sub,sub,"PI*(s/2)^2*random(0.2)*random(0.6,1)","[""PI*(s/2)^2*random(0.8)*random(0.6,1)""]",large,high,4x spokes; fans become dense solid discs of hatching covering most of canvas,true,:2,false,
2019/generativos/flofloresb,out/2019/generativos/flofloresb/notes.md,spokeAlpha,spokealpha,"random(10,50)*random(1.2)","[""random(40,90)""]",large,high,"spokes opaque; each fan becomes a solid filled fan, two giant fans dominate frame",true,:2,false,
2019/generativos/flofloresb,out/2019/generativos/flofloresb/notes.md,background,background,10,[210],large,high,"light grey ground; fans read pale/washed, dark glow lost, discs pop against light bg",true,:2,false,
2019/generativos/flofloresb,out/2019/generativos/flofloresb/notes.md,amp2,amp2,s*0.5,"[""s*0.9""]",large,high,fans 1.8x longer; golden spokes fill whole canvas around unchanged discs,true,:2,false,
2019/generativos/floreros,out/2019/generativos/floreros/notes.md,dotCount,dotcount,900,[300],subtle,low,"field ~1/3 as dense; same colour patches and spiral clusters, more background showing",true,:2,false,
2019/generativos/floreros,out/2019/generativos/floreros/notes.md,sizeScale,sizescale,20,[40],moderate,high,"all dots 2x diameter, heavy overlap into dense clumps, painted area ~3x baseline",true,:2,false,
2019/generativos/floreros,out/2019/generativos/floreros/notes.md,detType,dettype,0.01,[0.002],subtle,low,noise field nearly constant: dot size and colour become almost uniform across the canvas,true,:2,false,
2019/generativos/floreros,out/2019/generativos/floreros/notes.md,palette,palette,EB4313 E9CA54 684C61 749AB2,"[""89EBFF 8FFF3F EF2F00 3DFF53 FCD200""]",moderate,high,same dot layout recoloured bright green/red-orange/yellow; background tint turns dark green,true,:2,false,
2019/generativos/floreros,out/2019/generativos/floreros/notes.md,rotateX,rotatex,"PI*random(0.15,0.3)","[""PI*random(0.5,0.7)""]",subtle,low,"dots flatten into thinner slivers, less overall painted coverage",true,:2,false,
2019/generativos/flowers,out/2019/generativos/flowers/notes.md,turns,turns,"random(5,9)","[""random(12,14)""]",subtle,low,"tighter winding, but silhouette and colour unchanged (0.1% of pixels)",true,:2,false,
2019/generativos/flowers,out/2019/generativos/flowers/notes.md,div,div,8,[16],large,high,"flatter, more concentric; outer band reaches canvas edge",true,:2,false,
2019/generativos/flowers,out/2019/generativos/flowers/notes.md,s,s,width*0.4,"[""width*0.25""]",moderate,high,"smaller flower, more white margin",true,:2,false,
2019/generativos/flowers,out/2019/generativos/flowers/notes.md,sub,sub,300,[600],large,high,finer winding; colour drift per point doubles -> saturated red instead of pale pink,true,:2,false,
2019/generativos/flowers,out/2019/generativos/flowers/notes.md,colors,colors,"[""#EF3621"",""#295166"",""#C9E81E"",""#0F190C"",""#F5FFFF""]","[""#333A95"",""#FFDC15"",""#FC9CE6"",""#31F5C2"",""#1E9BF3""]",large,high,monochrome steel blue (lerp between the two blue neighbours dominates),true,:2,false,
2019/generativos/galon,out/2019/generativos/galon/notes.md,sub,sub,8000,[4000],large,high,fewer splits -> larger blocks; ADD saturates whole regions to white,true,:2,false,
2019/generativos/galon,out/2019/generativos/galon/notes.md,skipProbability,skipprobability,0.8,[0.5],large,high,"skipping half the rects -> darker, sparser, more black gaps",true,:2,false,
2019/generativos/galon,out/2019/generativos/galon/notes.md,alp,alp,30,[100],large,high,halo bands much stronger; blocks read as outlined glowing slabs,true,:2,false,
2019/generativos/galon,out/2019/generativos/galon/notes.md,amp,amp,random(20),"[""random(50)""]",large,high,"halos spread further; image blooms, glow wider, dark core softer",true,:2,false,
2019/generativos/galon,out/2019/generativos/galon/notes.md,edgeAlpha,edgealpha,200,[100],subtle,low,"blocks slightly darker, highlights weaker; structure unchanged",true,:2,false,
2019/generativos/galon,out/2019/generativos/galon/notes.md,palette,palette,warm 5 (red/yellow/blue/pink/cream),"[""cool 5 (navy/cyan/indigo/green/slate)""]",large,high,identical structure in cool cyan/teal/blue/green tones,true,:2,false,
2019/generativos/gaton,out/2019/generativos/gaton/notes.md,sub,sub,240,"[120,480]",large,high,"split iterations; lower = fewer, larger-dominant motifs with dark gaps; higher = denser field of more small eyes",true,:2,false,
2019/generativos/gaton,out/2019/generativos/gaton/notes.md,discScale,discscale,0.6,[1.2],large,high,multiplier on ss (cream disc size); doubling makes huge overlapping cream discs dominate and cover the background,true,:2,false,
2019/generativos/gaton,out/2019/generativos/gaton/notes.md,amp,amp,0.6,[1.2],large,high,multiplier on iris ellipse size; doubling gives much larger red/blue/yellow irises relative to the cream discs,true,:2,false,
2019/generativos/gaton,out/2019/generativos/gaton/notes.md,creamAlpha,creamalpha,240,[80],moderate,high,"alpha of the cream disc; lower makes discs translucent, darker background shows through, colours read duller",true,:2,false,
2019/generativos/gaton,out/2019/generativos/gaton/notes.md,pickBias,pickbias,0.2,[1.0],large,high,"factor in the rect pick index; 1.0 picks rects uniformly so big rects get split more - eye sizes become more uniform, fewer tiny specks",true,:2,false,
2019/generativos/gova,out/2019/generativos/gova/notes.md,dotCount,dotcount,3800,[800],moderate,high,"thinner horizon band: fewer coloured specks, sparser dark brown base; sky/ground/trees unchanged",true,:2,false,
2019/generativos/gova,out/2019/generativos/gova/notes.md,grassCount,grasscount,38000,[9000],moderate,high,"ground lighter and sparser: rust base more visible, vertical strokes thinner",true,:2,false,
2019/generativos/gova,out/2019/generativos/gova/notes.md,treeCount,treecount,70,[15],subtle,low,about 15 trees instead of ~70; rest of scene identical,true,:2,false,
2019/generativos/gova,out/2019/generativos/gova/notes.md,skyAlpha,skyalpha,20,[80],subtle,low,"sky darker and more saturated, individual rectangles distinct, haze reduced",true,:2,false,
2019/generativos/gova,out/2019/generativos/gova/notes.md,skyCount,skycount,9000,[2000],moderate,high,sky lighter with large whitish gaps where rectangles are missing,true,:2,false,
2019/generativos/gova,out/2019/generativos/gova/notes.md,accentPalette,accentpalette,6-colour warm list (gova.pde:147),"[""blue/green list (gova.pde:153)""]",none,low,no visible change - palette only tints the ~2px coloured dots at the horizon,true,:2,false,
2019/generativos/gova,out/2019/generativos/gova/notes.md,noisePatchSky,noisepatchsky,,,,unscored,,true,:2,false,
2019/generativos/gova,out/2019/generativos/gova/notes.md,segmentedTree,segmentedtree,,,,unscored,,true,:2,false,
2019/generativos/gova,out/2019/generativos/gova/notes.md,stippledGround,stippledground,,,,unscored,,true,:2,false,
2019/generativos/gradd,out/2019/generativos/gradd/notes.md,cc,cc,800,[200],,unscored,,true,:2,false,
2019/generativos/gradd,out/2019/generativos/gradd/notes.md,ccc,ccc,"int(random(1200,2000)*16)","[""*4""]",,unscored,,true,:2,false,
2019/generativos/gradd,out/2019/generativos/gradd/notes.md,strokeAlpha,strokealpha,10,[50],,unscored,,true,:2,false,
2019/generativos/gradd,out/2019/generativos/gradd/notes.md,ampX,ampx,"random(1,6)","[""random(1,1.2)""]",,unscored,,true,:2,false,
2019/generativos/gradd,out/2019/generativos/gradd/notes.md,det,det,random(0.001)*0.1,"[""random(0.004)*0.1""]",,unscored,,true,:2,false,
2019/generativos/gradd,out/2019/generativos/gradd/notes.md,colors,colors,blue/orange/magenta 5-color list,"[""pink/purple/yellow/green/cyan list""]",,unscored,,true,:2,false,
2019/generativos/grillo,out/2019/generativos/grillo/notes.md,sub,sub,200,"[60,500]",large,high,"lower = fewer, much larger blocks; higher = many thin strips, busier",true,:2,false,
2019/generativos/grillo,out/2019/generativos/grillo/notes.md,splitRange,splitrange,"random(0.2, 0.8)","[""random(0.4, 0.6)""]",moderate,high,"near-50/50 splits -> more uniform cell sizes, fewer extreme thin strips",true,:2,false,
2019/generativos/grillo,out/2019/generativos/grillo/notes.md,shadowAlpha,shadowalpha,140,[40],subtle,low,fainter drop shadows; layout and colour unchanged,true,:2,false,
2019/generativos/grillo,out/2019/generativos/grillo/notes.md,knobScale,knobscale,0.12,[0.25],moderate,high,centred discs ~2x bigger; some now exceed the smallest rects,true,:2,false,
2019/generativos/grills,out/2019/generativos/grills/notes.md,cc,cc,"int(random(30,40)*0.8) ~ 24-32","[""12-16""]",large,high,"coarser grid of big squares; circle layer dominates, grid reads washed-out",true,:2,false,
2019/generativos/grills,out/2019/generativos/grills/notes.md,alp2,alp2,random(180)*random(1),[40],subtle,low,"second diagonal gradient much fainter; cells slightly flatter, barely perceptible",true,:2,false,
2019/generativos/grills,out/2019/generativos/grills/notes.md,specksPerCell,speckspercell,5,[15],large,high,3x more small squares along cell edges; noticeably busier texture (circle layout also shifts: random stream changes),true,:2,false,
2019/generativos/grills,out/2019/generativos/grills/notes.md,circleAttempts,circleattempts,120,[40],large,high,"fewer circles (same grid, same first candidates); grid much more visible",true,:2,false,
2019/generativos/grills,out/2019/generativos/grills/notes.md,innerSquareProb,innersquareprob,0.2,[0.6],none,low,"no visible change; added squares are small (<=0.4*ss), only ~1% of pixels",true,:2,false,
2019/generativos/grillsss,out/2019/generativos/grillsss/notes.md,cc,cc,"random(40,120)*0.5","[""random(120,200)*0.5""]",large,high,"grid ~3x finer/denser; more colour circles, line strands; big blobs and corner rects kept at similar anchors",true,:2,false,
2019/generativos/grillsss,out/2019/generativos/grillsss/notes.md,dotScale,dotscale,0.12,[0.3],moderate,high,black grid dots clearly bigger; the 8% oversize dots become huge black circles spanning cells; layout otherwise identical,true,:2,false,
2019/generativos/grillsss,out/2019/generativos/grillsss/notes.md,dotSkip,dotskip,0.5,[0.2],large,high,much denser scatter of colour circles (~80% of grid cells instead of ~50%); rest of layout unchanged,true,:2,false,
2019/generativos/grillsss,out/2019/generativos/grillsss/notes.md,blobs,blobs,90,[200],moderate,high,more cluster blobs -> more big colour circles and white-centred targets spread wider; squiggle endpoints spread so waves cross whole canvas incl. corners,true,:2,false,
2019/generativos/grillsss,out/2019/generativos/grillsss/notes.md,squiggles,squiggles,20,[60],subtle,low,"3x as many wavy lines, now reaching the corners; thin strokes keep pixel change modest",true,:2,false,
2019/generativos/grillsss,out/2019/generativos/grillsss/notes.md,noiseDet,noisedet,random(0.01),"[""random(0.03)""]",subtle,low,squiggles tighter and more jagged (denser wave pattern); overall layout unchanged,true,:2,false,
2019/generativos/griton,out/2019/generativos/griton/notes.md,sub,sub,1200,[400],large,high,"fewer iterations = visibly larger, coarser blocks and fewer thin slivers",true,:2,false,
2019/generativos/griton,out/2019/generativos/griton/notes.md,"pickBias (random(0.6,1) lower bound)",pickbias lower bound,0.6,[0.2],large,high,layout fully reshuffled; same mix of big blocks and thin strips (bias only shifts which rects get split),true,:2,false,
2019/generativos/griton,out/2019/generativos/griton/notes.md,baseAlpha,basealpha,250,[120],subtle,low,blocks slightly more translucent; overall impression nearly unchanged,true,:2,false,
2019/generativos/griton,out/2019/generativos/griton/notes.md,bandAlpha (alp),bandalpha,200,[80],moderate,high,"gradient streaks much softer; image reads flatter, more white/cream shows through",true,:2,false,
2019/generativos/griton,out/2019/generativos/griton/notes.md,streakAmp (random(24) bound),streakamp bound,24,[2],moderate,high,"directional gradient streaks become short; mosaic look, less haze",true,:2,false,
2019/generativos/griton,out/2019/generativos/griton/notes.md,palette,palette,"{#BF0505,#F7B72E,#A6BED8,#EA529B,#DDDAC9}","[""{#1B3A5C,#3D7EA6,#7FB7BE,#C9D6E0,#2E4A3F}""]",large,high,"identical composition, entirely cool navy/steel-blue/teal/green instead of red/amber/pink",true,:2,false,
2019/generativos/hogar,out/2019/generativos/hogar/notes.md,candidates,candidates,50000,[20000],large,high,"sparser field, fewer houses, more white background showing",true,:2,false,
2019/generativos/hogar,out/2019/generativos/hogar/notes.md,det,det,"random(0.002, 0.003)*1.8","[""random(0.002, 0.003)*3.6""]",large,high,"higher-frequency size field; mottled mix of large and small houses, new pale zone mid-right",true,:2,false,
2019/generativos/hogar,out/2019/generativos/hogar/notes.md,maxShapeSize,maxshapesize,0.2,[0.08],large,high,"all houses small; fine uniform texture, the big red/orange blobs disappear",true,:2,false,
2019/generativos/hogar,out/2019/generativos/hogar/notes.md,zScale,zscale,2.2,[4.4],large,high,"heavier overlap; canvas nearly fully covered, white background barely visible",true,:2,false,
2019/generativos/hogar,out/2019/generativos/hogar/notes.md,drawProb,drawprob,0.5,[0.1],large,high,noticeably sparser with many gaps; same layout and colours,true,:2,false,
2019/generativos/hogar,out/2019/generativos/hogar/notes.md,colorBias,colorbias,0.2,[1.0],moderate,high,"linear lerp shows mid-blend colours (purple, cream, muted blues); geometry unchanged",true,:2,false,
2019/generativos/inside,out/2019/generativos/inside/notes.md,bb,bb,8,[16],large,high,"larger cell unit -> fewer, larger subdivisions; grain becomes sparse and faint on a mostly-white field",true,:2,false,
2019/generativos/inside,out/2019/generativos/inside/notes.md,div,div,50000,[300],large,high,"fewer subdivision steps -> a few large readable Mondrian blocks, much lighter grain, airy",true,:2,false,
2019/generativos/inside,out/2019/generativos/inside/notes.md,grain (w*h multiplier in shadow),grain,1.0,[0.01],large,high,100x fewer shadow points -> blocks stop filling; only a sparse scattered dot field remains,true,:2,false,
2019/generativos/inside,out/2019/generativos/inside/notes.md,colors palette,colors palette,"1100FF,FF2200,2F3034,FFC338,CAC9C5","[""EF9F00,E56300,D15A3D,D08C8B,68376D""]",large,high,warm orange/purple palette replaces the cool blue dominance; structure unchanged,true,:2,false,
2019/generativos/inside,out/2019/generativos/inside/notes.md,shadow point alpha,shadow point alpha,150,[40],large,high,"lower point alpha -> paler, more translucent grain; white shows through, washed-out pastel",true,:2,false,
2019/generativos/japon,out/2019/generativos/japon/notes.md,bigCircleTries,bigcircletries,1000,[300],moderate,high,"fewer, more scattered suns; blue ground and hair field more visible",true,:2,false,
2019/generativos/japon,out/2019/generativos/japon/notes.md,bigSize,bigsize,0.4,[0.7],large,high,fewer but larger suns with bigger stippled rings; mesh facets larger and more prominent,true,:2,false,
2019/generativos/japon,out/2019/generativos/japon/notes.md,hairTries,hairtries,10000,[3000],moderate,high,sparser dot/hair field; large bare blue patches,true,:2,false,
2019/generativos/japon,out/2019/generativos/japon/notes.md,hairSize,hairsize,0.002,[0.006],moderate,high,3x thicker dots and strokes; field reads as a dense black texture,true,:2,false,
2019/generativos/japon,out/2019/generativos/japon/notes.md,hairLen,hairlen,5-8,"[""20-30""]",subtle,low,no visible change beyond strokes being slightly longer,true,:2,false,
2019/generativos/japon,out/2019/generativos/japon/notes.md,triSkip,triskip,0.5,[0.15],large,high,near-complete tiling of orange/yellow/olive facets; blue ground almost covered,true,:2,false,
2019/generativos/laditos,out/2019/generativos/laditos/notes.md,sub,sub,"int(random(10,30)*0.8)",[8],large,high,"fewer splits = fewer, wider strips; large flat fields, wide red strip with only a few big squares",true,:2,false,
2019/generativos/laditos,out/2019/generativos/laditos/notes.md,div,div,"random(0.25,0.75)","[""random(0.05,0.15)""]",large,high,uneven ratios = one giant strip dominates plus a dense cluster of hairline slivers with tiny squares,true,:2,false,
2019/generativos/laditos,out/2019/generativos/laditos/notes.md,colors,colors,4-colour vivid list,"[""6-colour pastel list""]",large,high,"same structure, whole image in soft pastels (pale yellow, pink, sky blue, orange, white, grey)",true,:2,false,
2019/generativos/laditos,out/2019/generativos/laditos/notes.md,dd,dd,"r.w*random(0.2,0.3)","[""r.w*random(0.45,0.55)""]",moderate,high,"squares ~2x wider, filling most of each strip; fewer rows, background mostly hidden",true,:2,false,
2019/generativos/laditos,out/2019/generativos/laditos/notes.md,gradient chance,gradient chance,0.2,[0.8],large,high,"almost every square becomes a vertical two-colour gradient (yellow-to-blue, red-to-purple); solid squares mostly gone",true,:2,false,
2019/generativos/laditos,out/2019/generativos/laditos/notes.md,alp1,alp1,random(50),"[""random(150)""]",subtle,low,half-strip black shading clearly stronger: visible dark vertical band along one edge of many strips,true,:2,false,
2019/generativos/lains,out/2019/generativos/lains/notes.md,mul,mul,"random(0.95,0.97)+0.025",[0.85],moderate,high,"wider, thicker, fewer rings on the central and scattered bullseyes",true,:2,false,
2019/generativos/lains,out/2019/generativos/lains/notes.md,ss,ss,80,[140],moderate,high,"colored dots substantially larger, covering much more of the canvas",true,:2,false,
2019/generativos/lains,out/2019/generativos/lains/notes.md,points,points,28,[10],subtle,low,fewer colored dots (sparser scatter); the ring field dominates so the diff stays small,true,:2,false,
2019/generativos/lains,out/2019/generativos/lains/notes.md,cc,cc,20,[8],subtle,low,"hatched blocks have fewer, wider vertical bars (small element, barely shifts the image)",true,:2,false,
2019/generativos/lains,out/2019/generativos/lains/notes.md,rsize,rsize,"width*random(0.2,0.4)",[0.35],large,high,"scattered bullseye rings much larger, overlapping heavily and filling most of the canvas",true,:2,false,
2019/generativos/lalalan,out/2019/generativos/lalalan/notes.md,gridStep,gridstep,20,[40],large,high,coarser mosaic grid; grid dots/squares and big-patch positions sparser and more open,true,:2,true,
2019/generativos/lalalan,out/2019/generativos/lalalan/notes.md,bigPatchProb,bigpatchprob,0.06,[0.12],large,high,"fuller, more saturated colour field with less white showing",true,:2,true,
2019/generativos/lalalan,out/2019/generativos/lalalan/notes.md,lineCount,linecount,1000,[400],moderate,high,sparser bright line web; fewer thin H/V lines,true,:2,true,
2019/generativos/lalalan,out/2019/generativos/lalalan/notes.md,targetCount,targetcount,40,[100],moderate,high,about 2.5x more bullseye targets and pie wedges,true,:2,true,
2019/generativos/lalalan,out/2019/generativos/lalalan/notes.md,targetSizeMul,targetsizemul,6,[2],subtle,low,targets and wedges on average smaller; look still dominated by mosaic and lines,true,:2,true,
2019/generativos/lalan,out/2019/generativos/lalan/notes.md,cc,cc,"int(random(120,160)*0.2) -> 24-31 cells","[""*0.4 -> 48-62 cells""]",large,high,all elements on the grid halve in size; black blocks and speckle become much denser and finer,true,:2,false,
2019/generativos/lalan,out/2019/generativos/lalan/notes.md,dotCount,dotcount,2000,[500],large,high,speckle of tiny coloured dots far sparser; grey ground shows through between dots,true,:2,false,
2019/generativos/lalan,out/2019/generativos/lalan/notes.md,blockCount,blockcount,200,[80],moderate,high,black pixel blocks reduced to scattered clusters; large colour blobs read more clearly,true,:2,false,
2019/generativos/lalan,out/2019/generativos/lalan/notes.md,blobCount,blobcount,20,[6],large,high,"only a few big translucent circles remain; much more grey field, blocks sit on grey",true,:2,false,
2019/generativos/lalan,out/2019/generativos/lalan/notes.md,mediumCircleCount,mediumcirclecount,60,[12],none,low,no visible change (small circles are tiny; 2.5% of pixels),true,:2,false,
2019/generativos/lalan,out/2019/generativos/lalan/notes.md,ringCount,ringcount,5,[15],none,low,subtle: more thin outline rings visible (15 vs 5) but strokes occupy only ~2% of pixels,true,:2,false,
2019/generativos/lasser,out/2019/generativos/lasser/notes.md,sub,sub,60,[20],large,high,"fewer subdivision iterations = fewer, larger, softer blocks; much coarser layout",true,:2,false,
2019/generativos/lasser,out/2019/generativos/lasser/notes.md,ddd,ddd,4,[8],large,high,"more passes = more opaque saturated colour, more hatched blocks, higher contrast",true,:2,false,
2019/generativos/lasser,out/2019/generativos/lasser/notes.md,alp,alp,20,[60],moderate,high,"thicker wash = palette reads much more saturated, less grey, same geometry",true,:2,false,
2019/generativos/lasser,out/2019/generativos/lasser/notes.md,detCol,detcol,"random(0.002, 0.003)*0.12","[""random(0.002, 0.003)*0.5""]",moderate,high,finer noise scale = mottled smaller colour patches; geometry and bars unchanged,true,:2,false,
2019/generativos/lasser,out/2019/generativos/lasser/notes.md,hatchProb,hatchprob,0.01,[0.5],large,high,"most blocks become densely striped hatching; heavy red/orange, high contrast",true,:2,false,
2019/generativos/lasser,out/2019/generativos/lasser/notes.md,ss,ss,"random(20, 180)","[""random(20, 400)""]",moderate,high,longer soft gradient bands fading outward from rect edges; subtle overall halo,true,:2,false,
2019/generativos/lavita02,out/2019/generativos/lavita02/notes.md,lar,lar,*26 (0-26 steps),"[""*8 (0-8 steps)""]",large,high,same layout/border; much darker and less saturated (shorter strands accumulate less under ADD); only the top-left orange streak stays bright,true,:2,false,
2019/generativos/lavita02,out/2019/generativos/lavita02/notes.md,stroke alpha,stroke alpha,38,[120],large,high,"much brighter: large areas blow out to white/cyan/magenta/yellow, pastel washed-out silk, weave still visible",true,:2,false,
2019/generativos/lavita02,out/2019/generativos/lavita02/notes.md,amp,amp,20,[60],large,high,"much stronger displacement: huge white glowing ribbons/loops, big black notches at top, exaggerated lobes, stretched interior",true,:2,false,
2019/generativos/lavita02,out/2019/generativos/lavita02/notes.md,bb,bb,50,[200],large,high,"cloth shrinks to ~560 px centred in a large black margin; colours, brightness and texture unchanged",true,:2,false,
2019/generativos/lavita02,out/2019/generativos/lavita02/notes.md,detAng,detang,random(0.001),"[""random(0.003)""]",none,low,no visible change - frame identical to baseline,true,:2,false,
2019/generativos/lavita03,out/2019/generativos/lavita03/notes.md,sub,sub,400,[200],large,high,"fewer subdivisions -> larger, coarser blocky cells; left bands broaden",true,:2,false,
2019/generativos/lavita03,out/2019/generativos/lavita03/notes.md,amp,amp,20,[40],large,high,"warp amplitude doubled -> stronger S-curves, more stretched/bent contours",true,:2,false,
2019/generativos/lavita03,out/2019/generativos/lavita03/notes.md,alpha,alpha,38,[120],large,high,"higher stroke alpha -> much more ADD saturation, whiter/brighter, colours wash out",true,:2,false,
2019/generativos/lavita03,out/2019/generativos/lavita03/notes.md,lar,lar,26,[60],large,high,"longer per-pixel strokes -> smoother flowing ribbons, more white streaks, less fine grain",true,:2,false,
2019/generativos/lavita03,out/2019/generativos/lavita03/notes.md,detCol,detcol,0.0004-0.0006 *1.4,"[""*4""]",moderate,high,"finer colour-noise scale -> busier, finer-grained colour mottling, same flow structure",true,:2,false,
2019/generativos/leles,out/2019/generativos/leles/notes.md,cc,cc,"random(20,50)",[30],moderate,high,"coarser grid -> fewer, larger, more angular wedges",true,:2,false,
2019/generativos/leles,out/2019/generativos/leles/notes.md,fanCount,fancount,200,[400],moderate,high,"denser canvas, larger saturated wedges, more overlap",true,:2,false,
2019/generativos/leles,out/2019/generativos/leles/notes.md,alpha,alpha,"random(40,180)","[""random(120,255)""]",subtle,low,fan lines read denser/more visible; composition unchanged,true,:2,false,
2019/generativos/leles,out/2019/generativos/leles/notes.md,lenFrac,lenfrac,"random(0.15,0.35)","[""random(0.5,0.8)""]",moderate,high,"much longer fans, large sweeping wedges across the canvas",true,:2,false,
2019/generativos/leles,out/2019/generativos/leles/notes.md,gridAlpha,gridalpha,"random(20,40)*0.9",[100],moderate,high,"grid strongly visible, darkens and structures the whole composition",true,:2,false,
2019/generativos/leles,out/2019/generativos/leles/notes.md,colors,colors,"{#4C8E58,#D00202,#F7D20D,#66B6CD}","[""{#6789AA,#3A3A3A,#9DAAAB,#F7743B}""]",moderate,high,"cool blues/greys with orange accents, same wedge structure",true,:2,false,
2019/generativos/lightcity,out/2019/generativos/lightcity/notes.md,subdivisions,subdivisions,100,[200],moderate,high,"finer rect subdivision -> more, smaller triangles -> denser, smaller buildings and finer window texture",true,:2,true,
2019/generativos/lightcity,out/2019/generativos/lightcity/notes.md,heightMax,heightmax,300,[600],moderate,high,"taller towers; windows extend higher, more vertical spread",true,:2,true,
2019/generativos/lightcity,out/2019/generativos/lightcity/notes.md,windowGrid,windowgrid,16-28,"[""8-14""]",moderate,high,"fewer, larger windows; coarser, more legible grid per face",true,:2,true,
2019/generativos/lightcity,out/2019/generativos/lightcity/notes.md,litWindowColor,litwindowcolor,"255,220,200","[""255,240,150""]",none,low,no visible change; hue shift too small to register,true,:2,true,
2019/generativos/lightcity,out/2019/generativos/lightcity/notes.md,litFraction,litfraction,0.2-0.8 * random,"[""0.5-0.9 * random""]",subtle,low,"slightly more lit windows per face; faces a touch brighter, same structure",true,:2,true,
2019/generativos/lightcityLines,out/2019/generativos/lightcityLines/notes.md,maxHeight (random(300) in height line),maxheight in height line,300,[100],large,high,"shorter slabs, lower flatter skyline, fewer solid-black clusters, more white",true,:2,false,
2019/generativos/lightcityLines,out/2019/generativos/lightcityLines/notes.md,nSubdiv (loop count),nsubdiv,40,[80],large,high,"finer tile patchwork, many more small faces, busier denser image with more black patches",true,:2,false,
2019/generativos/lightcityLines,out/2019/generativos/lightcityLines/notes.md,winRes (sub1 range),winres,"random(16,28)*0.5 = 8-13","[""random(6,10)*0.5 = 3-5""]",moderate,high,"fewer, taller windows per face; faces read as dense vertical hatching",true,:2,false,
2019/generativos/lightcityLines,out/2019/generativos/lightcityLines/notes.md,strokeWeight,strokeweight,0.3,[1.0],large,high,"much heavier image: strokes thicken into solid black masses, windows merge",true,:2,false,
2019/generativos/lightcityLines,out/2019/generativos/lightcityLines/notes.md,zoom (scale()),zoom,2,[4],large,high,"closer view: larger tiles and windows, fewer buildings in frame, more empty white ground",true,:2,false,
2019/generativos/lightcityLines,out/2019/generativos/lightcityLines/notes.md,winW (ww range),winw,"random(0.2,0.9)","[""random(0.85,0.95)""]",moderate,high,"windows wider with less gap; faces denser, overall structure similar to baseline",true,:2,false,
2019/generativos/lilililinn,out/2019/generativos/lilililinn/notes.md,count,count,100,[250],large,high,denser field; bars overlap into a woven mosaic with fewer dark gaps,true,:2,false,
2019/generativos/lilililinn,out/2019/generativos/lilililinn/notes.md,barLength,barlength,200,[450],large,high,longer bars; longer continuous striped runs and more crossing/overlap,true,:2,false,
2019/generativos/lilililinn,out/2019/generativos/lilililinn/notes.md,subdivisions,subdivisions,20*(1..4) i.e. 40-80,"[""4*(1..4) i.e. 4-16""]",moderate,high,thicker strips; bars read as chunky banded blocks instead of fine hatching,true,:2,false,
2019/generativos/lilililinn,out/2019/generativos/lilililinn/notes.md,gridSize,gridsize,40,[100],moderate,high,"coarser 100px snap; bars align to fewer, more regular columns",true,:2,false,
2019/generativos/lilililinn,out/2019/generativos/lilililinn/notes.md,glowAlpha,glowalpha,12,[60],moderate,high,stronger halo; large soft circular glows now clearly visible around each dot,true,:2,false,
2019/generativos/limo002,out/2019/generativos/limo002/notes.md,iterations,iterations,20000,[4000],large,high,"5x fewer emitters: sparse field; discrete starburst/asterisk spikes and short curved strands, lots of white between them",false,:2,false,non-deterministic baseline; only large changes are reliable
2019/generativos/limo002,out/2019/generativos/limo002/notes.md,det,det,"random(0.0006,0.0008)*0.8","[""random(0.003,0.005)""]",large,high,"higher noise zoom: strands shorter, curlier, finer; field reads darker and denser, clear 5% white margin",false,:2,false,non-deterministic baseline; only large changes are reliable
2019/generativos/limo002,out/2019/generativos/limo002/notes.md,amp,amp,"random(16,20)*random(0.5,1)","[""random(2,4)""]",large,high,"smaller angle amplitude: strands straighter/more linear, swirls gone; denser linear fuzzy mass, a few near-white gaps",false,:2,false,non-deterministic baseline; only large changes are reliable
2019/generativos/limo002,out/2019/generativos/limo002/notes.md,lar2 (branches/emitter),lar2,"random(26,32)","[""random(70,90)""]",large,high,"~3x more spikes per emitter: busier, darker, more overlapping starbursts; fewer white gaps, clear margin",false,:2,false,non-deterministic baseline; only large changes are reliable
2019/generativos/limo002,out/2019/generativos/limo002/notes.md,branchAlpha,branchalpha,20,[90],large,high,"4.5x branch alpha: starburst branches prominent and dark; dense, near-regular asterisk/star field",false,:2,false,non-deterministic baseline; only large changes are reliable
2019/generativos/linescurvis,out/2019/generativos/linescurvis/notes.md,maxSize_small,maxsize small,"random(20, 70)","[""random(60, 160)""]",none,low,no visible change: small-walk slivers are buried under the big blob layer,true,:2,false,
2019/generativos/linescurvis,out/2019/generativos/linescurvis/notes.md,maxSize_big,maxsize big,"random(120, 300)","[""random(200, 450)""]",large,high,"blobs much bigger and rounder; canvas more covered, less white ground between shapes",true,:2,false,
2019/generativos/linescurvis,out/2019/generativos/linescurvis/notes.md,zAmp,zamp,16,[40],subtle,low,"composition identical; shading slightly stronger, more pronounced light/dark bands on the blob surfaces",true,:2,false,
2019/generativos/linescurvis,out/2019/generativos/linescurvis/notes.md,speckles,speckles,1000,[3000],large,high,score is large but from a random-stream shift (extra random() calls re-roll all walks); speckle density itself only subtly denser,true,:2,false,
2019/generativos/linescurvis,out/2019/generativos/linescurvis/notes.md,vline2_alpha,vline2 alpha,"random(200, 300)",[255],large,high,"big ribbons fully opaque: more saturated, denser, darker overlaps, less white ground showing through",true,:2,false,
2019/generativos/linescurvis,out/2019/generativos/linescurvis/notes.md,palette,palette,6-colour blue/green/orange/pink,"[""4-colour warm red/amber/green/steel-blue""]",moderate,high,"same composition, colours now coral red, amber, teal green, steel blue",true,:2,false,
2019/generativos/lislis,out/2019/generativos/lislis/notes.md,cw,cw,"int(random(2, 12))",[3],large,high,"3 wide columns (~300 px each) instead of ~7 thin ones; bands wider, coiling and dark gaps more visible",true,:2,false,
2019/generativos/lislis,out/2019/generativos/lislis/notes.md,ch,ch,8000,[2000],large,high,"fewer rows: sparser accumulation, big black voids between ribbon-like bands",true,:2,false,
2019/generativos/lislis,out/2019/generativos/lislis/notes.md,det,det,"~0.001 (random(0.08,0.1)*0.012)","[""~0.004 (4x)""]",large,high,"more chaotic heading walk: tangles more, additive saturation (white/cyan flash) much stronger",true,:2,false,
2019/generativos/lislis,out/2019/generativos/lislis/notes.md,alpha,alpha,28,[100],large,high,"higher per-line alpha: bands saturate to solid hue faster, darker ground, isolated bright red bands",true,:2,false,
2019/generativos/lislis,out/2019/generativos/lislis/notes.md,colors,colors,9-colour blue/red palette,"[""4-colour green/red/orange/blue palette""]",large,high,obvious palette swap: cyan/green/orange/blue strata instead of blue/red,true,:2,false,
2019/generativos/llgg,out/2019/generativos/llgg/notes.md,sub,sub,60,[15],large,high,"fewer iterations = much coarser layout, few large blocks, far fewer stripe/bar decorations",true,:2,false,
2019/generativos/llgg,out/2019/generativos/llgg/notes.md,detCol,detcol,"random(0.002, 0.003)","[""random(0.0005, 0.001)""]",large,high,lower noise detail = large coherent colour regions; striped blocks dominate visually,true,:2,false,
2019/generativos/llgg,out/2019/generativos/llgg/notes.md,fillAlpha,fillalpha,"random(255*random(1), 255)*random(0.5, 1)","[""random(255*random(1), 255)""]",moderate,high,"fully opaque blocks: flat saturated colours, no lower-layer bleed-through",true,:2,false,
2019/generativos/llgg,out/2019/generativos/llgg/notes.md,stripeProb,stripeprob,0.1,[0.4],large,high,"4x probability = stripes/edge bars on most blocks, image dominated by stripe texture",true,:2,false,
2019/generativos/llgg,out/2019/generativos/llgg/notes.md,stripeCount,stripecount,"int(random(4, 11)*random(0.5, 1.8))","[""int(random(10, 24))""]",moderate,high,"more, finer stripes inside striped blocks; block layout otherwise unchanged",true,:2,false,
2019/generativos/lulu,out/2019/generativos/lulu/notes.md,clusters,clusters,8,[4],moderate,high,"halving clusters thins the starburst: sparser, thinner arms with more black gaps, same colours",true,:2,false,
2019/generativos/lulu,out/2019/generativos/lulu/notes.md,subdivide_iters,subdivide iters,8000,[2000],moderate,high,"fewer subdivision steps leaves bigger boxes: coarser streaks, more visible wireframe grid, less fine dust",true,:2,false,
2019/generativos/lulu,out/2019/generativos/lulu/notes.md,point_alpha,point alpha,"random(160,200)","[""random(240,255)""]",none,low,no visible change; ADD blending already saturates dense regions to white,true,:2,false,
2019/generativos/lulu,out/2019/generativos/lulu/notes.md,point_weight,point weight,"random(0.2,0.6)","[""random(0.8,1.5)""]",large,high,"much brighter and denser: bigger white core, arms fill more of the canvas",true,:2,false,
2019/generativos/lulu,out/2019/generativos/lulu/notes.md,cluster_scale,cluster scale,1.3,[0.7],moderate,high,"burst shrinks toward the centre: shorter arms, more black margin at edges",true,:2,false,
2019/generativos/lulu,out/2019/generativos/lulu/notes.md,box_jitter_rot,box jitter rot,0.05,[0.3],subtle,low,"subtle: lattice streaks slightly more scattered/softer, overall look unchanged",true,:2,false,
2019/generativos/magik5,out/2019/generativos/magik5/notes.md,streams,streams,40,[12],moderate,high,"fewer, thinner, more spread-out ribbons; background shows through more",true,:2,true,
2019/generativos/magik5,out/2019/generativos/magik5/notes.md,steps,steps,"random(1000,10000)*random(1)*random(1)","[""random(200,2000)*random(1)*random(1)""]",moderate,high,shorter trails: fans collapse into a tangle of short straight hairlines,true,:2,true,
2019/generativos/magik5,out/2019/generativos/magik5/notes.md,vel,vel,0.071,[0.35],moderate,high,walkers travel farther; fans are wider and more spread out,true,:2,true,
2019/generativos/magik5,out/2019/generativos/magik5/notes.md,amp,amp,1.0,[3.0],moderate,high,"stronger noise turning; fans grow larger, wavier, near-full-bleed",true,:2,true,
2019/generativos/magik5,out/2019/generativos/magik5/notes.md,trailAlpha,trailalpha,20,[80],none,low,"no visible change (trail segments are ~0.1 px, subpixel)",true,:2,true,
2019/generativos/magik5,out/2019/generativos/magik5/notes.md,palette,palette,"[#01EEBA,#E8E3B3,#E94E6B,#F08BB2,#41BFF9]","[""[#FFB200,#FF6D24,#AC2239,#93B6E7,#866698]""]",large,high,warm palette: orange/vermilion/maroon/periwinkle/mauve replace mint/pink/blue,true,:2,true,
2019/generativos/maja,out/2019/generativos/maja/notes.md,ccc,ccc,"random(12, 69)",[20],large,high,coarser checkerboard: ~20x20 big cells instead of fine ~40x40; burst layer unchanged,true,:2,false,
2019/generativos/maja,out/2019/generativos/maja/notes.md,burstCount,burstcount,80,[30],moderate,high,"fewer, more isolated bursts; dense central cluster thins out",true,:2,false,
2019/generativos/maja,out/2019/generativos/maja/notes.md,sizeScale,sizescale,0.2,[0.5],large,high,much larger bursts; the biggest is pushed to centre and dominates the canvas,true,:2,false,
2019/generativos/maja,out/2019/generativos/maja/notes.md,background,background,#EF002C,"[""#FFFFFF""]",large,high,"red ground gone; white checkerboard becomes invisible, bursts float on plain white",true,:2,false,
2019/generativos/maja,out/2019/generativos/maja/notes.md,palette,palette,warm 7 colours,"[""cool 7 colours""]",moderate,high,"same structure, colours shift from warm (yellow/pink/orange) to cool (blue/teal/off-white)",true,:2,false,
2019/generativos/malandra,out/2019/generativos/malandra/notes.md,grainCount,graincount,90,[300],large,high,"denser, larger pixel clusters; also shifts the random stream so the block tiling becomes coarser",true,:2,false,
2019/generativos/malandra,out/2019/generativos/malandra/notes.md,splitIterations,splititerations,60,[120],large,high,finer mosaic of smaller flat blocks,true,:2,false,
2019/generativos/malandra,out/2019/generativos/malandra/notes.md,trapezoidsPerRect,trapezoidsperrect,10,[3],large,high,much less glassy overlay; flat blocks read clearly,true,:2,false,
2019/generativos/malandra,out/2019/generativos/malandra/notes.md,spreadRange,spreadrange,"random(2, 8)","[""random(8, 20)""]",moderate,high,"bigger, more elongated translucent trapezoids sweeping across the blocks",true,:2,false,
2019/generativos/malandra,out/2019/generativos/malandra/notes.md,trapezoidAlphaMax,trapezoidalphamax,180,[60],moderate,high,"trapezoids far more transparent; flatter, more saturated blocks show through",true,:2,false,
2019/generativos/malandra,out/2019/generativos/malandra/notes.md,paletteReds,palettereds,#CD061A x3,"[""#1F4E79 x3""]",large,high,"blue replaces red as the dominant colour, same structure",true,:2,false,
2019/generativos/margaritas,out/2019/generativos/margaritas/notes.md,sub,sub,20,[40],moderate,high,"petals per flower (daisy rosette density); higher = fuller, finer rosettes",true,:2,false,
2019/generativos/margaritas,out/2019/generativos/margaritas/notes.md,s,s,"random(14,28)","[""random(28,56)""]",large,high,"per-flower size; higher = bigger, overlapping, denser field",true,:2,false,
2019/generativos/margaritas,out/2019/generativos/margaritas/notes.md,minDist,mindist,40,[80],moderate,high,"minimum spacing between flowers; higher = sparser scatter, longer/more visible web stems",true,:2,false,
2019/generativos/margaritas,out/2019/generativos/margaritas/notes.md,webAlpha,webalpha,60,[200],subtle,low,opacity of the Delaunay web lines; higher = marginally more visible web,true,:2,false,
2019/generativos/margaritas,out/2019/generativos/margaritas/notes.md,fov,fov,PI/3.0,"[""PI/5.0""]",large,high,"perspective field-of-view; narrower = telephoto, larger uniform flowers, flatter depth",true,:2,false,
2019/generativos/margaritas,out/2019/generativos/margaritas/notes.md,tilt,tilt,"random(0.15,0.3)","[""random(0.0,0.05)""]",subtle,low,"per-flower rotateX tilt; lower = flatter, more face-on flowers",true,:2,false,
2019/generativos/metro,out/2019/generativos/metro/notes.md,cc,cc,80,[40],moderate,high,"coarser grid: longer segments, sparser web, background triangles read more strongly",true,:2,false,
2019/generativos/metro,out/2019/generativos/metro/notes.md,walkerCount,walkercount,280,[140],moderate,high,"half the walkers: visibly sparser web, more white space, fewer dots and circles",true,:2,false,
2019/generativos/metro,out/2019/generativos/metro/notes.md,angDiv,angdiv,8,[4],moderate,high,"walks restricted to 4 cardinal directions: orthogonal circuit-like web, 45-degree diagonals gone",true,:2,false,
2019/generativos/metro,out/2019/generativos/metro/notes.md,strokeWeight,strokeweight,"random(0.6, 1.6)","[""random(2.5, 4.5)""]",moderate,high,"much thicker bolder lines, web reads heavier/poster-like, overlaps dominate",true,:2,false,
2019/generativos/metro,out/2019/generativos/metro/notes.md,maxAlp,maxalp,80,[200],subtle,low,Delaunay triangles more saturated (pink/blue/orange clearer) but stay in background; web unchanged,true,:2,false,
2019/generativos/metro,out/2019/generativos/metro/notes.md,walkSteps,walksteps,320,[960],moderate,high,"3x longer walks: denser, busier, more tangled web with more dots and crossings",true,:2,false,
2019/generativos/montanon,out/2019/generativos/montanon/notes.md,sub,sub,400,[120],large,high,"120x120 grid instead of 400x400: far sparser, individual hair strokes clearly visible, dense woven texture gone",false,:2,false,non-deterministic baseline; only large changes are reliable
2019/generativos/montanon,out/2019/generativos/montanon/notes.md,trailSteps,trailsteps,40,[120],large,high,"3x longer trails: long winding curves instead of short hairs, more line-art-like",false,:2,false,non-deterministic baseline; only large changes are reliable
2019/generativos/montanon,out/2019/generativos/montanon/notes.md,alphaMul,alphamul,0.9,[1.6],moderate,high,"strokes more opaque; red and dark bands denser, texture slightly mottled",false,:2,false,non-deterministic baseline; only large changes are reliable
2019/generativos/montanon,out/2019/generativos/montanon/notes.md,strokeWeightMax,strokeweightmax,1.8,[3.0],large,high,bolder thicker hatching; bands read as solid strokes,false,:2,false,non-deterministic baseline; only large changes are reliable
2019/generativos/montanon,out/2019/generativos/montanon/notes.md,palette,palette,"#eaf762,#E5463E,#366A51,#141c82","[""#ffffff,#4da6ff,#9b59ff,#10131c""]",large,high,same band structure in cool white/blue/purple tones,false,:2,false,non-deterministic baseline; only large changes are reliable
2019/generativos/montanon,out/2019/generativos/montanon/notes.md,detAmp,detamp,"random(0.004,0.006)*0.1","[""*0.3""]",moderate,high,"3x colour-field frequency: narrower, more numerous colour bands",false,:2,false,non-deterministic baseline; only large changes are reliable
2019/generativos/mosaic002,out/2019/generativos/mosaic002/notes.md,subdivisions,subdivisions,100,[400],large,high,core triangulation grows until it covers most of the canvas; outer rect field shrinks to a thin border strip,true,:2,true,
2019/generativos/mosaic002,out/2019/generativos/mosaic002/notes.md,pickBias,pickbias,0.5,[1.0],large,high,"subdivision spreads evenly over all rects; dense-core/sparse-periphery structure disappears, whole canvas uniformly mid-fine",true,:2,true,
2019/generativos/mosaic002,out/2019/generativos/mosaic002/notes.md,strokeWeight,strokeweight,0.6,[2],subtle,low,same layout; triangle edge lines slightly heavier and darker,true,:2,true,
2019/generativos/mosaic002,out/2019/generativos/mosaic002/notes.md,vertexDotSize,vertexdotsize,3,[12],none,low,no visible change; bigger dots cover only a few % of pixels,true,:2,true,
2019/generativos/mosaic002,out/2019/generativos/mosaic002/notes.md,shadowAlpha,shadowalpha,80,[0],none,low,no visible change; per-rect vertical shading removed but below detection threshold,true,:2,true,
2019/generativos/mosaic002,out/2019/generativos/mosaic002/notes.md,colors,colors,#DFAB56 #E5463E #366A51 #2884BC,"[""#043387 #0199DC #BAD474 #FBE710""]",large,high,"same geometry recoloured to dark blue, cyan, pale green, yellow",true,:2,true,
2019/generativos/nana,out/2019/generativos/nana/notes.md,s,s,20,[40],large,high,"grid cell size / snap; also scales the big-square range s*10 -> chunkier 40px-aligned blocks, more navy background shows through",true,:2,false,
2019/generativos/nana,out/2019/generativos/nana/notes.md,ss,ss,random(s*10) -> 0..200,"[""random(s*2) -> 0..40""]",large,high,"big filled squares shrink to small chips; image becomes sparse, wireframe-dominated, mostly dark navy",true,:2,false,
2019/generativos/nana,out/2019/generativos/nana/notes.md,wireSize,wiresize,120,[240],subtle,low,"thin outlines double to 240px; coarser wireframe grid, fills untouched",true,:2,false,
2019/generativos/nana,out/2019/generativos/nana/notes.md,dotSize,dotsize,5,[15],subtle,low,medium dots grow 3x; otherwise identical,true,:2,false,
2019/generativos/nana,out/2019/generativos/nana/notes.md,colors,colors,"80D2F0,D4F5F4,472176,030234,F7CE5B","[""F7AA06,35B1CA,DA4974,B9100F,214CA2""]",large,high,"whole palette swaps to red/amber/teal/pink/blue; same geometry, completely different mood",true,:2,false,
2019/generativos/natalaba,out/2019/generativos/natalaba/notes.md,count,count,2,[4],subtle,low,"more streams, but each wanders in its own ~80px region so orange coverage drops to smaller, more separate plumes (one top plume + one star)",true,:2,false,
2019/generativos/natalaba,out/2019/generativos/natalaba/notes.md,cc,cc,200,[500],moderate,high,"longer, denser trails; plumes fill in and reach further (olive/green star top-right)",true,:2,false,
2019/generativos/natalaba,out/2019/generativos/natalaba/notes.md,dotScale,dotscale,0.3,[0.6],moderate,high,2x dot size; plume becomes a large dense orange mass on the left (largest visual change),true,:2,false,
2019/generativos/natalaba,out/2019/generativos/natalaba/notes.md,rrr,rrr,"random(0.04,0.08)",[0.2],subtle,low,"radial flower stamps ~3x larger and more saturated (big pink/magenta fan upper-right, blue node at centre); orange dot plumes comparable",true,:2,false,
2019/generativos/natalaba,out/2019/generativos/natalaba/notes.md,speckleCount,specklecount,200,[600],subtle,low,"~3x background speckles; too faint to read clearly, plumes unchanged",true,:2,false,
2019/generativos/natan,out/2019/generativos/natan/notes.md,count,count,600,[200],large,high,"fewer walkers: no dominant central ring, canvas covered by smaller scattered striped clusters",true,:2,false,
2019/generativos/natan,out/2019/generativos/natan/notes.md,cc,cc,800,[200],large,high,"shorter trails: many small rings instead of long curved trails, denser packing",true,:2,false,
2019/generativos/natan,out/2019/generativos/natan/notes.md,ccc,ccc,"random(2,7)","[""random(1,2) i.e. 1""]",subtle,low,"one satellite per step: finer, sparser hatched rings, colour bands much weaker",true,:2,false,
2019/generativos/natan,out/2019/generativos/natan/notes.md,rrr,rrr,"random(0.04,0.12)","[""random(0.15,0.35)""]",moderate,high,"fatter satellites: thicker, more saturated stripes and broader soft colour washes",true,:2,false,
2019/generativos/natan,out/2019/generativos/natan/notes.md,dc,dc,0.012,[0.05],large,high,"faster per-step palette cycling: finer multicolour bands inside rings, streakier colour washes",true,:2,false,
2019/generativos/natan,out/2019/generativos/natan/notes.md,minSize,minsize,"width*random(0.04,0.2)","[""width*random(0.12,0.4)""]",large,high,larger base dot size: bigger fatter striped blobs and broader washes,true,:2,false,
2019/generativos/neja,out/2019/generativos/neja/notes.md,count,count,600,[1200],large,high,"denser: more overlapping squares, wedges and corner dots across the canvas",true,:2,false,
2019/generativos/neja,out/2019/generativos/neja/notes.md,grid,grid,60,[120],large,high,"doubles snap cell (30->60px) and size ladder (60..960 -> 120..1920): fewer, much larger flat blocks, sparser small details",true,:2,false,
2019/generativos/neja,out/2019/generativos/neja/notes.md,sizeExpMax,sizeexpmax,5,[3],large,high,"caps max square at 240px (int(random(5)) -> int(random(3))): no giant blocks, uniform small/medium scale, much more background showing",true,:2,false,
2019/generativos/neja,out/2019/generativos/neja/notes.md,shadowAlpha,shadowalpha,40,[120],subtle,low,offset dark shadow a bit heavier on individual squares; overall composition reads the same,true,:2,false,
2019/generativos/neja,out/2019/generativos/neja/notes.md,solidProb,solidprob,0.4,[0.8],large,high,"most squares become single solid colours; two-tone triangle splits nearly disappear, flatter blockier look",true,:2,false,
2019/generativos/neja,out/2019/generativos/neja/notes.md,snapToGrid,snaptogrid,,,,unscored,,true,:2,false,
2019/generativos/neja,out/2019/generativos/neja/notes.md,noiseGatedSize,noisegatedsize,,,,unscored,,true,:2,false,
2019/generativos/neja,out/2019/generativos/neja/notes.md,paletteLerp,palettelerp,,,,unscored,,true,:2,false,
2019/generativos/neto,out/2019/generativos/neto/notes.md,count,count,4,[12],subtle,low,more scattered circles; extras land pale/off-canvas so only a slight added busyness,true,:2,false,
2019/generativos/neto,out/2019/generativos/neto/notes.md,grainCount,graincount,0,[300],moderate,high,activates the dormant grain loop: a scatter of small multicoloured dots over the whole canvas,true,:2,false,
2019/generativos/neto,out/2019/generativos/neto/notes.md,sizeMul,sizemul,"random(0.1,1)","[""random(0.3,0.5)""]",none,low,no visible change (circles shrink a little but the composition reads the same),true,:2,false,
2019/generativos/neto,out/2019/generativos/neto/notes.md,gridStep,gridstep,10,[40],none,low,no visible change (the white point grid was already near-invisible),true,:2,false,
2019/generativos/neto,out/2019/generativos/neto/notes.md,circleAlpha,circlealpha,"random(10,200)","[""random(200,255)""]",none,low,no visible change (the visible circles were already near-opaque),true,:2,false,
2019/generativos/noicir,out/2019/generativos/noicir/notes.md,areaFactor (ccc),areafactor,0.3,[0.6],none,low,"no visible change; doubling point count (156k->312k) does not change the look, density saturates the same regions",true,:2,false,
2019/generativos/noicir,out/2019/generativos/noicir/notes.md,alpha,alpha,"random(20,40)*2.4","[""random(20,40)*0.6""]",none,low,no visible change; quartering alpha leaves petals at the same apparent density,true,:2,false,
2019/generativos/noicir,out/2019/generativos/noicir/notes.md,sectorAngle,sectorangle,PI/3,"[""PI/2""]",subtle,low,"subtle: same 5-6 petal layout, petals slightly thinner/sparser",true,:2,false,
2019/generativos/noicir,out/2019/generativos/noicir/notes.md,maxDisplacement,maxdisplacement,180,[60],subtle,low,"subtle: same petal layout, edges slightly sharper/less spread",true,:2,false,
2019/generativos/noicir,out/2019/generativos/noicir/notes.md,bandStep,bandstep,6+i*0.31,"[""20+i*0.31""]",none,low,no visible change; radial banding is invisible anyway because fbm displacement (up to 180px) far exceeds the band step,true,:2,false,
2019/generativos/nosenose,out/2019/generativos/nosenose/notes.md,ccc_factor,ccc factor,0.3,[0.6],none,low,point density (×2 count) — no visible change,true,:2,false,
2019/generativos/nosenose,out/2019/generativos/nosenose/notes.md,alpha_mult,alpha mult,2.4,[4.0],none,low,point alpha (×4) — no visible change,true,:2,false,
2019/generativos/nosenose,out/2019/generativos/nosenose/notes.md,displacement,displacement,180,[300],subtle,low,"fbm swirl magnitude — blades more wavy/distorted, edges undulate more",true,:2,false,
2019/generativos/nosenose,out/2019/generativos/nosenose/notes.md,detAng_factor,detang factor,0.08,[0.16],subtle,low,"distortion field detail — blades more stretched/flowing, reach slightly further",true,:2,false,
2019/generativos/nosenose,out/2019/generativos/nosenose/notes.md,radius_factor,radius factor,0.6,[0.4],none,low,cloud radius (smaller) — no visible change,true,:2,false,
2019/generativos/orderCurve,out/2019/generativos/orderCurve/notes.md,cw,cw,"int(random(12,20)*0.9) ~10-16","[""random(24,28)*0.9 ~22-25""]",large,high,"narrower cells: grid ~2.5x denser horizontally, same wobble character",true,:2,false,
2019/generativos/orderCurve,out/2019/generativos/orderCurve/notes.md,ch,ch,"int(random(22,40)*0.9) ~19-36","[""random(44,50)*0.9 ~40-45""]",large,high,"shorter cells: ~2x denser vertically, rows read as stacked horizontal strips",true,:2,false,
2019/generativos/orderCurve,out/2019/generativos/orderCurve/notes.md,disp,disp,260,[120],large,high,"half displacement: cells nearly rectangular, wavy S-curves collapse to small jitter, stepped edge kinks stand out",true,:2,false,
2019/generativos/orderCurve,out/2019/generativos/orderCurve/notes.md,alpha,alpha,random(255),"[""random(120)""]",moderate,high,"identical geometry, lower alpha: fills wash toward the background, whole image more muted and lower contrast",true,:2,false,
2019/generativos/orderCurve,out/2019/generativos/orderCurve/notes.md,detDes,detdes,"random(0.0001,0.0003)","[""random(0.0005,0.001)""]",large,high,"finer displacement noise: cells break into jagged shattered polygons, smooth flow lost",true,:2,false,
2019/generativos/orderCurve,out/2019/generativos/orderCurve/notes.md,detAng,detang,"random(0.0001,0.0003)*10","[""random(0.0005,0.001)*10""]",moderate,high,"finer angle noise: displacement direction jitters locally, edges more irregular instead of long smooth S-curves",true,:2,false,
2019/generativos/orderLines,out/2019/generativos/orderLines/notes.md,sub,sub,40,[8],none,low,"8 slices instead of 40: no visible change, fade still smooth",true,:2,false,
2019/generativos/orderLines,out/2019/generativos/orderLines/notes.md,skipProb,skipprob,0.6,[0.1],moderate,high,"fewer empty cells; denser, longer continuous strips",true,:2,false,
2019/generativos/orderLines,out/2019/generativos/orderLines/notes.md,maxDist,maxdist,180,[60],moderate,high,"lower = straighter strips with gentler waves, torn edges mostly gone",true,:2,false,
2019/generativos/orderLines,out/2019/generativos/orderLines/notes.md,angDetail,angdetail,"random(0.0001,0.0003)*10","[""random(0.0001,0.0003)*30""]",moderate,high,higher = local twisting; visible horizontal banding inside strips,true,:2,false,
2019/generativos/orderLines,out/2019/generativos/orderLines/notes.md,alphaExponent,alphaexponent,2,[1],subtle,low,linear vs quadratic fade: nearly the same smooth downward fade,true,:2,false,
2019/generativos/orderLines,out/2019/generativos/orderLines/notes.md,palette,palette,"#0E1619,#024AEE,#FE86F0,#FD4335,#F4F4F4","[""#F5B4C4,#FCCE44,#EE723F,#77C9EC,#C5C4C4,#FFFFFF""]",moderate,high,same layout; warm yellow/orange/peach/light-blue/gray instead of blue/pink/red,true,:2,false,
2019/generativos/orderco03,out/2019/generativos/orderco03/notes.md,cw,cw,"int(random(12,20)*20*0.8)",[50],large,high,"more, narrower columns of cells",true,:2,false,
2019/generativos/orderco03,out/2019/generativos/orderco03/notes.md,ch,ch,"int(random(12,30)*15*0.8)",[60],large,high,"more, flatter rows of cells",true,:2,false,
2019/generativos/orderco03,out/2019/generativos/orderco03/notes.md,ampScale,ampscale,500,[100],large,high,"lower = straighter cells, noise bowing nearly gone",true,:2,false,
2019/generativos/orderco03,out/2019/generativos/orderco03/notes.md,overlapAlpha,overlapalpha,120,[255],moderate,high,"higher = flatter opaque patches, less colour mixing in overlaps",true,:2,false,
2019/generativos/orderco03,out/2019/generativos/orderco03/notes.md,multLow,multlow,0.5,[0.9],large,high,"higher = fewer tiny confetti specks, more uniform cells",true,:2,false,
2019/generativos/orderco03,out/2019/generativos/orderco03/notes.md,gridScale,gridscale,1.4,[1.0],large,high,"lower = smaller cells, more mint background visible",true,:2,false,
2019/generativos/orderco03,out/2019/generativos/orderco03/notes.md,noiseDisplace,noisedisplace,,,,unscored,,true,:2,false,
2019/generativos/orderco03,out/2019/generativos/orderco03/notes.md,noisePalette,noisepalette,,,,unscored,,true,:2,false,
2019/generativos/orderco03,out/2019/generativos/orderco03/notes.md,powGrid,powgrid,,,,unscored,,true,:2,false,
2019/generativos/paraisooscuro,out/2019/generativos/paraisooscuro/notes.md,pwr,pwr,4.2,[1.5],subtle,low,lower power flattens the band packing: horizontal colour bands spread more evenly through the lower half (wide red/pink bands at left and bottom) instead of piling at the bottom edge,true,:2,false,
2019/generativos/paraisooscuro,out/2019/generativos/paraisooscuro/notes.md,bandPasses,bandpasses,4,[16],moderate,high,more passes: the pink/red/blue horizontal bands become much more prominent across the lower area and along the mesh top edge,true,:2,false,
2019/generativos/paraisooscuro,out/2019/generativos/paraisooscuro/notes.md,hairCount,haircount,10000,[2500],large,high,"quarter as many hairs: the swirling hair texture in the lower area is far sparser, background reads smoother/darker",true,:2,false,
2019/generativos/paraisooscuro,out/2019/generativos/paraisooscuro/notes.md,gridSub,gridsub,"int(random(6,10))",[40],large,high,"dense 400x400 white dot lattice now covers the whole canvas, clearly brighter than the baseline's 60-90 dot grid",true,:2,false,
2019/generativos/paraisooscuro,out/2019/generativos/paraisooscuro/notes.md,meshPoints,meshpoints,100,[300],large,high,"300 point pairs: denser, busier mesh with many larger triangles and much more red/coral; also shifts the downstream RNG so bokeh/hairs move too",true,:2,false,
2019/generativos/paraisooscuro,out/2019/generativos/paraisooscuro/notes.md,veilAlpha,veilalpha,150,[0],subtle,low,"no visible change: the second veil quad (0..0.3h, alpha 130) still darkens the sky and the background is already near-black",true,:2,false,
2019/generativos/parapara,out/2019/generativos/parapara/notes.md,hor,hor,"random(0.15, 0.3)",[0.15],large,high,"horizon at 15% of height: thin sky band, much larger ground area, red horizon line higher",true,:2,false,
2019/generativos/parapara,out/2019/generativos/parapara/notes.md,sub,sub,1000,[100],moderate,high,"100 stripes: distinct horizontal colour bands (red at horizon, mid, bottom) instead of a smooth gradient",true,:2,false,
2019/generativos/parapara,out/2019/generativos/parapara/notes.md,pwr,pwr,4.2,[1.0],moderate,high,uniform stripe spacing: wide red band mid-ground and dark band at bottom instead of horizon-bunched blue->red,true,:2,false,
2019/generativos/parapara,out/2019/generativos/parapara/notes.md,pointCount,pointcount,50,[150],subtle,low,"clearly denser dot field, but dots are small so few pixels change",true,:2,false,
2019/generativos/parapara,out/2019/generativos/parapara/notes.md,sizeScale,sizescale,120,[240],subtle,low,dots ~2x larger with more overlap and bigger foreground circles; background bands unchanged,true,:2,false,
2019/generativos/parapara,out/2019/generativos/parapara/notes.md,lineAlpha,linealpha,10,[60],none,low,no visible change; mesh lines remain faint at alpha 60,true,:2,false,
2019/generativos/patada,out/2019/generativos/patada/notes.md,cccMultiplier,cccmultiplier,*8 (9600-16000 lines),"[""*4 (4800-8000)""]",moderate,high,"half the lines -> visibly sparser, thinner filaments, dimmer additive glow, gaps between lines appear",true,:2,false,
2019/generativos/patada,out/2019/generativos/patada/notes.md,strokeAlphaOffset,strokealphaoffset,+20 (alpha 10-30),"[""+60 (alpha 50-70)""]",moderate,high,"higher alpha -> brighter, more solid filaments; more of the canvas covered in glow",true,:2,false,
2019/generativos/patada,out/2019/generativos/patada/notes.md,turnScale,turnscale,2.1,[10],subtle,low,much sharper turning -> lines coil into tighter spirals/curls; overall composition unchanged,true,:2,false,
2019/generativos/patada,out/2019/generativos/patada/notes.md,palette,palette,"#121428,#6B0000,#913F01,#512643 (dark)","#E65EC9,#5265E8,#F2F481,#81F498,#52D8E8 (bright)",large,high,completely different colours (cyan/green/magenta/yellow neons); same structure,true,:2,false,
2019/generativos/patada,out/2019/generativos/patada/notes.md,noiseDetail,noisedetail,random(0.001),"[""random(0.01)""]",subtle,low,higher-frequency noise -> lines slightly rougher/wavier; overall composition unchanged,true,:2,false,
2019/generativos/patada,out/2019/generativos/patada/notes.md,ccMultiplier,ccmultiplier,*3 (600-750 pts/line),"[""*1 (200-250 pts/line)""]",subtle,low,"shorter lines -> more fragmented, less continuous filaments",true,:2,false,
2019/generativos/pelalos,out/2019/generativos/pelalos/notes.md,flowers,flowers,80,[30],large,high,"fewer, sparser flowers; grid, ground colour and translucent ellipse washes become clearly visible",true,:2,false,
2019/generativos/pelalos,out/2019/generativos/pelalos/notes.md,petalsPerRing,petalsperring,8-20,"[""14-24""]",large,high,"denser, narrower petals; rosette silhouettes smoother and more finely serrated",true,:2,false,
2019/generativos/pelalos,out/2019/generativos/pelalos/notes.md,rings,rings,6-9,"[""3-5""]",large,high,"flatter, simpler rosettes with fewer concentric rings and less tonal depth to the centres",true,:2,false,
2019/generativos/pelalos,out/2019/generativos/pelalos/notes.md,amp,amp,0.3-0.6,"[""0.5-0.9""]",subtle,low,petals slightly fatter; composition essentially unchanged,true,:2,false,
2019/generativos/pelalos,out/2019/generativos/pelalos/notes.md,sizeMul,sizemul,2.2,[1.2],large,high,smaller flowers; denser field with more background ground and grid visible between them,true,:2,false,
2019/generativos/pelalos,out/2019/generativos/pelalos/notes.md,colorDetail,colordetail,4.2x,"[""1.2x""]",large,high,"coarser noise colour field: same flower layout, but broader uniform colour zones, neighbouring flowers sharing hue in large patches",true,:2,false,
2019/generativos/pelican,out/2019/generativos/pelican/notes.md,eyes.count,eyes count,60,[25],large,high,"fewer eyes, more open background, larger/sparser mesh triangles",true,:2,false,
2019/generativos/pelican,out/2019/generativos/pelican/notes.md,eyes.baseSize,eyes basesize,"width*random(0.08,0.1)*0.8","[""width*random(0.15,0.2)*0.8""]",large,high,"much larger circles, denser overlap, mesh buried under discs",true,:2,false,
2019/generativos/pelican,out/2019/generativos/pelican/notes.md,eyes.sizeJitter,eyes sizejitter,10,[3],large,high,"more uniform eye sizes, no giant circles, calmer composition",true,:2,false,
2019/generativos/pelican,out/2019/generativos/pelican/notes.md,mesh.fillAlphaMax,mesh fillalphamax,60,[200],subtle,low,"white Delaunay wash slightly more visible, composition nearly unchanged",true,:2,false,
2019/generativos/pelican,out/2019/generativos/pelican/notes.md,ribbons.count,ribbons count,10,[3],moderate,high,"fewer, bolder ribbons; wisp layer thinned, eyes read more clearly",true,:2,false,
2019/generativos/pelican,out/2019/generativos/pelican/notes.md,ribbons.detail1,ribbons detail1,random(0.001)*10,"[""random(0.004)*10""]",moderate,high,"finer noise field for one walker, tighter denser curls in wisp layer",true,:2,false,
2019/generativos/petis,out/2019/generativos/petis/notes.md,loop1Count,loop1count,600000,[150000],moderate,high,"4x fewer main ellipses thins the streaked field, exposes more black background, makes colour masses sparser and grainier",true,:2,false,
2019/generativos/petis,out/2019/generativos/petis/notes.md,loop2Count,loop2count,60000,[240000],subtle,low,"4x more speckle dots; clusters slightly denser, composition otherwise unchanged",true,:2,false,
2019/generativos/petis,out/2019/generativos/petis/notes.md,speckleAlphaMult,specklealphamult,3.4,[1.0],none,low,no visible change lowering the speckle alpha boost 3.4 -> 1.0,true,:2,false,
2019/generativos/petis,out/2019/generativos/petis/notes.md,gateNoiseMult,gatenoisemult,5,[20],moderate,high,"ds2 multiplier 5 -> 20 (4x finer size-gate noise): grainier texture, colour masses relocated, more orange",true,:2,false,
2019/generativos/petis,out/2019/generativos/petis/notes.md,palette,palette,"#523868,#D11D02,#BC8009,#5496A8","[""#0D1B2A,#00B4D8,#FFD166,#EF476F""]",moderate,high,hue shift only: cyan/teal + pink/magenta + pale yellow replace red/ochre/purple; same texture and layout,true,:2,false,
2019/generativos/polos,out/2019/generativos/polos/notes.md,cc,cc,"int(random(60,120)*random(0.2))  # small int 0-24",[12],large,high,"more, smaller blobs scattered across the whole canvas",true,:2,false,
2019/generativos/polos,out/2019/generativos/polos/notes.md,stampProb(size-2.0 circle),stampprob,0.3,[0.9],moderate,high,big circles appear more often; blobs grow and cover more of the canvas,true,:2,false,
2019/generativos/polos,out/2019/generativos/polos/notes.md,noiseAmp,noiseamp,80,[200],subtle,low,"subtle: edges slightly wavier, layout unchanged",true,:2,false,
2019/generativos/polos,out/2019/generativos/polos/notes.md,detAng,detang,random(0.0008),"[""random(0.008)""]",subtle,low,"subtle: red blob edges slightly spikier, layout unchanged",true,:2,false,
2019/generativos/polos,out/2019/generativos/polos/notes.md,palette,palette,"[#fc8e19,#F7F2DD,#f2271d,#4a2768,#1A7DB6,#E14998]","[""[#E1E8E0,#F5CE4B,#FC5801,#025DC4,#02201A,#489B4D]""]",moderate,high,identical shapes; colours swapped to green/orange/dark-green,true,:2,false,
2019/generativos/polos,out/2019/generativos/polos/notes.md,desform,desform,,,,unscored,,true,:2,false,
2019/generativos/polos,out/2019/generativos/polos/notes.md,noiseBlob,noiseblob,,,,unscored,,true,:2,false,
2019/generativos/popo,out/2019/generativos/popo/notes.md,characterCount,charactercount,400,[150],large,high,"fewer characters, sparser layout with black gaps between them",true,:2,false,
2019/generativos/popo,out/2019/generativos/popo/notes.md,rayCount,raycount,"random(28,65)","[""random(60,120)""]",large,high,"denser busier sunburst per character, more of the canvas covered by rays",true,:2,false,
2019/generativos/popo,out/2019/generativos/popo/notes.md,maxSize,maxsize,520,[200],large,high,no giant characters; more uniform small-to-medium field,true,:2,false,
2019/generativos/popo,out/2019/generativos/popo/notes.md,starCount,starcount,10000,[30000],large,high,denser starfield; also shifts the random stream so character placement/sizes change entirely,true,:2,false,
2019/generativos/popo,out/2019/generativos/popo/notes.md,palette,palette,"[""#333A95"",""#F6C806"",""#F789CA"",""#1E9BF3""]","[[""#E1E8E0"",""#F5CE4B"",""#FC5801"",""#025DC4"",""#02201A"",""#489B4D""]]",large,high,hue mix becomes orange/green/yellow/dark-green/gray; pink disappears,true,:2,false,
2019/generativos/sansa,out/2019/generativos/sansa/notes.md,div,div,"int(random(0.8,1)*12) ≈ 10 rings",[5],moderate,high,"5 rings: fewer, much larger rings; bigger petals, more prominent central flower",true,:2,false,
2019/generativos/sansa,out/2019/generativos/sansa/notes.md,alp,alp,0.5,[1.0],moderate,high,"double stroke alpha: same structure, brighter and more saturated, far fewer black gaps",true,:2,false,
2019/generativos/sansa,out/2019/generativos/sansa/notes.md,det,det,"random(0.8,0.1)*0.02 (0.002-0.016)",[0.05],moderate,high,"3-25x noise frequency: lines noticeably more squiggly, feathery fringed petal edges, busier centre",true,:2,false,
2019/generativos/sansa,out/2019/generativos/sansa/notes.md,colors,colors,"#023138,#071270,#0D344C,#C61800","[""#F7743B,#9DAAAB,#6789AA,#4F4873,#3A3A3A""]",large,high,"bright palette under ADD blending: lavender/cream/tan/orange wash with large blown-out near-white areas; same structure, completely different hue",true,:2,false,
2019/generativos/sansa,out/2019/generativos/sansa/notes.md,sub,sub,r2*PI*14 lines/ring,[6],large,high,"14->6 lines per radius unit: sparse wide petals with thick black gaps between them, stained-glass look",true,:2,false,
2019/generativos/sansa,out/2019/generativos/sansa/notes.md,spacingPow,spacingpow,3,[1],moderate,high,"cubic -> linear ring spacing: rings evenly spaced, central flower smaller, no dense centre",true,:2,false,
2019/generativos/sansiedad,out/2019/generativos/sansiedad/notes.md,strokeAlpha,strokealpha,16,[64],large,high,"4x alpha saturates much faster: big filled red disc with white core, brighter overall",true,:2,false,
2019/generativos/sansiedad,out/2019/generativos/sansiedad/notes.md,det,det,"random(0.8,0.1)*random(0.03,0.04)*0.3","[""same *1.0""]",large,high,"more wobble: whole canvas saturates red/orange, ring structure nearly lost",true,:2,false,
2019/generativos/sansiedad,out/2019/generativos/sansiedad/notes.md,dc,dc,"random(0.08,0.1)*0.4","[""random(0.3,0.4)*0.4""]",large,high,colour changes fast between rings: crisp concentric red/blue banded target,true,:2,false,
2019/generativos/sansiedad,out/2019/generativos/sansiedad/notes.md,div,div,"int(random(0.8,1)*15)","[""int(random(0.8,1)*30)""]",large,high,"twice the rings: finer denser texture, stronger red field, same overall character",true,:2,false,
2019/generativos/sansiedad,out/2019/generativos/sansiedad/notes.md,sub,sub,"int(random(0.6,1)*2000)","[""int(random(0.6,1)*500)""]",large,high,"quarter the spokes: sparse long straight lines, tiny core, dark gaps",true,:2,false,
2019/generativos/tata,out/2019/generativos/tata/notes.md,cc,cc,"random(18,26)",[12],large,high,coarser 12x12 grid; thick paths fill cells into large blocky maze regions; dots and rings scale up,true,:2,false,
2019/generativos/tata,out/2019/generativos/tata/notes.md,walks,walks,90,[30],large,high,"one third of the walks; much sparser canvas, more white grid showing, fewer red markers",true,:2,false,
2019/generativos/tata,out/2019/generativos/tata/notes.md,walkMaxSteps,walkmaxsteps,60,[20],large,high,many short segments; red endpoint dots and rings become numerous and dominant; less total black (dark frac 0.616->0.425),true,:2,false,
2019/generativos/tata,out/2019/generativos/tata/notes.md,strokeWeight,strokeweight,0.2-0.9 of cell,"[""0.6-0.9 of cell""]",moderate,high,thicker lines (dark frac 0.616->0.683); white centreline and vertex dots more visible,true,:2,false,
2019/generativos/tata,out/2019/generativos/tata/notes.md,cellDiscProb,celldiscprob,0.1,[0.4],none,low,no visible change; new black discs land mostly on cells already covered by black walk lines,true,:2,false,
2019/generativos/tata,out/2019/generativos/tata/notes.md,stippleSize,stipplesize,0.08 of cell,[0.2],subtle,low,slightly larger cell-centre dots; some white dots now cover parts of black lines (dark frac 0.616->0.609),true,:2,false,
2019/generativos/tesse/tesse004,out/2019/generativos/tesse/tesse004/notes.md,dx,dx,w*0.2,[0.0],moderate,high,no S-offset: ribbons become stacked wavy bands,true,:2,false,
2019/generativos/tesse/tesse004,out/2019/generativos/tesse/tesse004/notes.md,res,res,40,[12],large,high,coarser walk: wavy edges turn angular and spiky,true,:2,false,
2019/generativos/tesse/tesse004,out/2019/generativos/tesse/tesse004/notes.md,amp,amp,"random(0.8,1)*2.6","[""random(0.8,1)*0.8""]",moderate,high,"lower amplitude: gentler, flatter waves",true,:2,false,
2019/generativos/tesse/tesse004,out/2019/generativos/tesse/tesse004/notes.md,sw,sw,"random(6,16)",[4],large,high,"4 columns: much wider, flatter stacked bands",true,:2,false,
2019/generativos/tesse/tesse004,out/2019/generativos/tesse/tesse004/notes.md,colors,colors,4-colour pastel,"[""{#000000,#eeeeee,#ffffff}""]",large,high,"same geometry, monochrome black/white/grey",true,:2,false,
2019/generativos/tesse/tesse006,out/2019/generativos/tesse/tesse006/notes.md,sw,sw,random even 4-12,[12],,unscored,,true,:2,false,
2019/generativos/tesse/tesse006,out/2019/generativos/tesse/tesse006/notes.md,sh,sh,random even 4-12,[12],,unscored,,true,:2,false,
2019/generativos/tesse/tesse006,out/2019/generativos/tesse/tesse006/notes.md,aw,aw,random(0.9),[0.1],,unscored,,true,:2,false,
2019/generativos/tesse/tesse006,out/2019/generativos/tesse/tesse006/notes.md,dotSize,dotsize,4,[40],,unscored,,true,:2,false,
2019/generativos/tesse/tesse006,out/2019/generativos/tesse/tesse006/notes.md,palette0,palette0,#E40833,"[""#00137C""]",,unscored,,true,:2,false,
2019/generativos/tesse/tesse006,out/2019/generativos/tesse/tesse006/notes.md,res,res,10,[80],,unscored,,true,:2,false,
2019/generativos/zozo,out/2019/generativos/zozo/notes.md,cc,cc,"random(20,50)",[20],subtle,low,"sparser grid; strokes longer and wider bands (more segments per stroke, ss*5 grows)",true,:2,false,
2019/generativos/zozo,out/2019/generativos/zozo/notes.md,alp1,alp1,8,[60],subtle,low,cell washes become visible as soft two-tone gradient patches over many cells,true,:2,false,
2019/generativos/zozo,out/2019/generativos/zozo/notes.md,det1,det1,random(0.01),[0.02],subtle,low,"higher noise detail: strokes thinner, more curled and jagged",true,:2,false,
2019/generativos/zozo,out/2019/generativos/zozo/notes.md,vel,vel,"random(0.5,3)",[1.0],subtle,low,"slower endpoint drift: strokes wider, smoother, stay closer to the original straight line",true,:2,false,
2019/generativos/zozo,out/2019/generativos/zozo/notes.md,colors[1],colors 1,#C99A4E,"[""#4E6AC9""]",none,low,"no visible change; palette walk keeps strokes in the tan/gold family, blue never perceptible",true,:2,false,
2019/generativos/zozo,out/2019/generativos/zozo/notes.md,grid stroke alpha,grid stroke alpha,"random(20,40)*0.9",[100],subtle,low,grid lines clearly visible as solid dark lines,true,:2,false,
2020/generative/01_04/arbolbox,out/2020/generative/01_04/arbolbox/notes.md,rectCount,rectcount,90,[30],large,high,"fewer trees -> sparser composition, more dark ground, less additive glow",true,:2,false,
2020/generative/01_04/arbolbox,out/2020/generative/01_04/arbolbox/notes.md,subdivisions,subdivisions,30,[10],large,high,"fewer subdivision passes -> larger, more uniform cells, less fine structure",true,:2,false,
2020/generative/01_04/arbolbox,out/2020/generative/01_04/arbolbox/notes.md,pointDensity,pointdensity,5.8,[1.5],large,high,"lower spray density -> darker image, glow suppressed, thin line struts become prominent",true,:2,false,
2020/generative/01_04/arbolbox,out/2020/generative/01_04/arbolbox/notes.md,lineAlpha,linealpha,120,[255],none,low,no visible change; struts are ~0.3px thin quads so 120->255 alpha is imperceptible,true,:2,false,
2020/generative/01_04/arbolbox,out/2020/generative/01_04/arbolbox/notes.md,palette,palette,"99002B,EFA300,CED1E2,D66953,28422E","[""1B2A4A,3A86FF,8ECAE6,FFB703,FB8500""]",moderate,high,"geometry identical (deterministic), hue shifts from red/gold/green to blue/gold; same layout, different colour",true,:2,false,
2020/generative/01_04/arena,out/2020/generative/01_04/arena/notes.md,pointCount,pointcount,7200000,[4500000],large,high,"sparser field: ribbons break up into grainy speckle, central white core weakens",true,:2,false,
2020/generative/01_04/arena,out/2020/generative/01_04/arena/notes.md,radialStrength,radialstrength,220,[80],moderate,high,implosion weakens: dark mottled patches spread across canvas instead of concentrated vortex,true,:2,false,
2020/generative/01_04/arena,out/2020/generative/01_04/arena/notes.md,strokeAlpha,strokealpha,"random(180,240)*0.5","[""random(180,240)""]",moderate,high,"higher contrast: dense areas saturate to pure white, dark masses deepen, less mid-grey",true,:2,false,
2020/generative/01_04/arena,out/2020/generative/01_04/arena/notes.md,weightScale,weightscale,1.2,[0.3],large,high,"dots thinner (0.1-0.4px): whole image much fainter, washed grey speckle, structure barely visible",true,:2,false,
2020/generative/01_04/arena,out/2020/generative/01_04/arena/notes.md,des2Max,des2max,160,[60],moderate,high,cloud masses collapse into thin bright filament/web lines on dark ground,true,:2,false,
2020/generative/01_04/belzo,out/2020/generative/01_04/belzo/notes.md,flowerCount,flowercount,40,[10],moderate,high,"fewer, sparser grids with larger black gaps",true,:2,false,
2020/generative/01_04/belzo,out/2020/generative/01_04/belzo/notes.md,repellerCount,repellercount,20,[6],large,high,much weaker distortion; grids stay flat and straight,true,:2,false,
2020/generative/01_04/belzo,out/2020/generative/01_04/belzo/notes.md,repellerRadius,repellerradius,"random(60, 380)","[""random(60, 140)""]",moderate,high,"smaller influence zones; straighter grid, local dents",true,:2,false,
2020/generative/01_04/belzo,out/2020/generative/01_04/belzo/notes.md,strr,strr,"random(0.6, 0.8)","[""random(2.0, 2.8)""]",large,high,strips ~3-4x thicker; bold ribbons instead of hairlines,true,:2,false,
2020/generative/01_04/belzo,out/2020/generative/01_04/belzo/notes.md,ampD,ampd,0.1,[0.6],subtle,low,no visible change,true,:2,false,
2020/generative/01_04/belzo,out/2020/generative/01_04/belzo/notes.md,palette,palette,"[#8A8DE2, #F9C827, #F2DEE4, #0A1835]","[[""#8A8DE2"",""#04EDC2"",""#F2DEE4"",""#0A1835""]]",subtle,low,teal strips replace yellow; geometry identical,true,:2,false,
2020/generative/01_04/bluurrr,out/2020/generative/01_04/bluurrr/notes.md,cc,cc,100,[200],moderate,high,"denser, thinner ring bands; spiral reads more finely layered",true,:2,true,
2020/generative/01_04/bluurrr,out/2020/generative/01_04/bluurrr/notes.md,ringScale,ringscale,1.5,[1.0],moderate,high,largest ring fits inside canvas; spiral becomes a disc on flat sage background,true,:2,true,
2020/generative/01_04/bluurrr,out/2020/generative/01_04/bluurrr/notes.md,blurAmp,bluramp,0.0001 + i*0.0001,"[""0.001 + i*0.001""]",moderate,high,ring bands nearly dissolve into a soft warm wash,true,:2,true,
2020/generative/01_04/bluurrr,out/2020/generative/01_04/bluurrr/notes.md,blurPasses,blurpasses,8,[2],subtle,low,almost no visible change; edges marginally crisper,true,:2,true,
2020/generative/01_04/bluurrr,out/2020/generative/01_04/bluurrr/notes.md,palette,palette,"B85807,FAC440,F4C8BF,A0B9A6,A1B2EA","[""6402F7,F7A4EF,F62C64,00DACA""]",large,high,same spiral geometry in neon purple/pink/teal,true,:2,true,
2020/generative/01_04/byes,out/2020/generative/01_04/byes/notes.md,cc,cc,1000,"[300,3000]",,unscored,"stamp count: 300 = sparser, smoother pastel bands with few recognisable eyes; 3000 = denser, many more eye shapes visible through the blur",true,:2,true,
2020/generative/01_04/byes,out/2020/generative/01_04/byes/notes.md,tintAlpha,tintalpha,180,[255],,unscored,"255 (fully opaque tint) = high-contrast, saturated deep reds/greens with crisp dark pupils; baseline 180 = washed-out pastel",true,:2,true,
2020/generative/01_04/byes,out/2020/generative/01_04/byes/notes.md,blurPasses,blurpasses,8,[2],,unscored,"2 = much less smearing, sharper discrete eye ellipses and shorter horizontal streaks; the collage reads more literally",true,:2,true,
2020/generative/01_04/byes,out/2020/generative/01_04/byes/notes.md,maskCount,maskcount,200,[600],,unscored,"subtle: denser mask texture fed to the shader gives slightly more varied streaking; lower eye more legible, upper area finer-grained",true,:2,true,
2020/generative/01_04/casitarbol,out/2020/generative/01_04/casitarbol/notes.md,res,res,"int(random(80,100)*2) ≈ 160–198","[""int(random(30,40)*2) ≈ 60–80""]",large,high,"fewer points per ring: sparser, more open lacy hatching, weaker central rosette",true,:2,false,
2020/generative/01_04/casitarbol,out/2020/generative/01_04/casitarbol/notes.md,detCol,detcol,random(0.002),[0.02],moderate,high,"finer color-noise scale: grainier mottling, paler pinker background",true,:2,false,
2020/generative/01_04/casitarbol,out/2020/generative/01_04/casitarbol/notes.md,ring step (i +=),ring step,0.025,[0.1],large,high,"10 rings instead of 40: sparse radial web with big gaps, small white flower at the center",true,:2,false,
2020/generative/01_04/casitarbol,out/2020/generative/01_04/casitarbol/notes.md,div,div,"int(random(5,10)) (8 at seed 42)",[12],moderate,high,12×12 grid of smaller boxes covering most of the canvas; hatching unchanged,true,:2,false,
2020/generative/01_04/casitarbol,out/2020/generative/01_04/casitarbol/notes.md,box size (siz*),box size,0.1,[0.3],large,high,"3× larger boxes: nearly cover the hatching, rosette mostly hidden behind squares",true,:2,false,
2020/generative/01_04/casitarbol,out/2020/generative/01_04/casitarbol/notes.md,sub,sub,20,[6],moderate,high,"shorter spikes: finer, lighter hatching, smaller thinner central rosette",true,:2,false,
2020/generative/01_04/cc,out/2020/generative/01_04/cc/notes.md,div,div,"random(160,220)*random(1.8,2)*0.5 ≈ 144-220","[""random(60,90)""]",moderate,high,"sparser, more skeletal mesh with visible grid cells",true,:2,false,
2020/generative/01_04/cc,out/2020/generative/01_04/cc/notes.md,strokeAlpha,strokealpha,"random(25,35)","[""random(120,160)""]",large,high,much heavier darker hatching; lobes become dark masses,true,:2,false,
2020/generative/01_04/cc,out/2020/generative/01_04/cc/notes.md,warpAmp,warpamp,120 (+ second octave 30),"[""240 (+30)""]",moderate,high,"form spreads to near full-bleed; finer, flame-like spikes",true,:2,false,
2020/generative/01_04/cc,out/2020/generative/01_04/cc/notes.md,kkk,kkk,"random(0.4,0.6)*random(0.03,0.04)*random(0.2,1)*random(0.5,1)*0.4 ≈ 0.0005-0.0096","[""2x (trailing *0.8)""]",moderate,high,finer tighter swirl; lighter open web-like texture,true,:2,false,
2020/generative/01_04/cc,out/2020/generative/01_04/cc/notes.md,background,background,230,[20],large,high,near-black field; low-alpha black lines barely visible,true,:2,false,
2020/generative/01_04/cc,out/2020/generative/01_04/cc/notes.md,warpedGrid,warpedgrid,,,,unscored,,true,:2,false,
2020/generative/01_04/cccxnn,out/2020/generative/01_04/cccxnn/notes.md,count,count,220,[100],,unscored,"half the bars: ground shows through, individual sheets readable",true,:2,false,
2020/generative/01_04/cccxnn,out/2020/generative/01_04/cccxnn/notes.md,wMax,wmax,0.14,[0.05],,unscored,"max bar width 14%->5%: thin needle-like strips, airy composition",true,:2,false,
2020/generative/01_04/cccxnn,out/2020/generative/01_04/cccxnn/notes.md,hRange,hrange,"[0.1, 0.34]","[""[0.5, 0.9]""]",,unscored,"tall full-height slabs: denser mosaic, ground almost covered",true,:2,false,
2020/generative/01_04/cccxnn,out/2020/generative/01_04/cccxnn/notes.md,gridStep,gridstep,"20*random(1,3)",[10],,unscored,"finer 10px snap: bars pack tighter, alignment less visible",true,:2,false,
2020/generative/01_04/cccxnn,out/2020/generative/01_04/cccxnn/notes.md,baseAlpha,basealpha,200,[100],,unscored,"more translucent base rects: colors mute and mix, glassier overlaps",true,:2,false,
2020/generative/01_04/cccxnn,out/2020/generative/01_04/cccxnn/notes.md,palette,palette,plum/violet/pink/red/teal,"[""#354998,#D0302B,#F76684,#FCFAEF,#FDC400 (commented-out warm set)""]",,unscored,"same composition, hue shifts to warm yellow/red with navy accents",true,:2,false,
2020/generative/01_04/circulus,out/2020/generative/01_04/circulus/notes.md,res,res,"int(random(80,340)*2)","[""*2""]",subtle,low,"slightly denser rings, no visible structural change",true,:2,false,
2020/generative/01_04/circulus,out/2020/generative/01_04/circulus/notes.md,colors,colors,"#0F0F0F,#7C7C7C,#4C4C4C","[""#EA2E73,#F7AA06,#1577D8""]",large,high,gray field becomes mustard-yellow with white dotted rings and black center; structure unchanged,true,:2,false,
2020/generative/01_04/circulus,out/2020/generative/01_04/circulus/notes.md,sub,sub,20,[40],subtle,low,"strokes read as longer hair-like lines, texture more diffuse, wavy bands weaker",true,:2,false,
2020/generative/01_04/circulus,out/2020/generative/01_04/circulus/notes.md,shrink,shrink,0.84,[0.95],moderate,high,longer tails overlap into a dense crosshatch with bright starburst spots,true,:2,false,
2020/generative/01_04/circulus,out/2020/generative/01_04/circulus/notes.md,ringStep,ringstep,0.03,[0.06],moderate,high,"halves the ring count: more distinct spaced rings, larger dark center, airier",true,:2,false,
2020/generative/01_04/cirtex,out/2020/generative/01_04/cirtex/notes.md,patchCount,patchcount,100,[300],large,high,"more low-alpha ground patches: image overall darker, broad colour regions diluted, more black ground visible",true,:2,false,
2020/generative/01_04/cirtex,out/2020/generative/01_04/cirtex/notes.md,fibreCount,fibrecount,100000,[20000],moderate,high,"sparser fur: individual strokes and dark gaps visible, colour masses unchanged",true,:2,false,
2020/generative/01_04/cirtex,out/2020/generative/01_04/cirtex/notes.md,fibreScale,fibrescale,"random(16,24)*1.4","[""random(4,8)*1.4""]",large,high,"shorter, finer strokes, more open see-through texture",true,:2,false,
2020/generative/01_04/cirtex,out/2020/generative/01_04/cirtex/notes.md,warpAmp,warpamp,500,[150],moderate,high,"weaker position warp: fine colour composition rearranged (large pale blue/cream mass centre, red/yellow at edges), same density",true,:2,false,
2020/generative/01_04/cirtex,out/2020/generative/01_04/cirtex/notes.md,detCol,detcol,"random(0.0008,0.002)","[""random(0.0001,0.0003)""]",large,high,"smoother, broader noise colour bands in the fine field, less mottling",true,:2,false,
2020/generative/01_04/cirtex,out/2020/generative/01_04/cirtex/notes.md,fibreAlpha,fibrealpha,255,[80],moderate,high,"translucent strokes: overall darker and more muted, more black ground shows through",true,:2,false,
2020/generative/01_04/ciruela,out/2020/generative/01_04/ciruela/notes.md,cc (stamp count in generate),cc,100,[30],large,high,canvas mostly black background; few stamps smeared by blur into dark blobs with ring artifacts,true,:2,true,
2020/generative/01_04/ciruela,out/2020/generative/01_04/ciruela/notes.md,detCol (colour noise scale),detcol,0.04,[0.004],subtle,low,no visible change at this 10x difference,true,:2,true,
2020/generative/01_04/ciruela,out/2020/generative/01_04/ciruela/notes.md,blur iterations,blur iterations,40,[5],large,high,stamp areas become sharp solid saturated blobs with a crisp edge; soft haze gone,true,:2,true,
2020/generative/01_04/ciruela,out/2020/generative/01_04/ciruela/notes.md,stamp alpha (tint),stamp alpha,0.6,[1.0],moderate,high,"stamps more opaque; colours denser and more saturated, same composition",true,:2,true,
2020/generative/01_04/ciruela,out/2020/generative/01_04/ciruela/notes.md,mask grid divisor,mask grid divisor,"random(6,16)","[""random(2,4)""]",subtle,low,no visible change (mask only feeds shader),true,:2,true,
2020/generative/01_04/ciruela,out/2020/generative/01_04/ciruela/notes.md,colors (palette),colors,6-col bright (#2B349E..#E3E8EA),"[""5-col dark (#0A0B0B,#2E361E,#ACB2A4,#B66F3A,#B91A1B)""]",large,high,"same composition in dark tones: rust field, dark green/maroon smudge",true,:2,true,
2020/generative/01_04/cirul,out/2020/generative/01_04/cirul/notes.md,cc (stamp count),cc,600,[200],large,high,"fewer stamps -> distinct vertical bands, less blending",true,:2,true,
2020/generative/01_04/cirul,out/2020/generative/01_04/cirul/notes.md,stamp alpha,stamp alpha,random(260),"[""random(80)""]",large,high,"lower alpha -> darker, lower-contrast, more muted image",true,:2,true,
2020/generative/01_04/cirul,out/2020/generative/01_04/cirul/notes.md,mask grid cc,mask grid cc,"random(6, 16)","[""random(12, 24)""]",none,low,no visible change (mask blobs are huge; snapping shift negligible after 80 blur passes),true,:2,true,
2020/generative/01_04/cirul,out/2020/generative/01_04/cirul/notes.md,blurAmp step,bluramp step,0.0001+i*0.004,"[""0.0001+i*0.001""]",subtle,low,"weaker smear, brush texture more legible",true,:2,true,
2020/generative/01_04/cirul,out/2020/generative/01_04/cirul/notes.md,ac (palette step),ac,"random(0.2, 1.2)","[""random(0.01, 0.05)""]",moderate,high,slower walk -> colour lingers in one palette region; yellow/gold/cream dominant,true,:2,true,
2020/generative/01_04/cirul,out/2020/generative/01_04/cirul/notes.md,palette,palette,"6-colour warm set (blue, orange, red, plum, lavender, off-white)","[""5-colour set {#B85807, #FAC440, #F4C8BF, #A0B9A6, #A1B2EA}""]",moderate,high,hue shifts to lavender/pink/periwinkle with orange accents,true,:2,true,
2020/generative/01_04/curves_str,out/2020/generative/01_04/curves_str/notes.md,attractors,attractors,20,[5],large,high,"fewer, larger, deeper dimples; most of the sheet left flat",true,:2,false,
2020/generative/01_04/curves_str,out/2020/generative/01_04/curves_str/notes.md,pointRadius,pointradius,"random(60, 380)","[""random(60, 650)""]",large,high,"dimples grow and overlap, distorting a much wider area of the weave",true,:2,false,
2020/generative/01_04/curves_str,out/2020/generative/01_04/curves_str/notes.md,sep,sep,10,[20],large,high,"checkerboard squares roughly double in size (coarser weave), same dimples",true,:2,false,
2020/generative/01_04/curves_str,out/2020/generative/01_04/curves_str/notes.md,stripHalfWidth,striphalfwidth,"random(0.6, 0.8)*12","[""random(0.9, 1.2)*12""]",moderate,high,"thicker strips close the gaps between rows; weave reads denser, less black showing through",true,:2,false,
2020/generative/01_04/curves_str,out/2020/generative/01_04/curves_str/notes.md,detStr,detstr,random(0.001),"[""random(0.004)""]",moderate,high,finer noise on strip width; square edges more irregular and bumpy,true,:2,false,
2020/generative/01_04/curves_str,out/2020/generative/01_04/curves_str/notes.md,palette,palette,"[#8A8DE2, #F9C827, #F2DEE4, #0A1835]","[#04EDC2, #FFED93, #F9F9F9, #000000]""], change: moderate, effect: ""same geometry, recoloured to teal/yellow/white/near-black",,unscored,,true,:2,false,
2020/generative/01_04/curves_str,out/2020/generative/01_04/curves_str/notes.md,radialPits,radialpits,,,,unscored,,true,:2,false,
2020/generative/01_04/curves_str,out/2020/generative/01_04/curves_str/notes.md,lerpPalette,lerppalette,,,,unscored,,true,:2,false,
2020/generative/01_04/curves_str,out/2020/generative/01_04/curves_str/notes.md,wovenGrid,wovengrid,,,,unscored,,true,:2,false,
2020/generative/01_04/daaa,out/2020/generative/01_04/daaa/notes.md,cc,cc,"random(12,45)",[12],large,high,"sparser, coarser grid; fewer and wider bands with larger grey gaps",true,:2,false,
2020/generative/01_04/daaa,out/2020/generative/01_04/daaa/notes.md,bb,bb,40,[0],moderate,high,grey margin removed; bands run edge to edge (full bleed),true,:2,false,
2020/generative/01_04/daaa,out/2020/generative/01_04/daaa/notes.md,alpha,alpha,random(255),[255],large,high,"opaque bands; saturated high-contrast colours, ground barely visible",true,:2,false,
2020/generative/01_04/daaa,out/2020/generative/01_04/daaa/notes.md,noiseDetail,noisedetail,random(0.01) x4,[0.002],large,high,"smoother, slower width taper along each band; fewer thin slivers",true,:2,false,
2020/generative/01_04/daaa,out/2020/generative/01_04/daaa/notes.md,widthFactor,widthfactor,2,[4],moderate,high,"bands twice as thick; canvas more covered, fewer background gaps",true,:2,false,
2020/generative/01_04/daaa,out/2020/generative/01_04/daaa/notes.md,palette,palette,5-colour list,"[""3-colour greyscale""]",large,high,same structure in black/grey/white,true,:2,false,
2020/generative/01_04/damino,out/2020/generative/01_04/damino/notes.md,cc,cc,"int(random(12,45)*random(0.2,4)*0.6)",[30],large,high,"more, thinner lines; cell size dd shrinks so line width shrinks too; busier coverage, same circles",true,:2,false,
2020/generative/01_04/damino,out/2020/generative/01_04/damino/notes.md,alp1,alp1,"random(140,255)","[""random(40,90)""]",subtle,low,line ribbons slightly fainter; circles dominate so overall look barely moves,true,:2,false,
2020/generative/01_04/damino,out/2020/generative/01_04/damino/notes.md,circleCount,circlecount,10,[25],moderate,high,"25 translucent blobs instead of 10; much of the canvas is covered by overlapping circles, lines recede",true,:2,false,
2020/generative/01_04/damino,out/2020/generative/01_04/damino/notes.md,circleMaxDiameter,circlemaxdiameter,"random(360)*random(0.8,1.8)","[""random(160)*random(0.8,1.8)""]",moderate,high,"circles up to ~160 instead of ~360; smaller, more numerous-looking blobs, line layer shows through more",true,:2,false,
2020/generative/01_04/damino,out/2020/generative/01_04/damino/notes.md,lineNoiseDetail,linenoisedetail,0.002,[0.01],moderate,high,"ribbon width modulated at 5x frequency: jagged, spiky, busier strokes with thin pinches",true,:2,false,
2020/generative/01_04/damino,out/2020/generative/01_04/damino/notes.md,holeChance,holechance,0.1,[0.4],subtle,low,circle rims more notched/angular (40% of ring vertices dropped vs 10%); overall change small because blobs are large and translucent,true,:2,false,
2020/generative/01_04/defRect,out/2020/generative/01_04/defRect/notes.md,cc,cc,"random(8,15)","[15,8]",,unscored,TBD,true,:2,true,
2020/generative/01_04/defRect,out/2020/generative/01_04/defRect/notes.md,des,des,ss*0.25,[0.5],,unscored,TBD,true,:2,true,
2020/generative/01_04/defRect,out/2020/generative/01_04/defRect/notes.md,blendMode,blendmode,ADD,"[""BLEND""]",,unscored,TBD,true,:2,true,
2020/generative/01_04/defRect,out/2020/generative/01_04/defRect/notes.md,colors,colors,3-color list,"[""5-color list""]",,unscored,TBD,true,:2,true,
2020/generative/01_04/defRect,out/2020/generative/01_04/defRect/notes.md,iters,iters,cc*cc*0.3,"[""cc*cc""]",,unscored,TBD,true,:2,true,
2020/generative/01_04/depa,out/2020/generative/01_04/depa/notes.md,patches,patches,100,[40],large,high,"fewer scattered height patches: big flat planes, sparser city",true,:2,false,
2020/generative/01_04/depa,out/2020/generative/01_04/depa/notes.md,patchSize,patchsize,12-40,"[""30-60""]",large,high,"larger patches: coarser slabs, wider flat tops, fewer small clusters",true,:2,false,
2020/generative/01_04/depa,out/2020/generative/01_04/depa/notes.md,maxHeight,maxheight,50,[15],large,high,"shorter blocks: shallow slabs, much flatter city, grid texture more visible",true,:2,false,
2020/generative/01_04/depa,out/2020/generative/01_04/depa/notes.md,maxRot,maxrot,0.5,[0.15],large,high,"smaller random tilt: flatter, more edge-on view; orientation also shifts (random values differ)",true,:2,false,
2020/generative/01_04/depa,out/2020/generative/01_04/depa/notes.md,cw,cw,240,[120],large,high,"half the columns: cells 2x wider, taller-looking slabs, grid narrower than canvas so white background shows at edges",true,:2,false,
2020/generative/01_04/diez,out/2020/generative/01_04/diez/notes.md,count,count,10,[20],large,high,"more shapes: original big dark disc still dominant, extra shapes add faint pale halos and tone shifts across most of the canvas",true,:2,false,
2020/generative/01_04/diez,out/2020/generative/01_04/diez/notes.md,ring_alpha,ring alpha,190*random(1),"[""60*random(1)""]",moderate,high,"ring halos become much fainter, thin olive-grey bands; solid discs (mustard, pale sage) read more clearly, flatter look",true,:2,false,
2020/generative/01_04/diez,out/2020/generative/01_04/diez/notes.md,palette,palette,sage/green set (line 103),"[""#7D7FD8 #F7AA06 #EA79B7 #FF0739 #12315E""]",large,high,"full recolour: warm orange/terracotta ground, big pink solid disc, orange halo, muted mauve corner",true,:2,false,
2020/generative/01_04/diez,out/2020/generative/01_04/diez/notes.md,size_factor,size factor,1.8,[3.0],large,high,"shapes roughly double: two or three giant overlapping discs dominate (big mustard solid disc, huge faint teal disc), fewer distinct shapes visible",true,:2,false,
2020/generative/01_04/diez,out/2020/generative/01_04/diez/notes.md,center_pull,center pull,random(0.5),"[""random(1.0)""]",moderate,high,"shapes cluster near the centre: big dark disc now centred, mustard disc concentric beside it, corners emptier",true,:2,false,
2020/generative/01_04/disppp,out/2020/generative/01_04/disppp/notes.md,det,det,random(0.02),[0.005],large,high,"lower noise frequency = larger, softer clumps with wider sparse areas between them",true,:2,false,
2020/generative/01_04/disppp,out/2020/generative/01_04/disppp/notes.md,sizeAmp,sizeamp,45,[20],large,high,"smaller noise amplitude = smaller rejection radius = far denser coverage, white gaps mostly fill in; render slowed to ~31s first frame (near the 30s budget) because more points are accepted",true,:2,false,
2020/generative/01_04/disppp,out/2020/generative/01_04/disppp/notes.md,scale,scale,0.5,[1.0],moderate,high,"doubling the noise-driven radius halves accepted-point density: same clump pattern, but thinner and with larger white regions",true,:2,false,
2020/generative/01_04/disppp,out/2020/generative/01_04/disppp/notes.md,colorProb,colorprob,0.1,[0.5],large,high,5x more colored dots (orange/violet/pink); dense clumps become visibly multicolored instead of nearly solid black,true,:2,false,
2020/generative/01_04/disppp,out/2020/generative/01_04/disppp/notes.md,skipProb,skipprob,0.2,[0.5],moderate,high,half the accepted dots are drawn as smaller 3px points instead of 4px ellipses; clumps look more granular and colored specks roughly halve (color only applies to ellipse-pass dots),true,:2,false,
2020/generative/01_04/el_arlequin_y_la_zebra,out/2020/generative/01_04/el_arlequin_y_la_zebra/notes.md,div,div,32,[16],large,high,coarser 16x16 checker: 2x larger squares; central lens and diamond bands unchanged in size,true,:2,false,
2020/generative/01_04/el_arlequin_y_la_zebra,out/2020/generative/01_04/el_arlequin_y_la_zebra/notes.md,maxDist,maxdist,swidth*0.4,"[""swidth*0.25""]",large,high,"smaller warp radius: lens shrinks to a smaller circle, surrounding checker stays flatter",true,:2,false,
2020/generative/01_04/el_arlequin_y_la_zebra,out/2020/generative/01_04/el_arlequin_y_la_zebra/notes.md,warpExponent,warpexponent,0.65,[1.5],large,high,bulge inverts to a depression: checker pulled inward and compressed into a small central circle,true,:2,false,
2020/generative/01_04/el_arlequin_y_la_zebra,out/2020/generative/01_04/el_arlequin_y_la_zebra/notes.md,rrectCw,rrectcw,8,[16],moderate,high,"twice the diamond columns in each band: thinner, denser isometric lattice, same band footprint",true,:2,false,
2020/generative/01_04/el_arlequin_y_la_zebra,out/2020/generative/01_04/el_arlequin_y_la_zebra/notes.md,colors,colors,"[""#E6D8B6"",""#D52106"",""#287D87"",""#000200""]","[[""#354998"",""#D0302B"",""#F76684"",""#FCFAEF""]]",subtle,low,bands recolored dark-blue/red/pink/near-white; checkerboard untouched,true,:2,false,
2020/generative/01_04/elbol,out/2020/generative/01_04/elbol/notes.md,trees,trees,240,[60],subtle,low,"fewer trees: large dark gaps, individual branch fans stand out",true,:2,false,
2020/generative/01_04/elbol,out/2020/generative/01_04/elbol/notes.md,alpha,alpha,220,[255],none,low,no visible change,true,:2,false,
2020/generative/01_04/elbol,out/2020/generative/01_04/elbol/notes.md,strokeWidth,strokewidth,"w*0.001, h*0.0014","[""w*0.004, h*0.005""]",moderate,high,"strokes ~4x thicker, trees read as bold lines",true,:2,false,
2020/generative/01_04/elbol,out/2020/generative/01_04/elbol/notes.md,subMax,submax,6,[12],subtle,low,"finer cells, more small ticks",true,:2,false,
2020/generative/01_04/elbol,out/2020/generative/01_04/elbol/notes.md,iterations,iterations,30,[12],subtle,low,"coarser cells, longer lines, less fine tick detail",true,:2,false,
2020/generative/01_04/fffrrr,out/2020/generative/01_04/fffrrr/notes.md,des,des,1.0,[0.5],moderate,high,"0.5 = 10x10 grid (100 flowers); much denser, smaller rosettes, carpet-like texture",true,:2,false,
2020/generative/01_04/fffrrr,out/2020/generative/01_04/fffrrr/notes.md,cc,cc,"random(3,8)","[""random(6,12)""]",moderate,high,"more strands per flower; denser, more layered, harder to distinguish individual rosettes",true,:2,false,
2020/generative/01_04/fffrrr,out/2020/generative/01_04/fffrrr/notes.md,sub,sub,0.6*amp,"[""0.3*amp""]",moderate,high,"halved iterations; sparser, more delicate, individual spiral strands visible, more background showing",true,:2,false,
2020/generative/01_04/fffrrr,out/2020/generative/01_04/fffrrr/notes.md,det,det,0.002,[0.008],moderate,high,"higher noise detail on arc angles; slightly rougher, more high-frequency wobble in individual arcs",true,:2,false,
2020/generative/01_04/fffrrr,out/2020/generative/01_04/fffrrr/notes.md,alp,alp,26,[60],moderate,high,"higher alpha; brighter, more saturated, flowers appear more 'filled in' and glowing",true,:2,false,
2020/generative/01_04/fffrrr,out/2020/generative/01_04/fffrrr/notes.md,colors,colors,"#edbc1c,#941313,#2B1F19,#1B44C1","#FFB401,#072457,#EF4C02,#ADC7C8,#FE6567",moderate,high,"warm orange/pink/white palette; much lighter overall, pastel feel, gold and salmon dominant",true,:2,false,
2020/generative/01_04/fieldop,out/2020/generative/01_04/fieldop/notes.md,sub,sub,"random(60,140)*12","[""random(60,140)*30""]",large,high,"strips ~3x thinner; whole field reads as fine hatching, same S-wave and void",true,:2,false,
2020/generative/01_04/fieldop,out/2020/generative/01_04/fieldop/notes.md,kkk,kkk,"random(0.0004,0.012)*0.4","[""random(0.0004,0.012)*1.5""]",large,high,higher twist frequency: multiple focal fans and concentric ripples instead of one S-wave,true,:2,false,
2020/generative/01_04/fieldop,out/2020/generative/01_04/fieldop/notes.md,twistGain,twistgain,12,[4],large,high,"weaker twist: single smooth S-curve, much straighter stripe bands",true,:2,false,
2020/generative/01_04/fieldop,out/2020/generative/01_04/fieldop/notes.md,coarseAmp,coarseamp,120,[240],large,high,"double coarse warp: gentler/wider central wave, top and bottom bands compress into grey moire hatching",true,:2,false,
2020/generative/01_04/fieldop,out/2020/generative/01_04/fieldop/notes.md,step,step,2,[1],none,low,no visible change (2px sampling already below feature size),true,:2,false,
2020/generative/01_04/fil,out/2020/generative/01_04/fil/notes.md,bigBlobCount,bigblobcount,100,[40],large,high,"fewer, more distinct background blobs; less tonal overlap",true,:2,false,
2020/generative/01_04/fil,out/2020/generative/01_04/fil/notes.md,bigBlobScale,bigblobscale,120,[240],large,high,"blobs 2x, merge into a few canvas-spanning faceted regions",true,:2,false,
2020/generative/01_04/fil,out/2020/generative/01_04/fil/notes.md,faceCount,facecount,25,[8],moderate,high,only ~8 face motifs; background unchanged,true,:2,false,
2020/generative/01_04/fil,out/2020/generative/01_04/fil/notes.md,spokeRange,spokerange,"random(12,40)*random(1)","[""random(12,40)""]",moderate,high,every face gets dense full spokes; stronger starbursts,true,:2,false,
2020/generative/01_04/fil,out/2020/generative/01_04/fil/notes.md,vertexKeepProb,vertexkeepprob,0.1,[0.3],moderate,high,blobs clearly smoother/rounder; faceting reduced,true,:2,false,
2020/generative/01_04/fil,out/2020/generative/01_04/fil/notes.md,palette,palette,"ED4715,FFA3EC,B0A8FF,0D110F,FFB951","[""04EDC2,FFED93,F9F9F9,000000,062FAA""]",large,high,"same structure, recoloured to cool teal/cream/blue/black",true,:2,false,
2020/generative/01_04/florchi,out/2020/generative/01_04/florchi/notes.md,detRot,detrot,0.005,[0.02],subtle,low,hatch ground orientations vary more rapidly/finely; flowers unchanged,true,:2,false,
2020/generative/01_04/florchi,out/2020/generative/01_04/florchi/notes.md,detSize,detsize,0.02,[0.04],large,high,"higher-frequency size field: more medium/small flowers, placement shifts",true,:2,false,
2020/generative/01_04/florchi,out/2020/generative/01_04/florchi/notes.md,candidates,candidates,14000,[7000],none,low,no visible change; accepted flower set is area-limited by the gap test,true,:2,false,
2020/generative/01_04/florchi,out/2020/generative/01_04/florchi/notes.md,sliverTurns,sliverturns,3.5,[7],large,high,"double slivers per flower: denser, more solid disks, stronger spiral",true,:2,false,
2020/generative/01_04/florchi,out/2020/generative/01_04/florchi/notes.md,palette,palette,"[#99002B, #CED1E2, #D66953, #28422E]","[""[#072457, #FFB401, #EF4C02, #ADC7C8]""]",moderate,high,all flowers recolored (blue/gold/orange/pale grey); layout unchanged,true,:2,false,
2020/generative/01_04/fractal001,out/2020/generative/01_04/fractal001/notes.md,scale,scale,1.2,[],none,low,,true,:2,true,
2020/generative/01_04/fractal001,out/2020/generative/01_04/fractal001/notes.md,center,center,"(0.2, 0.9)",[],none,low,,true,:2,true,
2020/generative/01_04/fractal001,out/2020/generative/01_04/fractal001/notes.md,max_iter,max iter,100,[],none,low,,true,:2,true,
2020/generative/01_04/fractal001,out/2020/generative/01_04/fractal001/notes.md,mix_distort,mix distort,0.01,[],none,low,,true,:2,true,
2020/generative/01_04/gatin,out/2020/generative/01_04/gatin/notes.md,gridMult,gridmult,22,[30],moderate,high,"multiplier on random grid count; higher = denser, finer diamonds (same checkerboard)",true,:2,false,
2020/generative/01_04/gatin,out/2020/generative/01_04/gatin/notes.md,detCol,detcol,random(0.001),"[""random(0.0004)""]",subtle,low,"noise detail of the colour field; lower = slightly larger, smoother colour regions",true,:2,false,
2020/generative/01_04/gatin,out/2020/generative/01_04/gatin/notes.md,noiseColorMult,noisecolormult,4,[16],moderate,high,"multiplier on noise term in palette index; higher = index wanders further across palette, red end (#BF0624) appears",true,:2,false,
2020/generative/01_04/gatin,out/2020/generative/01_04/gatin/notes.md,desCol,descol,(i+j)%2,"[""(i+j+1)%2""]",none,low,"no visible change: desCol is dead code — line 71 uses (i+j)%2 directly, not desCol",true,:2,false,
2020/generative/01_04/gatin,out/2020/generative/01_04/gatin/notes.md,dotSize,dotsize,0.1,[0.5],subtle,low,intersection ellipse size (fraction of cell); larger = prominent grid of cream ovals over the diamonds,true,:2,false,
2020/generative/01_04/girrol,out/2020/generative/01_04/girrol/notes.md,detailCount,detailcount,200000,[100000],moderate,high,"thinner, sparser stroke texture; dark blot becomes smaller and less dense",true,:2,false,
2020/generative/01_04/girrol,out/2020/generative/01_04/girrol/notes.md,detAmp,detamp,0.002,[0.004],large,high,higher-frequency amplitude noise: many smaller dark blots each ringed in yellow instead of a few large blots,true,:2,false,
2020/generative/01_04/girrol,out/2020/generative/01_04/girrol/notes.md,colors,colors,"[#25564F,#4D7AAC,#AAC1B9,#FCCD02,#100E14]","[""[#7A2E1D,#C25E1B,#E8B04B,#3A2418,#F2E3C6]""]",large,high,same composition in warm rust/orange/gold; blots read as dark brown with grey halos,true,:2,false,
2020/generative/01_04/girrol,out/2020/generative/01_04/girrol/notes.md,stampScale,stampscale,"random(16,24)*1.4","[""random(32,48)*1.4""]",moderate,high,"2x stamp size: looser, fluffier fibrous texture, larger softer blot edges",true,:2,false,
2020/generative/01_04/girrol,out/2020/generative/01_04/girrol/notes.md,underpaintCount,underpaintcount,100,[50],large,high,"mottled blue+gold ground nearly gone: smooth blue field dominates, yellow only in a band, blots barely visible",true,:2,false,
2020/generative/01_04/gradcity,out/2020/generative/01_04/gradcity/notes.md,centerCount,centercount,40,[80],large,high,"denser field, canvas fully covered, paler ground gone, finer shard texture",true,:2,false,
2020/generative/01_04/gradcity,out/2020/generative/01_04/gradcity/notes.md,subRange,subrange,8..40,"[""8..12""]",large,high,"coarser fans: fewer, wider wedges per centre, individual radial clusters more distinct",true,:2,false,
2020/generative/01_04/gradcity,out/2020/generative/01_04/gradcity/notes.md,amp,amp,0.4,[0.7],large,high,"larger wedges and gradients, bigger-scale overlap, fewer small sharp shards",true,:2,false,
2020/generative/01_04/gradcity,out/2020/generative/01_04/gradcity/notes.md,wedgeAlpha,wedgealpha,random(255),[60],large,high,"much lighter, pastel and washed-out; ground shows through everywhere",true,:2,false,
2020/generative/01_04/gradcity,out/2020/generative/01_04/gradcity/notes.md,palette,palette,cyan/magenta/yellow,"[""#354998/#D0302B/#F76684/#FCFAEF/#FDC400""]",large,high,same geometry in warm reds/oranges/gold with cream and indigo accents,true,:2,false,
2020/generative/01_04/gradd,out/2020/generative/01_04/gradd/notes.md,sub,sub,"random(4000,8000)*0.8*amp","[""random(1000,2000)*0.8*amp""]",large,high,"fewer segments: ribbons coarser and sparser, long threads read as distinct curves",true,:2,false,
2020/generative/01_04/gradd,out/2020/generative/01_04/gradd/notes.md,alp,alp,24,[8],large,high,"one-third alpha: pale pastel tangle, dark knot fades to mauve",true,:2,false,
2020/generative/01_04/gradd,out/2020/generative/01_04/gradd/notes.md,strokeWeight,strokeweight,1.2,[3.0],large,high,2.5x weight: white ground mostly covered by bold hatching,true,:2,false,
2020/generative/01_04/gradd,out/2020/generative/01_04/gradd/notes.md,colors,colors,"FE829C,000000,BB6633,3B382B,DF9BFB","[""072457,EFA300,CED1E2,D66953,28422E""]",moderate,high,"same geometry in navy, mustard, pale blue-grey, coral, dark green",true,:2,false,
2020/generative/01_04/gradd,out/2020/generative/01_04/gradd/notes.md,det,det,0.002,[0.008],moderate,high,4x noise scale re-orients arcs; bold black hatch fans appear (top right),true,:2,false,
2020/generative/01_04/gradd,out/2020/generative/01_04/gradd/notes.md,layers,layers,3,[6],moderate,high,"2x layers: same composition, denser; centre knot and violet mass intensify",true,:2,false,
2020/generative/01_04/grado,out/2020/generative/01_04/grado/notes.md,cc,cc,"random(3,8)",[20],moderate,high,"more clusters per cell; denser busier composition, bigger overlapping tangles and spiky feathery forms",true,:2,false,
2020/generative/01_04/grado,out/2020/generative/01_04/grado/notes.md,amp,amp,1.2,[0.4],moderate,high,fewer spiral turns; looser larger open sweeping loops instead of tight tangles,true,:2,false,
2020/generative/01_04/grado,out/2020/generative/01_04/grado/notes.md,sub,sub,0.6,[0.3],moderate,high,"half the arcs per cluster; sparser, individual rings and balls more distinct",true,:2,false,
2020/generative/01_04/grado,out/2020/generative/01_04/grado/notes.md,det,det,0.002,[0.01],moderate,high,"5x noise detail; finer more fragmented spiky arcs, elements look smaller and break apart",true,:2,false,
2020/generative/01_04/grado,out/2020/generative/01_04/grado/notes.md,oscAmp,oscamp,"random(5,16)",[0],moderate,high,removes radius oscillation; clusters become smoother denser filled disc-like balls with fewer wavy petals,true,:2,false,
2020/generative/01_04/grado,out/2020/generative/01_04/grado/notes.md,colors,colors,"{#FE829C,#000000,#BB6633,#3B382B,#DF9BFB}","[""{#A1A7F4,#EA77BA,#EA0071,#F70D04,#301156}""]",moderate,high,palette swapped to pink/red/violet; structure unchanged,true,:2,false,
2020/generative/01_04/grados,out/2020/generative/01_04/grados/notes.md,cc,cc,"int(random(3, 8)*5)","[15,35]",large,high,"more layers = denser, brighter fan of rays (also shifts the random stream, so composition changes)",true,:2,false,
2020/generative/01_04/grados,out/2020/generative/01_04/grados/notes.md,sca,sca,8,[16],moderate,high,arcs roughly double in size; big looping ribbons fill the frame,true,:2,false,
2020/generative/01_04/grados,out/2020/generative/01_04/grados/notes.md,alpha (26* in alp),alpha,26,[130],large,high,"much brighter, saturated lime/white; additive stacking blows out the core",true,:2,false,
2020/generative/01_04/grados,out/2020/generative/01_04/grados/notes.md,colors[],colors,"6x #060606, #90ff00, #ffffff","[""warm list: #FFB401 #072457 #EF4C02 #ADC7C8 #FE6567""]",large,high,same composition recoloured amber/orange/red with warm-white core,true,:2,false,
2020/generative/01_04/grados,out/2020/generative/01_04/grados/notes.md,blendMode,blendmode,ADD,"[""BLEND""]",subtle,low,"fan structure unchanged; white glow in the core lost, knot turns pale grey, slightly dimmer overall",true,:2,false,
2020/generative/01_04/grosores,out/2020/generative/01_04/grosores/notes.md,attempts,attempts,14000,[30000],moderate,high,"denser field: more coins, small coins fill the gaps between the big clusters",true,:2,false,
2020/generative/01_04/grosores,out/2020/generative/01_04/grosores/notes.md,detSize,detsize,random(0.02),"[""random(0.004)""]",large,high,"slower radius field: fewer very large coins, more even size spread, loose clusters dissolve",true,:2,false,
2020/generative/01_04/grosores,out/2020/generative/01_04/grosores/notes.md,detAmp,detamp,random(0.03),"[""random(0.012)""]",moderate,high,smoother amplitude modulation: same density but big coins regroup into different patches,true,:2,false,
2020/generative/01_04/grosores,out/2020/generative/01_04/grosores/notes.md,stackLayers,stacklayers,10,[20],moderate,high,"taller coins: double the visible disc layers, stronger tiered look, same layout",true,:2,false,
2020/generative/01_04/grosores,out/2020/generative/01_04/grosores/notes.md,dotsPerSpoke,dotsperspoke,40,[80],moderate,high,"denser, more saturated gold sunburst on each top face, same layout",true,:2,false,
2020/generative/01_04/gusi,out/2020/generative/01_04/gusi/notes.md,cc,cc,20000,[6000],moderate,high,"fewer burst strokes = sparser, more separated spines",true,:2,false,
2020/generative/01_04/gusi,out/2020/generative/01_04/gusi/notes.md,sep,sep,6,[4],moderate,high,"fewer divisions = larger cells, more/bigger filled squares",true,:2,false,
2020/generative/01_04/gusi,out/2020/generative/01_04/gusi/notes.md,colors,colors,"FF4507,4111AF,FF56B6","[""00C2A8,FFD60A,223072""]",large,high,"recolors background, cell fills and bursts (teal/yellow/navy)",true,:2,false,
2020/generative/01_04/gusi,out/2020/generative/01_04/gusi/notes.md,amp,amp,2.4,[5.0],moderate,high,longer stroke envelope = spines reach past cell edges,true,:2,false,
2020/generative/01_04/gusi,out/2020/generative/01_04/gusi/notes.md,da,da,0.2,[0.5],subtle,low,wider spiral drift; barely visible,true,:2,false,
2020/generative/01_04/humus,out/2020/generative/01_04/humus/notes.md,cc,cc,800000,[200000],moderate,high,"4x fewer points: sparse star-field, colours only faintly readable",false,:2,false,non-deterministic baseline; only large changes are reliable
2020/generative/01_04/humus,out/2020/generative/01_04/humus/notes.md,detCol,detcol,random(0.01),[0.02],moderate,high,"higher noise scale: smaller, finer colour patches; large coherent regions break up into mottling",false,:2,false,non-deterministic baseline; only large changes are reliable
2020/generative/01_04/humus,out/2020/generative/01_04/humus/notes.md,addProb,addprob,0.1,[0.5],subtle,low,no visible change (within the non-determinism rotation noise floor),false,:2,false,non-deterministic baseline; only large changes are reliable
2020/generative/01_04/humus,out/2020/generative/01_04/humus/notes.md,strokeWeight,strokeweight,random(1.2),[2.4],large,high,"2x weight: brighter, denser, more saturated colour regions; disc reads as a solid wash",false,:2,false,non-deterministic baseline; only large changes are reliable
2020/generative/01_04/humus,out/2020/generative/01_04/humus/notes.md,radius,radius,width*0.6,"[""width*0.4""]",moderate,high,"smaller disc; dark margin visible at the top, same colour layout inside",false,:2,false,non-deterministic baseline; only large changes are reliable
2020/generative/01_04/humus,out/2020/generative/01_04/humus/notes.md,background,background,20,[255],large,high,white background: dots read as a dark dense disc on white; ADD points brighten towards white,false,:2,false,non-deterministic baseline; only large changes are reliable
2020/generative/01_04/lamida,out/2020/generative/01_04/lamida/notes.md,layers,layers,400,[120],moderate,high,"fewer arc layers: large flat fan sectors and more empty gaps, less additive glow",true,:2,false,
2020/generative/01_04/lamida,out/2020/generative/01_04/lamida/notes.md,alpScale,alpscale,0.22,[0.55],large,high,"higher alpha: much brighter, large blown-out white areas, center almost fully white under ADD",true,:2,false,
2020/generative/01_04/lamida,out/2020/generative/01_04/lamida/notes.md,strokeWeight,strokeweight,"random(1, random(1, 2))","random(3, random(3, 6))",large,high,"thicker strokes: spokes become chunky bars/ribbons, coarser texture",true,:2,false,
2020/generative/01_04/lamida,out/2020/generative/01_04/lamida/notes.md,r2Range,r2range,"width*random(0.2, 0.8)","width*random(0.3, 1.1)",moderate,high,"arcs extend further out toward canvas edges, darker empty corners",true,:2,false,
2020/generative/01_04/lamida,out/2020/generative/01_04/lamida/notes.md,twistAmp,twistamp,0.1,[0.4],subtle,low,no visible change at this magnitude; arcs look essentially the same,true,:2,false,
2020/generative/01_04/lana,out/2020/generative/01_04/lana/notes.md,ccc,ccc,1000000,[250000],subtle,low,"lower count = thinner fur, more flat checker showing through",true,:2,false,
2020/generative/01_04/lana,out/2020/generative/01_04/lana/notes.md,detAng,detang,"random(0.02)*random(0.2,1)","[""random(0.08)*random(0.2,1)""]",subtle,low,"higher frequency = smaller, tighter curls; overall look similar",true,:2,false,
2020/generative/01_04/lana,out/2020/generative/01_04/lana/notes.md,stroke_alpha,stroke alpha,random(255)*random(1),[255],moderate,high,full alpha darkens and muddies the quadrant: opaque strokes overpaint earlier bright ones,true,:2,false,
2020/generative/01_04/lana,out/2020/generative/01_04/lana/notes.md,add_blend_chance,add blend chance,0.1,[1],subtle,low,all-ADD slightly brighter; dark area gets faintly visible curl texture,true,:2,false,
2020/generative/01_04/lana,out/2020/generative/01_04/lana/notes.md,brush_aspect,brush aspect,"ww*random(0.1,0.3)","[""ww*random(0.5,1)""]",moderate,high,"short fat strokes = stubbly curly wool, checker reads more plaid-like",true,:2,false,
2020/generative/01_04/lana,out/2020/generative/01_04/lana/notes.md,brush_width,brush width,"random(4,12)","[""random(12,36)""]",moderate,high,"bigger strokes = softer, blurrier quadrant; larger faint curls in dark area",true,:2,false,
2020/generative/01_04/machitas,out/2020/generative/01_04/machitas/notes.md,count,count,2000,[6000],large,high,"denser, busier coverage; gaps fill in, strokes read finer",true,:2,false,
2020/generative/01_04/machitas,out/2020/generative/01_04/machitas/notes.md,detAng,detang,random(0.0001),"[""random(0.001)""]",moderate,high,"coarser angle noise: strokes thinner, direction varies more locally, less smooth diagonal flow, more black showing",true,:2,false,
2020/generative/01_04/machitas,out/2020/generative/01_04/machitas/notes.md,detCol,detcol,random(0.001),"[""random(0.005)""]",moderate,high,colour noise at coarser scale: hues form larger distinct patches instead of a smooth drift,true,:2,false,
2020/generative/01_04/machitas,out/2020/generative/01_04/machitas/notes.md,scale,scale,16,[6],large,high,"smaller stamps: strokes overlap more into a pale, soft, near-uniform lavender field",true,:2,false,
2020/generative/01_04/machitas,out/2020/generative/01_04/machitas/notes.md,angleGain,anglegain,TAU*10,"[""TAU*30""]",moderate,high,"rotation wraps many more times: aligned fur flow breaks up into a dark, sparse, multi-directional streaky texture",true,:2,false,
2020/generative/01_04/machitas,out/2020/generative/01_04/machitas/notes.md,palette,palette,purple/lilac/rose/teal,"[""blue/red/rose/cream""]",moderate,high,"same flow, warm blue-rose-cream tones replacing the purple-teal scheme",true,:2,false,
2020/generative/01_04/mmmta,out/2020/generative/01_04/mmmta/notes.md,iterations,iterations,40,"[15,80]",subtle,low,"15 = fewer, larger, rounder blobs, slivers almost gone; 80 = more, smaller, sharper shards",true,:2,false,
2020/generative/01_04/mmmta,out/2020/generative/01_04/mmmta/notes.md,alpha,alpha,220,[80],subtle,low,layout unchanged; all fills faded/washed out,true,:2,false,
2020/generative/01_04/mmmta,out/2020/generative/01_04/mmmta/notes.md,vertexProb,vertexprob,0.1,[0.4],none,low,no visible change per diff; shapes read slightly smoother and more circular,true,:2,false,
2020/generative/01_04/mmmta,out/2020/generative/01_04/mmmta/notes.md,fillFactor,fillfactor,0.8,[1.2],subtle,low,shapes grow past their cells; big shapes now overlap neighbours,true,:2,false,
2020/generative/01_04/mmmta,out/2020/generative/01_04/mmmta/notes.md,palette,palette,"{#F78316,#FAFFA5,#679BEA,#D2D3E0,#FFFFFF}","[""{#163099,#E02311,#F783C4,#FCFAEF,#FCB346}""]",subtle,low,warm brown/pink/orange/cream replaces the pastel blue/lavender,true,:2,false,
2020/generative/01_04/monta,out/2020/generative/01_04/monta/notes.md,mountains,mountains,20,[35],moderate,high,"more, thinner layers; flatter gentler ridges, paler/hazier overall, tan ground shows through",true,:2,true,
2020/generative/01_04/monta,out/2020/generative/01_04/monta/notes.md,detH,deth,"random(0.0012,0.002)*0.8","[""random(0.003,0.005)*0.8""]",moderate,high,higher-frequency ridge noise; much spikier jagged alpine peaks,true,:2,true,
2020/generative/01_04/monta,out/2020/generative/01_04/monta/notes.md,cc_mult,cc mult,0.8,[2.0],moderate,high,"denser stipple points inside canopies; deeper, more saturated texture, same tree shapes",true,:2,true,
2020/generative/01_04/monta,out/2020/generative/01_04/monta/notes.md,detSiz,detsiz,random(0.01),"[""random(0.03)""]",moderate,high,"more size variation; larger, clumpier tree canopies",true,:2,true,
2020/generative/01_04/monta,out/2020/generative/01_04/monta/notes.md,zone_exponent,zone exponent,8,[2],moderate,high,"weaker clearing mask; gaps fill with trees, fewer clearings (most subtle of the set)",true,:2,true,
2020/generative/01_04/monta,out/2020/generative/01_04/monta/notes.md,amp,amp,height*0.9,"[""height*0.5""]",moderate,high,ridges compressed into the top half; large empty dark area at the bottom,true,:2,true,
2020/generative/01_04/monta,out/2020/generative/01_04/monta/notes.md,stippleCanopy,stipplecanopy,,,,unscored,,true,:2,true,
2020/generative/01_04/noiiiii,out/2020/generative/01_04/noiiiii/notes.md,form_cc,form cc,20,[40],moderate,high,"denser, finer striations; central band splits into more thin lines; right edge gains more, smaller concentric rings",true,:2,false,
2020/generative/01_04/noiiiii,out/2020/generative/01_04/noiiiii/notes.md,back_cc_divisor,back cc divisor,10,[5],large,high,back layer 24-36 strips instead of 12-18: the two lens shapes dissolve into a full-bleed dense vertical striation texture,true,:2,false,
2020/generative/01_04/noiiiii,out/2020/generative/01_04/noiiiii/notes.md,back_det,back det,random(0.004),"[""random(0.02)""]",moderate,high,"coarser, grainier, more ragged texture; lenses break up; right edge opens into a large rainbow wavy band",true,:2,false,
2020/generative/01_04/noiiiii,out/2020/generative/01_04/noiiiii/notes.md,form_det,form det,random(0.001),"[""random(0.005)""]",subtle,low,"subtle: texture slightly more mottled; ring columns on the right shift, otherwise same composition",true,:2,false,
2020/generative/01_04/noiiiii,out/2020/generative/01_04/noiiiii/notes.md,palette_order,palette order,"[#EA2E73, #F7AA06, #1577D8]","[""[#EA2E73, #1577D8, #F7AA06]""]",subtle,low,"subtle: composition identical; strips that were orange now blue and vice versa, so yellow accents in the right rings/specks turn blue",true,:2,false,
2020/generative/01_04/nomames,out/2020/generative/01_04/nomames/notes.md,count,count,280,[100],moderate,high,"sparser field, large black gaps; same colours and ring structure",true,:2,true,
2020/generative/01_04/nomames,out/2020/generative/01_04/nomames/notes.md,alpha,alpha,50,[180],large,high,rings far more visible; canvas washed in bright pink-purple haze with distinct orange/blue patterns,true,:2,true,
2020/generative/01_04/nomames,out/2020/generative/01_04/nomames/notes.md,sub,sub,10,[3],large,high,only small dim dots and single faint rings; no large multi-ring blooms,true,:2,true,
2020/generative/01_04/nomames,out/2020/generative/01_04/nomames/notes.md,grid,grid,30,[12],large,high,"finer placement, clusters ~3x smaller (size scales with grid); small targets across canvas",true,:2,true,
2020/generative/01_04/nomames,out/2020/generative/01_04/nomames/notes.md,palette,palette,3 colours,"[""5 colours""]",moderate,high,same structure; colours shift blue/purple/orange -> indigo/pink/yellow/red,true,:2,true,
2020/generative/01_04/nomate,out/2020/generative/01_04/nomate/notes.md,grid,grid,60,[30],moderate,high,"finer grid also halves ring sizes (s scales with grid): finer, busier, more fully covered texture",true,:2,true,
2020/generative/01_04/nomate,out/2020/generative/01_04/nomate/notes.md,count (loop bound),count,400,[100],large,high,"sparser field, more black background, individual rings stand out",true,:2,true,
2020/generative/01_04/nomate,out/2020/generative/01_04/nomate/notes.md,alp (ring alpha max),alp,190,[60],moderate,high,"fainter rings, more black visible, grainy speckle more pronounced",true,:2,true,
2020/generative/01_04/nomate,out/2020/generative/01_04/nomate/notes.md,s (size upper bound),s,"int(random(3, random(4, 16)))","[""int(random(3, 8))""]",moderate,high,"no large open rings, finer uniform texture",true,:2,true,
2020/generative/01_04/nomate,out/2020/generative/01_04/nomate/notes.md,displace,displace,random(100) per shape,[25],moderate,high,same density/palette; removing the per-shape random() call also shifts the random stream so layout differs; shared grain offset across shapes,true,:2,true,
2020/generative/01_04/nomate,out/2020/generative/01_04/nomate/notes.md,colors (palette),colors,"[""#4E87C5"",""#BA8FE7"",""#F76A0B""]","[[""#F72C11"",""#12315E"",""#FCFAEF""]]",large,high,"red / dark-navy / off-white; brighter, higher contrast, white rings read as highlights",true,:2,true,
2020/generative/01_04/nomaten,out/2020/generative/01_04/nomaten/notes.md,grid,grid,60,[30],large,high,"halves snap size and hub radii; hubs smaller, spokes marginally finer, composition otherwise similar (score inflated by baseline frame-1 artifact)",true,:2,true,
2020/generative/01_04/nomaten,out/2020/generative/01_04/nomaten/notes.md,hubCount,hubcount,3,[6],large,high,"six fans instead of three; denser crossings, more additive overlap, more black gaps",true,:2,true,
2020/generative/01_04/nomaten,out/2020/generative/01_04/nomaten/notes.md,alp,alp,255,[128],moderate,high,all spokes visibly darker/more transparent; weaker additive buildup at overlaps,true,:2,true,
2020/generative/01_04/nomaten,out/2020/generative/01_04/nomaten/notes.md,outerDiameter,outerdiameter,width*3,"[""width*1.5""]",large,high,"spokes stop at 720 px radius; fan boundaries visible as arcs, no full-bleed",true,:2,true,
2020/generative/01_04/nomaten,out/2020/generative/01_04/nomaten/notes.md,resFactor,resfactor,0.004,[0.008],large,high,"spoke count doubled (~54 per fan); visibly finer, busier, thinner spokes",true,:2,true,
2020/generative/01_04/nomaten,out/2020/generative/01_04/nomaten/notes.md,colors,colors,"[#4E87C5,#BA8FE7,#F76A0B]","[""[#354998,#D0302B,#F76684,#FCFAEF,#FDC400]""]",moderate,high,"deep red, cream, steel blue, pink; identical geometry",true,:2,true,
2020/generative/01_04/opena,out/2020/generative/01_04/opena/notes.md,pushFactor,pushfactor,220.0,[550.0],large,high,"stronger center push blows stripes off the edges, leaving a dark central mass with wide white margins",true,:2,false,
2020/generative/01_04/opena,out/2020/generative/01_04/opena/notes.md,des2,des2,160.0,[320.0],large,high,bigger folds: more white gaps torn open and more violent ribbon sweeps,true,:2,false,
2020/generative/01_04/opena,out/2020/generative/01_04/opena/notes.md,sub,sub,"random(60,90)*2","[""random(120,150)*2""]",large,high,"twice as many, thinner stripes; denser moire",true,:2,false,
2020/generative/01_04/opena,out/2020/generative/01_04/opena/notes.md,angMult,angmult,3.0,[6.0],subtle,low,"no visible change: fine jitter angle doubled, barely noticeable",true,:2,false,
2020/generative/01_04/opena,out/2020/generative/01_04/opena/notes.md,des,des,40.0,[80.0],subtle,low,"no visible change: fine jitter doubled, lost in the coarse fold",true,:2,false,
2020/generative/01_04/opop,out/2020/generative/01_04/opop/notes.md,detSize,detsize,"random(0.007,0.01)*0.5","[""random(0.003,0.004)*0.5""]",large,high,"coarser size-field noise -> bigger, smoother, more uniform bubbles; larger voids",true,:2,false,
2020/generative/01_04/opop,out/2020/generative/01_04/opop/notes.md,maxSize,maxsize,nn*360,"[""nn*600""]",large,high,"bigger circles -> fewer, very large merged blobs; thin central void",true,:2,false,
2020/generative/01_04/opop,out/2020/generative/01_04/opop/notes.md,pointCount,pointcount,18000,[8000],moderate,high,"fewer candidates -> smaller bubbles, more gaps; connecting network more visible",true,:2,false,
2020/generative/01_04/opop,out/2020/generative/01_04/opop/notes.md,alpha,alpha,10,[30],large,high,"higher peak alpha -> brighter, more solid/filled blobs; less black showing through",true,:2,false,
2020/generative/01_04/opop,out/2020/generative/01_04/opop/notes.md,detCol,detcol,random(0.0006),"[""random(0.002)""]",moderate,high,finer color noise -> more mottled/variegated color patches on a similar bubble layout,true,:2,false,
2020/generative/01_04/papa,out/2020/generative/01_04/papa/notes.md,pointCount,pointcount,10000,[],,unscored,,false,:2,false,non-deterministic baseline; only large changes are reliable
2020/generative/01_04/papa,out/2020/generative/01_04/papa/notes.md,pointSize,pointsize,500,[],,unscored,,false,:2,false,non-deterministic baseline; only large changes are reliable
2020/generative/01_04/papa,out/2020/generative/01_04/papa/notes.md,zScale,zscale,2.6,[],,unscored,,false,:2,false,non-deterministic baseline; only large changes are reliable
2020/generative/01_04/papa,out/2020/generative/01_04/papa/notes.md,detCol,detcol,0.0005-0.002,[],,unscored,,false,:2,false,non-deterministic baseline; only large changes are reliable
2020/generative/01_04/papa,out/2020/generative/01_04/papa/notes.md,det,det,0.0016,[],,unscored,,false,:2,false,non-deterministic baseline; only large changes are reliable
2020/generative/01_04/papa/noiiiii,out/2020/generative/01_04/papa/noiiiii/notes.md,form_cc,form cc,20,"[8,60]",,unscored,"fewer strips: darker, sparser top layer, coloured edge loops stand out; more strips: dense multicolour wavy bands, structure clearly visible",true,:2,false,
2020/generative/01_04/papa/noiiiii,out/2020/generative/01_04/papa/noiiiii/notes.md,back_cc_div,back cc div,10,[4],large,high,"more back strips: whole field becomes a dark magenta/purple fine vertical texture, dominant over the form layer",true,:2,false,
2020/generative/01_04/papa/noiiiii,out/2020/generative/01_04/papa/noiiiii/notes.md,form_det,form det,0.001,[0.006],subtle,low,"higher noise detail: striations get grainier/more fragmented, same lobe silhouette",true,:2,false,
2020/generative/01_04/papa/noiiiii,out/2020/generative/01_04/papa/noiiiii/notes.md,palette,palette,"EA2E73,F7AA06,1577D8","[""07001C,2e0091,E2A218,D61406""]",moderate,high,"same geometry; indigo/navy field with bold gold, magenta and blue loops",true,:2,false,
2020/generative/01_04/papalon,out/2020/generative/01_04/papalon/notes.md,det,det,0.0016,[0.0008],large,high,"coarser noise detail: larger, chunkier glow regions (layout re-rolls every run anyway)",false,:2,false,non-deterministic baseline; only large changes are reliable
2020/generative/01_04/papalon,out/2020/generative/01_04/papalon/notes.md,points,points,120000,[30000],large,high,"density barely changed - packing still fills the canvas; slightly fewer, more isolated glow spots",false,:2,false,non-deterministic baseline; only large changes are reliable
2020/generative/01_04/papalon,out/2020/generative/01_04/papalon/notes.md,cc,cc,s/5,"[""s/10""]",large,high,"no obvious change - fine rings on big facets come from the quad-stripe pass, not the ellipse slices",false,:2,false,non-deterministic baseline; only large changes are reliable
2020/generative/01_04/papalon,out/2020/generative/01_04/papalon/notes.md,triFillAlpha,trifillalpha,140,[60],large,high,"much thinner: far more black background visible between facets, web looks translucent",false,:2,false,non-deterministic baseline; only large changes are reliable
2020/generative/01_04/papalon,out/2020/generative/01_04/papalon/notes.md,triSkip,triskip,0.6,[0.9],large,high,fine triangle web much sparser with visible holes; glow spots unaffected (separate pass),false,:2,false,non-deterministic baseline; only large changes are reliable
2020/generative/01_04/papalon,out/2020/generative/01_04/papalon/notes.md,palette,palette,EA2E73/F7AA06/1577D8,"[""072457/EF4C02/ADC7C8""]",large,high,colours clearly changed: navy/rust/grey-blue instead of magenta/gold/blue,false,:2,false,non-deterministic baseline; only large changes are reliable
2020/generative/01_04/papaspas,out/2020/generative/01_04/papaspas/notes.md,pointCount,pointcount,10,[25],subtle,low,"25 scattered dot-clusters instead of 10, more spokes to centre; size range and palette unchanged",true,:2,false,
2020/generative/01_04/papaspas,out/2020/generative/01_04/papaspas/notes.md,diskSizeRange,disksizerange,"random(20, 70)","[""random(60, 140)""]",subtle,low,"disks ~2x larger; layout, rings, palette unchanged",true,:2,false,
2020/generative/01_04/papaspas,out/2020/generative/01_04/papaspas/notes.md,midRingScale,midringscale,"random(0.5, 0.9)","[""random(0.15, 0.3)""]",none,low,no visible change,true,:2,false,
2020/generative/01_04/papaspas,out/2020/generative/01_04/papaspas/notes.md,innerDotScale,innerdotscale,0.1,[0.45],none,low,no visible change,true,:2,false,
2020/generative/01_04/papaspas,out/2020/generative/01_04/papaspas/notes.md,background,background,230,[15],large,high,"near-black field; same circles and spokes, contrast flips (pale blue-gray and peach pop, navy nearly disappears)",true,:2,false,
2020/generative/01_04/perlinas,out/2020/generative/01_04/perlinas/notes.md,detSize,detsize,random(0.04),[0.01],large,high,"sparser field of smaller, more separated blobs; more red background visible",true,:2,false,
2020/generative/01_04/perlinas,out/2020/generative/01_04/perlinas/notes.md,detAmp,detamp,random(0.03),[0.005],large,high,much denser; low-frequency amp layer forms large regions of big blobs (gold/olive cloud top-left),true,:2,false,
2020/generative/01_04/perlinas,out/2020/generative/01_04/perlinas/notes.md,attempts,attempts,1400,[400],moderate,high,"fewer, smaller blobs; large clusters disappear, more red shows through",true,:2,false,
2020/generative/01_04/perlinas,out/2020/generative/01_04/perlinas/notes.md,sizeScale,sizescale,9,[3],large,high,"blobs ~3x smaller and more uniform; canvas looks sparser, mostly small specks",true,:2,false,
2020/generative/01_04/perlinas,out/2020/generative/01_04/perlinas/notes.md,alpha,alpha,"random(random(100),180)",[30],large,high,"blobs very faint and washed out; red background dominates, dots barely visible",true,:2,false,
2020/generative/01_04/perlinas,out/2020/generative/01_04/perlinas/notes.md,palette,palette,black/green/olive/red/yellow,"[""blue""]",large,high,"same structure, new ground colour (light cyan) with navy/steel-blue/grey/white blobs",true,:2,false,
2020/generative/01_04/popi,out/2020/generative/01_04/popi/notes.md,pointCount,pointcount,30,[300],moderate,high,"far denser field of small dots, some clustered",true,:2,false,
2020/generative/01_04/popi,out/2020/generative/01_04/popi/notes.md,seedDotSize,seeddotsize,20,[80],moderate,high,"same count, each dot ~4x larger",true,:2,false,
2020/generative/01_04/popi,out/2020/generative/01_04/popi/notes.md,initZ,initz,2,[60],none,low,no visible change at frame 1; rects are 1px thin alpha outlines,true,:2,false,
2020/generative/01_04/popi,out/2020/generative/01_04/popi/notes.md,strokeAlpha,strokealpha,120,[4],none,low,no visible change; outlines stay faint 1px lines,true,:2,false,
2020/generative/01_04/popi,out/2020/generative/01_04/popi/notes.md,background,background,190,[0],large,high,black field; dots and faint squares read against dark,true,:2,false,
2020/generative/01_04/popo,out/2020/generative/01_04/popo/notes.md,attempts,attempts,120000,[30000],subtle,low,fewer attempts -> slightly sparser field; overall structure preserved (packing saturates early),true,:2,false,
2020/generative/01_04/popo,out/2020/generative/01_04/popo/notes.md,sizeScale,sizescale,150,[60],moderate,high,"lower -> many more, smaller dots, spread more evenly; web fills in, empty centre shrinks",true,:2,false,
2020/generative/01_04/popo,out/2020/generative/01_04/popo/notes.md,detSize,detsize,"random(0.007,0.01)*0.4","[""random(0.03,0.05)*0.4""]",subtle,low,"finer noise -> finer-grained, more uniform clumping; large empty centre persists",true,:2,false,
2020/generative/01_04/popo,out/2020/generative/01_04/popo/notes.md,trailSteps,trailsteps,60,[120],subtle,low,"double the trail length; trails read as longer soft drips, heads and web unchanged",true,:2,false,
2020/generative/01_04/popo,out/2020/generative/01_04/popo/notes.md,lineAlpha,linealpha,20,[90],none,low,no visible change (thin 1.6px web lines darken but overall look is unchanged),true,:2,false,
2020/generative/01_04/popo,out/2020/generative/01_04/popo/notes.md,palette,palette,bright 6-color,"[""dark 5-color #1A1312..#D81D6E""]",subtle,low,identical composition; dots and trails in dark near-black/gray/crimson/magenta instead of bright 6 colors,true,:2,false,
2020/generative/01_04/pptt02,out/2020/generative/01_04/pptt02/notes.md,cc,cc,"int(random(20,60))*4",[400],large,high,much finer stripes; the centre knot becomes a dense grey aliasing texture,true,:2,false,
2020/generative/01_04/pptt02,out/2020/generative/01_04/pptt02/notes.md,amp,amp,"random(20,80)",[150],large,high,"wobble amplitude far larger; stripes undulate strongly across the whole field, centre knot kept",true,:2,false,
2020/generative/01_04/pptt02,out/2020/generative/01_04/pptt02/notes.md,rot,rot,"random(10)*random(0.4,1)",[0],large,high,pinwheel twist disappears; stripes nearly straight with only the sine wobble and a faint central pinch,true,:2,false,
2020/generative/01_04/pptt02,out/2020/generative/01_04/pptt02/notes.md,osc1,osc1,"int(random(1,30)*random(1))",[3],large,high,"vertical wobble much longer and smoother (about 3 waves per canvas height); large S-curves dominate, central knot smaller",true,:2,false,
2020/generative/01_04/pptt02,out/2020/generative/01_04/pptt02/notes.md,colors,colors,"[""#FFFFFF"",""#000000""]","[[""#FFFFFF"",""#000000"",""#FF0000""]]",large,high,red bands inserted in the white/black alternation; geometry unchanged,true,:2,false,
2020/generative/01_04/pptt03,out/2020/generative/01_04/pptt03/notes.md,cc,cc,"int(random(20,40))*5 (seed 42)",[100],large,high,"more, thinner stripes; denser fine pinwheel at the center",true,:2,false,
2020/generative/01_04/pptt03,out/2020/generative/01_04/pptt03/notes.md,amp,amp,"random(20,80)*0.4 (8-32)",[4],large,high,much flatter: gentle S-flow instead of sharp zigzag; center pinch thinner,true,:2,false,
2020/generative/01_04/pptt03,out/2020/generative/01_04/pptt03/notes.md,rot,rot,"random(10)*random(0.4,1)",[0],moderate,high,"center star-swirl gone, simple vertical pinch; outer regions unchanged",true,:2,false,
2020/generative/01_04/pptt03,out/2020/generative/01_04/pptt03/notes.md,osc2,osc2,"int(random(10,60))",[3],large,high,coarser: long smooth waves instead of fine zigzag; center pinch a narrow funnel,true,:2,false,
2020/generative/01_04/pptt03,out/2020/generative/01_04/pptt03/notes.md,palette,palette,#F3B2DB #518DB2 #02B59E #DCE404 #82023B,"[""#354998 #D0302B #F76684 #FCFAEF #FDC400""]",large,high,"same geometry, colors now navy/red/pink/cream/yellow",true,:2,false,
2020/generative/01_04/qudis,out/2020/generative/01_04/qudis/notes.md,bb,bb,20,[0],large,high,"margin width; 0 = full bleed, grey border gone",true,:2,false,
2020/generative/01_04/qudis,out/2020/generative/01_04/qudis/notes.md,hSplits,hsplits,int(random(20)),"[""int(random(200))""]",large,high,count of vertical bisections; more = dense thin vertical strips dominate,true,:2,false,
2020/generative/01_04/qudis,out/2020/generative/01_04/qudis/notes.md,vSplits,vsplits,int(random(60)),"[""int(random(6))""]",large,high,"count of horizontal bisections; fewer = big chunky bands, coarser blocks",true,:2,false,
2020/generative/01_04/qudis,out/2020/generative/01_04/qudis/notes.md,ghostAlpha,ghostalpha,random(255),[0],large,high,alpha of offset ghost layer; 0 = clean flat rects (also shifts downstream random sequence),true,:2,false,
2020/generative/01_04/qudis,out/2020/generative/01_04/qudis/notes.md,lineProb,lineprob,0.1,[1.0],large,high,per-rect chance of 1px left-edge line; 1.0 = line on every rect,true,:2,false,
2020/generative/01_04/qudis,out/2020/generative/01_04/qudis/notes.md,colors,colors,"5-color (#EE371D,#4F4EB7,#1C1E4E,#EC3789,#E7CCB2)","[""3 gray (#0F0F0F,#7C7C7C,#4C4C4C)""]",large,high,"grayscale palette; same composition, monochrome Bauhaus look, layout unchanged",true,:2,false,
2020/generative/01_04/repa,out/2020/generative/01_04/repa/notes.md,cc,cc,6000000,[1000000],moderate,high,"sparser, lighter panel; white grid lines become much more prominent",false,:2,false,non-deterministic baseline; only large changes are reliable
2020/generative/01_04/repa,out/2020/generative/01_04/repa/notes.md,displaceAmp,displaceamp,300,[100],moderate,high,"weaker noise warp: more compact, rounder disc; less bleed toward the square frame",false,:2,false,non-deterministic baseline; only large changes are reliable
2020/generative/01_04/repa,out/2020/generative/01_04/repa/notes.md,gridSpacing,gridspacing,50,[100],subtle,low,"grid cells doubled; fewer, larger cells, rest unchanged",false,:2,false,non-deterministic baseline; only large changes are reliable
2020/generative/01_04/repa,out/2020/generative/01_04/repa/notes.md,detCol,detcol,0.002,[0.008],moderate,high,"finer, busier colour cells with darker mixed-colour edges (value drawn uniform in [0, limit))",false,:2,false,non-deterministic baseline; only large changes are reliable
2020/generative/01_04/repa,out/2020/generative/01_04/repa/notes.md,weightScale,weightscale,1.2,[4.0],large,high,"thicker dots fill the grid gaps: smooth saturated colour fields, grid disappears",false,:2,false,non-deterministic baseline; only large changes are reliable
2020/generative/01_04/repa,out/2020/generative/01_04/repa/notes.md,colors,colors,"C8CBF4,EA77BA,EA0071,F71D04,301156,FFFF00","[""072457,EF4C02,ADC7C8,FE6567""]",large,high,same structure recoloured to navy/orange/salmon/pale blue,false,:2,false,non-deterministic baseline; only large changes are reliable
2020/generative/01_04/repa_01,out/2020/generative/01_04/repa_01/notes.md,cc,cc,60000,[20000],large,high,"sparser, more blocky: individual squares visible, more black showing between blobs",false,:2,false,non-deterministic baseline; only large changes are reliable
2020/generative/01_04/repa_01,out/2020/generative/01_04/repa_01/notes.md,ringBand,ringband,"random(0.8, 1)","[""random(0.2, 1)""]",large,high,centre fills in: ring becomes a near-complete disc with a small off-centre hole,false,:2,false,non-deterministic baseline; only large changes are reliable
2020/generative/01_04/repa_01,out/2020/generative/01_04/repa_01/notes.md,displaceAmt,displaceamt,300,[0],large,high,"ring collapses to the intersection of annulus and 0.42-width square: bright rounded-square border around a dark interior, grid streaks clearer",false,:2,false,non-deterministic baseline; only large changes are reliable
2020/generative/01_04/repa_01,out/2020/generative/01_04/repa_01/notes.md,alphaGain,alphagain,0.06,[0.3],large,high,"dense areas saturate to pure white; soft glow becomes hard, chunky masses",false,:2,false,non-deterministic baseline; only large changes are reliable
2020/generative/01_04/repa_01,out/2020/generative/01_04/repa_01/notes.md,gridGap,gridgap,50,"[""off""]",subtle,low,no visible change,false,:2,false,non-deterministic baseline; only large changes are reliable
2020/generative/01_04/repa_01,out/2020/generative/01_04/repa_01/notes.md,palette,palette,6-colour pink/red/yellow set,"[""#072457 #EFA300 #CED1E2 #D66953""]",large,high,"same composition, hue shift to blue/amber/grey/salmon",false,:2,false,non-deterministic baseline; only large changes are reliable
2020/generative/01_04/rots,out/2020/generative/01_04/rots/notes.md,cc,cc,80,[200],large,high,"denser: ~200 bars, busier central mass",true,:2,false,
2020/generative/01_04/rots,out/2020/generative/01_04/rots/notes.md,rotSteps,rotsteps,16,[4],large,high,coarser 45-degree angle steps (0/45/90/135),true,:2,false,
2020/generative/01_04/rots,out/2020/generative/01_04/rots/notes.md,thinWProb,thinwprob,0.8,[0.3],moderate,high,"fewer thin bars, more solid rects",true,:2,false,
2020/generative/01_04/rots,out/2020/generative/01_04/rots/notes.md,sizeRange,sizerange,"[0.1,0.8]","[[0.4,1.0]]",moderate,high,bigger blocks,true,:2,false,
2020/generative/01_04/rots,out/2020/generative/01_04/rots/notes.md,bandAlpha,bandalpha,"[120,260]","[40,90]",moderate,high,"fainter, more transparent band trails",true,:2,false,
2020/generative/01_04/rotsnoise,out/2020/generative/01_04/rotsnoise/notes.md,sca,sca,4,[8],moderate,high,"coarser mosaic: tiles 2x larger (edge 2*sca*exp), grid step 12->24px; same palette and large colour regions",true,:2,false,
2020/generative/01_04/rotsnoise,out/2020/generative/01_04/rotsnoise/notes.md,det,det,random(0.005) per run,[0.01],large,high,higher density-noise frequency: mottled tile counts break into fine speckled clumps with many empty gaps showing the background,true,:2,false,
2020/generative/01_04/rotsnoise,out/2020/generative/01_04/rotsnoise/notes.md,detCol1,detcol1,random(0.02) per run,[0.08],large,high,finer colour field: individual tiles vary more (red/blue/yellow/white intermix) while the big soft regions remain visible,true,:2,false,
2020/generative/01_04/rotsnoise,out/2020/generative/01_04/rotsnoise/notes.md,exp,exp,int(random(6)) per run,[1],moderate,high,"tile edge 2*sca*exp fixed at 8px: much smaller confetti, sparser coverage, background shows through",true,:2,false,
2020/generative/01_04/rotsnoise,out/2020/generative/01_04/rotsnoise/notes.md,colors,colors,F0F0F0 F7C900 005AA6 E73C2B,"[""00E5FF FF4081 76FF03 FFEA00""]",large,high,same structure recoloured: green/yellow field with pink and cyan patches; palette is a pure style knob,true,:2,false,
2020/generative/01_04/rotsnoise,out/2020/generative/01_04/rotsnoise/notes.md,cc multiplier (noise*30-8),cc multiplier,30,[60],moderate,high,"twice the sub-tiles per cell: denser hatched texture, fewer gaps; region layout unchanged",true,:2,false,
2020/generative/01_04/ruben,out/2020/generative/01_04/ruben/notes.md,gradColorCount,gradcolorcount,50,[150],,unscored,,true,:2,false,
2020/generative/01_04/ruben,out/2020/generative/01_04/ruben/notes.md,gradSizeCount,gradsizecount,20,[60],,unscored,,true,:2,false,
2020/generative/01_04/ruben,out/2020/generative/01_04/ruben/notes.md,div,div,4,[6],,unscored,,true,:2,false,
2020/generative/01_04/ruben,out/2020/generative/01_04/ruben/notes.md,colors,colors,warm brown 6-colour list,"[""cool blue 6-colour list""]",,unscored,,true,:2,false,
2020/generative/01_04/ruben,out/2020/generative/01_04/ruben/notes.md,thumbSize,thumbsize,0.2,[0.35],,unscored,,true,:2,false,
2020/generative/01_04/ruben,out/2020/generative/01_04/ruben/notes.md,gridStrokeAlpha,gridstrokealpha,60,[140],,unscored,,true,:2,false,
2020/generative/01_04/sabanas,out/2020/generative/01_04/sabanas/notes.md,det,det,random(0.004),"[""random(0.02)""]",moderate,high,finer colour field: many small red/blue/gray clumps cover the whole canvas instead of a few large ones,true,:2,false,
2020/generative/01_04/sabanas,out/2020/generative/01_04/sabanas/notes.md,pointCount,pointcount,2200000,[400000],moderate,high,sparser: blobs thin into a visible point lattice with grid-like striations,true,:2,false,
2020/generative/01_04/sabanas,out/2020/generative/01_04/sabanas/notes.md,alpha,alpha,245,[60],moderate,high,"dimmer: weaker additive glow, blobs darker with less bloom",true,:2,false,
2020/generative/01_04/sabanas,out/2020/generative/01_04/sabanas/notes.md,bb,bb,40,[300],moderate,high,point cloud confined to a centred square panel with a wide black border,true,:2,false,
2020/generative/01_04/sabanas,out/2020/generative/01_04/sabanas/notes.md,warpStrength,warpstrength,50,[150],subtle,low,"no visible change: blob grid nearly identical, only slightly more warped edges",true,:2,false,
2020/generative/01_04/skys,out/2020/generative/01_04/skys/notes.md,cc,cc,1000,[300],moderate,high,"fewer stamps → more discrete streaks, less smooth blending",true,:2,true,
2020/generative/01_04/skys,out/2020/generative/01_04/skys/notes.md,blurAmp,bluramp,0.0006,[0.002],subtle,low,no visible change; already saturated blur at 0.0006,true,:2,true,
2020/generative/01_04/skys,out/2020/generative/01_04/skys/notes.md,alphaMax,alphamax,180,[255],subtle,low,"slightly more saturated, bands barely more opaque",true,:2,true,
2020/generative/01_04/skys,out/2020/generative/01_04/skys/notes.md,ww,ww,"random(0.7,1.4)","[""random(0.3,0.6)""]",moderate,high,"narrower strokes → individual ellipses visible, less edge-to-edge continuity",true,:2,true,
2020/generative/01_04/suelo,out/2020/generative/01_04/suelo/notes.md,div,div,8,"[4,16]",,unscored,"lower = fewer, larger cells (clearer motifs); higher = fine dense lattice",true,:2,false,
2020/generative/01_04/suelo,out/2020/generative/01_04/suelo/notes.md,strokeWeight,strokeweight,2.5,[1.0],moderate,high,"thinner lines, lighter overall image, less dark overlap",true,:2,false,
2020/generative/01_04/suelo,out/2020/generative/01_04/suelo/notes.md,strokeAlpha,strokealpha,180,[60],large,high,"much fainter, pale pencil-like lines; every line affected",true,:2,false,
2020/generative/01_04/suelo,out/2020/generative/01_04/suelo/notes.md,ellipseCount,ellipsecount,48,[24],moderate,high,"half the rings: sparser radial field, grid reads more clearly",true,:2,false,
2020/generative/01_04/suelo,out/2020/generative/01_04/suelo/notes.md,dd,dd,ss/4,"[""ss/2""]",large,high,"motif scales with cell: full corner-to-center diagonals, half-cell square, bigger circles",true,:2,false,
2020/generative/01_04/tata,out/2020/generative/01_04/tata/notes.md,cc,cc,"int(random(80,280)*0.2)","[""int(random(80,280)*0.1)""]",moderate,high,"halve cell count: thicker bands, bigger stepped edges",true,:2,false,
2020/generative/01_04/tata,out/2020/generative/01_04/tata/notes.md,dc,dc,random(0.2),"[""random(1.0)""]",moderate,high,"5x color step: vertical color cycling dominates, top-bottom purple-to-gold drift lost",true,:2,false,
2020/generative/01_04/tata,out/2020/generative/01_04/tata/notes.md,det,det,random(0.001),"[""random(0.01)""]",subtle,low,no visible change at this scale (only a few pixels),true,:2,false,
2020/generative/01_04/tata,out/2020/generative/01_04/tata/notes.md,ww,ww,dd*1.2,"[""dd*2.0""]",subtle,low,no visible change: quads already overlapped at 1.2x spacing,true,:2,false,
2020/generative/01_04/tata,out/2020/generative/01_04/tata/notes.md,colors,colors,6-color mauve/amber palette,5-color dark red/crimson palette (line 102),large,high,"entire field recolored to red/magenta, same band structure",true,:2,false,
2020/generative/01_04/tata,out/2020/generative/01_04/tata/notes.md,z-amp,z amp,noi*1,noi*10,subtle,low,"subtle: more visible per-cell stepping, same palette drift",true,:2,false,
2020/generative/01_04/tatado,out/2020/generative/01_04/tatado/notes.md,cc,cc,"int(random(80, 280)*0.6) (~48-168)",[30],large,high,"far fewer, much larger tiles; grid of big squares clearly visible, coarse blocks of colour",true,:2,false,
2020/generative/01_04/tatado,out/2020/generative/01_04/tatado/notes.md,alp,alp,"random(30, 120)*1.9 (~57-228)",[240],moderate,high,"more opaque tiles: higher-contrast, more saturated mosaic; individual tiles and their edges stand out more",true,:2,false,
2020/generative/01_04/tatado,out/2020/generative/01_04/tatado/notes.md,det,det,random(0.002) (0-0.002),[0.008],moderate,high,stronger horizontal banding: noise Z-displacement wobbles the quads into dense horizontal stripes,true,:2,false,
2020/generative/01_04/tatado,out/2020/generative/01_04/tatado/notes.md,dc,dc,random(0.4) (0-0.4),[1.5],large,high,palette cycles several times across the grid; big dark/muted patches and harsh colour breaks instead of smooth drift,true,:2,false,
2020/generative/01_04/tatado,out/2020/generative/01_04/tatado/notes.md,k,k,10,[3],moderate,high,"3 passes instead of 10: paler, softer, more blended wash; fewer overlapping colour patches",true,:2,false,
2020/generative/01_04/tatado,out/2020/generative/01_04/tatado/notes.md,quad width factor (ww),quad width factor,dd*1.2,"[""dd*2.0""]",subtle,low,"subtle: texture becomes finer and denser (more overlap, moire) but overall colour layout nearly unchanged",true,:2,false,
2020/generative/01_04/telfi,out/2020/generative/01_04/telfi/notes.md,sub,sub,"int(random(60,140))*2",[300],large,high,finer checker cells: small dense warped mesh instead of broad bands,true,:2,false,
2020/generative/01_04/telfi,out/2020/generative/01_04/telfi/notes.md,kkk,kkk,0.001,[0.0003],large,high,"stronger, wider swirl: whole grid bends into huge folds around a central vortex",true,:2,false,
2020/generative/01_04/telfi,out/2020/generative/01_04/telfi/notes.md,coarseAmp (120*2),coarseamp,240,[600],large,high,"bigger displacements: grid tears and rips, more chaotic voids",true,:2,false,
2020/generative/01_04/telfi,out/2020/generative/01_04/telfi/notes.md,noiseDetail,noisedetail,4,[8],large,high,"stronger fine ripples: band edges frayed and noisier, same large folds",true,:2,false,
2020/generative/01_04/telfi,out/2020/generative/01_04/telfi/notes.md,step (j+=),step,0.5,[1.0],moderate,high,"coarser strip sampling: band edges visibly more jagged/combed, overall look similar",true,:2,false,
2020/generative/01_04/trastos,out/2020/generative/01_04/trastos/notes.md,count,count,400,[100],large,high,"sparser field, more background between objects",true,:2,false,
2020/generative/01_04/trastos,out/2020/generative/01_04/trastos/notes.md,sizeMax,sizemax,900,[300],large,high,no large outlier circles; uniform small-medium field,true,:2,false,
2020/generative/01_04/trastos,out/2020/generative/01_04/trastos/notes.md,circleAlpha,circlealpha,220,[80],moderate,high,"circles translucent, overlaps blend into muddy colors",true,:2,false,
2020/generative/01_04/trastos,out/2020/generative/01_04/trastos/notes.md,triRadiusFactor,triradiusfactor,0.5,[0.75],moderate,high,"triangles extend past circle edges, spiky silhouettes",true,:2,false,
2020/generative/01_04/trastos,out/2020/generative/01_04/trastos/notes.md,dotRadiusFactor,dotradiusfactor,0.05,[0.3],subtle,low,center dot becomes a large disk; overall field reads the same,true,:2,false,
2020/generative/01_04/tristris,out/2020/generative/01_04/tristris/notes.md,det,det,"random(0.1)*random(random(1)) (line 54, small value)","[0.05,0.001]",large,high,"noise-detail scale of the vertex walk: 0.05 scatters 1000 triangles into full-bleed spiky shards; 0.001 makes vertices nearly coincide, giving concentric striped nested triangles; baseline sits between (blobs with fringed edges). Substitution kept the same 3 RNG draws, so only det changed.",true,:2,false,
2020/generative/01_04/tristris,out/2020/generative/01_04/tristris/notes.md,desCol,descol,random(0.1) (line 63),[0.005],subtle,low,"geometry identical; colour advances 20x slower per triangle, so each palette colour spans more consecutive triangles: larger, flatter, more uniform blue/red regions inside the same blobs",true,:2,false,
2020/generative/01_04/tristris,out/2020/generative/01_04/tristris/notes.md,count,count,1000,[300],large,high,"same overall silhouette, but the saw-tooth fringe disappears (edges nearly smooth) and the colour range stops before blue: only dark red/black/grey remain",true,:2,false,
2020/generative/01_04/tristris,out/2020/generative/01_04/tristris/notes.md,colors,colors,"{#505050, #000000, #ff0000, #000000, #0000ff} (line 92)","[""{#E8E6DD, #DFBB66, #D68D46, #857F5D, #809799, #5D6D83, #0F1C15} (commented line 89)""]",large,high,geometry identical; muted blue-grey / olive / orange-tan / pale-cream earth tones instead of red/blue/black,true,:2,false,
2020/generative/01_04/tristris,out/2020/generative/01_04/tristris/notes.md,lerpGamma,lerpgamma,1.8,[0.5],subtle,low,"geometry identical; blend biased toward the second palette entry: top-left of the blue blob shifts to muted slate-purple, the grey spike top-right becomes black, rest largely the same",true,:2,false,
2020/generative/01_04/troil,out/2020/generative/01_04/troil/notes.md,cc,cc,"random(4,9)","[4,8]",large,high,"fewer cells = larger, sparser blocky rects; more cells = finer, denser grid",true,:2,false,
2020/generative/01_04/troil,out/2020/generative/01_04/troil/notes.md,div,div,10,[20],large,high,"more nested sub-rects per cell = busier, more overlapping outlines",true,:2,false,
2020/generative/01_04/troil,out/2020/generative/01_04/troil/notes.md,strokeWeight,strokeweight,2,[6],subtle,low,thicker black outlines only; layout and colours unchanged,true,:2,false,
2020/generative/01_04/troil,out/2020/generative/01_04/troil/notes.md,rnd,rnd,1,[0],moderate,high,0 = quarter-arc corners instead of rects; rounded petal/leaf shapes,true,:2,false,
2020/generative/01_04/valval,out/2020/generative/01_04/valval/notes.md,cc,cc,29,"[15,48]",moderate,high,"grid cell size; 15 = coarse ~64px grid, background reads more saturated; 48 = fine ~20px grid, dense whitish grid dominates",true,:2,true,
2020/generative/01_04/valval,out/2020/generative/01_04/valval/notes.md,triCount,tricount,20,[40],moderate,high,"double the shards; busier, more overlap, less background left open",true,:2,true,
2020/generative/01_04/valval,out/2020/generative/01_04/valval/notes.md,triSizeMax,trisizemax,width*0.5,"[""width*0.8""]",subtle,low,"shards extend further, some reach canvas edges; overall tone unchanged",true,:2,true,
2020/generative/01_04/valval,out/2020/generative/01_04/valval/notes.md,triAlphaApex,trialphaapex,180,[230],subtle,low,"subtle: shards slightly more opaque, same overall hazy look",true,:2,true,
2020/generative/01_04/water,out/2020/generative/01_04/water/notes.md,iterations,iterations,10000,[3000],moderate,high,"fewer stamps = sparser field, darker gaps between streaks",true,:2,false,
2020/generative/01_04/water,out/2020/generative/01_04/water/notes.md,noiseShift,noiseshift,500,[100],moderate,high,"weaker x-displacement = broad bands disappear, uniform rain-like streaks",true,:2,false,
2020/generative/01_04/water,out/2020/generative/01_04/water/notes.md,shiftDetail,shiftdetail,0.01,[0.003],moderate,high,"coarser noise = very wide soft brightness bands, brighter overall",true,:2,false,
2020/generative/01_04/water,out/2020/generative/01_04/water/notes.md,tintAlpha,tintalpha,random(255)*random(1),[255],moderate,high,"opaque stamps = brighter denser field, thinner dark gaps",true,:2,false,
2020/generative/01_04/water,out/2020/generative/01_04/water/notes.md,brushScale,brushscale,"random(16,24)*1.4","[""random(24,32)*1.4""]",moderate,high,"larger stamps = thicker smeared streaks, less individual dab detail",true,:2,false,
2020/generative/05_08/aca,out/2020/generative/05_08/aca/notes.md,count,count,300000,[60000],moderate,high,"sparser, darker hatching; more black background shows through, same colour layout",true,:2,false,
2020/generative/05_08/aca,out/2020/generative/05_08/aca/notes.md,detCol2,detcol2,0.02,[0.08],none,low,no visible change,true,:2,false,
2020/generative/05_08/aca,out/2020/generative/05_08/aca/notes.md,detAmp,detamp,"random(0.005,0.003)*0.7","[""*3.0""]",subtle,low,"slightly darker, marginally more varied stroke lengths; layout unchanged",true,:2,false,
2020/generative/05_08/aca,out/2020/generative/05_08/aca/notes.md,palette,palette,5 warm/teal colours,"[""blue/red/cream set""]",moderate,high,"same noise layout recoloured: blue left field, deep red right, pale cream top-right",true,:2,false,
2020/generative/05_08/aca,out/2020/generative/05_08/aca/notes.md,alphaShort,alphashort,260,[80],moderate,high,"hairier, more translucent texture; more black background visible, colours duller",true,:2,false,
2020/generative/05_08/aca,out/2020/generative/05_08/aca/notes.md,strokeWeight,strokeweight,1.4,[4],moderate,high,"thick chunky strokes; denser, more opaque painterly texture, colours bolder",true,:2,false,
2020/generative/05_08/brotes,out/2020/generative/05_08/brotes/notes.md,root_count,root count,1,[3],subtle,low,"three overlapping stems from the bottom edge; denser canopy, same overall composition",true,:2,false,
2020/generative/05_08/brotes,out/2020/generative/05_08/brotes/notes.md,root_width,root width,"width*random(0.02,0.04)","[""width*random(0.05,0.09)""]",subtle,low,"stems and lower segments visibly thicker (blue/green base limbs), canopy density similar",true,:2,false,
2020/generative/05_08/brotes,out/2020/generative/05_08/brotes/notes.md,iterations,iterations,9,[13],subtle,low,"more recursion depth: twigs reach further to the sides, slightly busier canopy, same look",true,:2,false,
2020/generative/05_08/brotes,out/2020/generative/05_08/brotes/notes.md,fanout,fanout,"random(2, random(2,4.6)*random(1))","[""random(2, random(2,8)*random(1))""]",subtle,low,"more child branches per segment; denser twig tangle, similar silhouette",true,:2,false,
2020/generative/05_08/brotes,out/2020/generative/05_08/brotes/notes.md,disc_size,disc size,width*0.6,"[""width*0.85""]",moderate,high,central taupe disc grows to fill most of the canvas; branches now sit against a much larger backdrop,true,:2,false,
2020/generative/05_08/brotes,out/2020/generative/05_08/brotes/notes.md,shadow_alpha,shadow alpha,50,[160],none,low,no visible change: the faint grey ghost quads are barely visible at either alpha,true,:2,false,
2020/generative/05_08/chicos,out/2020/generative/05_08/chicos/notes.md,sub,sub,"random(60,100)*2 (120-200)","[""random(60,100)*6 (360-600)""]",moderate,high,"finer, denser red/white ray stripes; central pile and silhouette pixel-identical (fan loop draws no random)",true,:2,false,
2020/generative/05_08/chicos,out/2020/generative/05_08/chicos/notes.md,ar,ar,"random(0.25,0.5)",[1.0],large,high,"wedges become contiguous -> solid white field, red ray-burst gone; removing the ar() draw shifts the whole random stream so silhouette and all clusters re-roll",true,:2,false,
2020/generative/05_08/chicos,out/2020/generative/05_08/chicos/notes.md,k_black,k black,30,[90],large,high,"60 extra black clusters over a wider vertical drift (many off-canvas); stream shift re-rolls colour pile, centre clusters and grain; rays unchanged",true,:2,false,
2020/generative/05_08/chicos,out/2020/generative/05_08/chicos/notes.md,cc_colour,cc colour,"random(10,30)","[""random(10,60)""]",large,high,"colour-pile polygons up to 60 vertices: bigger, busier shapes; re-rolls centre clusters and grain speckle; rays and black silhouette unchanged",true,:2,false,
2020/generative/05_08/chicos,out/2020/generative/05_08/chicos/notes.md,tintAlpha,tintalpha,130,[40],moderate,high,"stronger ADD re-blend: same composition, brighter and more saturated with heavier grain glow",true,:2,false,
2020/generative/05_08/chinchin,out/2020/generative/05_08/chinchin/notes.md,count,count,768,"[256,2304]",large,high,"fewer = coarser, chunkier mosaic; 3x more = denser busier overlaps",true,:2,false,
2020/generative/05_08/chinchin,out/2020/generative/05_08/chinchin/notes.md,cellDivisions,celldivisions,32,[16],large,high,"ss = width/N; lower N = coarser grid, visibly larger tiles",true,:2,false,
2020/generative/05_08/chinchin,out/2020/generative/05_08/chinchin/notes.md,gradientAlphaMax,gradientalphamax,140,[255],subtle,low,"alp = random(20, random(40, X)); no visible change at a glance",true,:2,false,
2020/generative/05_08/chinchin,out/2020/generative/05_08/chinchin/notes.md,sizeMax,sizemax,10,[14],large,high,"s = int(random(1, random(5, X))); larger squares dominate, coarser texture",true,:2,false,
2020/generative/05_08/chinchin,out/2020/generative/05_08/chinchin/notes.md,outlineProb,outlineprob,0.125,[0.5],large,high,thin outlined squares become a dense web over the mosaic,true,:2,false,
2020/generative/05_08/cirtexrot,out/2020/generative/05_08/cirtexrot/notes.md,stampCount,stampcount,1000,[400],large,high,"fewer stamps: darker overall, individual mottled patches separate with black ground visible in gaps",true,:2,false,
2020/generative/05_08/cirtexrot,out/2020/generative/05_08/cirtexrot/notes.md,tintAlphaMax,tintalphamax,80,[160],large,high,"higher tint alpha: much brighter, large areas blow out to white, pink/magenta/yellow more saturated",true,:2,false,
2020/generative/05_08/cirtexrot,out/2020/generative/05_08/cirtexrot/notes.md,sizeScale,sizescale,0.1-0.2,"[""0.05-0.1""]",large,high,"half-size stamps: smaller finer mottling, darkest variant, black ground shows between patches",true,:2,false,
2020/generative/05_08/cirtexrot,out/2020/generative/05_08/cirtexrot/notes.md,palette,palette,10-color warm/mixed list,"[""10-color blue monochrome list""]",large,high,hue swaps entirely to blue/cyan/teal with pale blue-white highlights; mottling structure unchanged,true,:2,false,
2020/generative/05_08/cirtexrot,out/2020/generative/05_08/cirtexrot/notes.md,smooth,smooth,8,[2],none,low,no visible change (pixel-identical to baseline),true,:2,false,
2020/generative/05_08/datido,out/2020/generative/05_08/datido/notes.md,res,res,56,[14],large,high,"fewer, sparser ribbons; wider white gaps between them",true,:2,false,
2020/generative/05_08/datido,out/2020/generative/05_08/datido/notes.md,det,det,random(0.0008),[0.0002],large,high,"lower detail = long, smooth sweeping curves instead of fine churning",true,:2,false,
2020/generative/05_08/datido,out/2020/generative/05_08/datido/notes.md,aa,aa,random(380),[100],large,high,"smaller displacement = smoother, wider bands; some ribbons read as solid fans near center",true,:2,false,
2020/generative/05_08/datido,out/2020/generative/05_08/datido/notes.md,amp,amp,0.8,[0.25],large,high,thinner ribbons with more white gap between adjacent ones,true,:2,false,
2020/generative/05_08/datido,out/2020/generative/05_08/datido/notes.md,pwr,pwr,"int(random(1,10)), inverted 50%",[2],moderate,high,"uniform taper; all ribbons the same smooth thin-to-broad wedge, less variety",true,:2,false,
2020/generative/05_08/datido,out/2020/generative/05_08/datido/notes.md,inner steps (800),inner steps,800,[200],large,high,"coarser, chunkier hatched quads; note v1 still scales by j/800 so ribbons end shorter",true,:2,false,
2020/generative/05_08/late,out/2020/generative/05_08/late/notes.md,count,count,300,[150],moderate,high,"half the tiles: sparser scatter, more black ground showing",true,:2,false,
2020/generative/05_08/late,out/2020/generative/05_08/late/notes.md,det,det,"random(0.004, 0.01)","[""random(0.001, 0.002)""]",large,high,"smoother noise field: fewer, broader large-tile patches and more empty space between them",true,:2,false,
2020/generative/05_08/late,out/2020/generative/05_08/late/notes.md,sizeExponent,sizeexponent,2.4,[1.2],large,high,"most tiles become large: canvas nearly fully covered, dense quilt, little black ground",true,:2,false,
2020/generative/05_08/late,out/2020/generative/05_08/late/notes.md,ccMax,ccmax,14,[6],large,high,"coarser subdivision: chunky cells, dense 14x14 mosaics disappear, flatter look",true,:2,false,
2020/generative/05_08/late,out/2020/generative/05_08/late/notes.md,shadowAlpha,shadowalpha,40,[120],subtle,low,shadow quad is mostly hidden under each tile; only slight darkening at tile bottoms,true,:2,false,
2020/generative/05_08/late,out/2020/generative/05_08/late/notes.md,palette,palette,5 colors FF0700/FEC626/FEDE88/1AC1A2/42040A,"[""057EBF/DBB304/E1E7ED/04140C""]",moderate,high,"identical structure, blue/yellow/white/dark-green colours instead of red/yellow/cream/teal/maroon",true,:2,false,
2020/generative/05_08/moje,out/2020/generative/05_08/moje/notes.md,shardCount,shardcount,60,[20],large,high,"fewer but larger-appearing shards; dark navy and red slabs dominate, right half empties out",true,:2,false,
2020/generative/05_08/moje,out/2020/generative/05_08/moje/notes.md,speckCount,speckcount,4000,[100],large,high,background grain almost gone; thin shards and twig branches read much more clearly,true,:2,false,
2020/generative/05_08/moje,out/2020/generative/05_08/moje/notes.md,shardSizeScale,shardsizescale,random(10),"[""random(3)""]",large,high,"shards ~3x smaller; dense busy field of mid-size slabs, branches relatively more prominent",true,:2,false,
2020/generative/05_08/moje,out/2020/generative/05_08/moje/notes.md,shardSizeMult,shardsizemult,random(3),"[""random(8)""]",large,high,"shards up to ~2.7x bigger; huge slabs cover most of the canvas, ground barely visible",true,:2,false,
2020/generative/05_08/moje,out/2020/generative/05_08/moje/notes.md,shardRotation,shardrotation,"random(-0.5, 0.5)","[""random(-1.5, 1.5)""]",large,high,"same shard positions/sizes/colours, tilts widened; composition still reads like the baseline but shard edges shift substantially",true,:2,false,
2020/generative/05_08/moje,out/2020/generative/05_08/moje/notes.md,palette,palette,"#18002E,#001BCC,#E6D4FC,#F5F2F8,#E73504","[""#0B3D0B,#F5D90A,#E8F5E9,#FFFFFF,#1B9C85""]",large,high,"same structure recoloured to dark green, yellow, mint, white, teal",true,:2,false,
2020/generative/05_08/mota,out/2020/generative/05_08/mota/notes.md,mountains,mountains,20,[40],large,high,"more, thinner bands; upper layers pack denser, lower foreground bands unchanged",true,:2,true,
2020/generative/05_08/mota,out/2020/generative/05_08/mota/notes.md,detH,deth,"random(0.0012, 0.002)*0.8","[""random(0.003, 0.005)*0.8""]",large,high,"finer ridge noise -> sharp, jagged, wiggly band edges instead of smooth waves",true,:2,true,
2020/generative/05_08/mota,out/2020/generative/05_08/mota/notes.md,detSiz,detsiz,0.01,[0.003],large,high,"finer tree-size noise -> trees smaller and more evenly scattered, less clumpy blobbing",true,:2,true,
2020/generative/05_08/mota,out/2020/generative/05_08/mota/notes.md,glow,glow,1.2,[2.5],moderate,high,"stronger additive self-composite -> sky bands washed toward white, overall brighter",true,:2,true,
2020/generative/05_08/mota,out/2020/generative/05_08/mota/notes.md,layerStart,layerstart,8,[2],large,high,"six extra thin upper layers drawn; busier image, more ridges and trees",true,:2,true,
2020/generative/05_08/muerte,out/2020/generative/05_08/muerte/notes.md,blobCount,blobcount,47,[70],moderate,high,"more blobs -> denser, flatter haze; dark corners fill in, colour patches become uniform fog",true,:2,false,
2020/generative/05_08/muerte,out/2020/generative/05_08/muerte/notes.md,blobSizeMax,blobsizemax,30,[60],large,high,"2x blob radius -> ~4x dot count; whole canvas covered in bright uniform haze, center bias and dark edges lost",true,:2,false,
2020/generative/05_08/muerte,out/2020/generative/05_08/muerte/notes.md,ellAlpha,ellalpha,8,[16],moderate,high,"double ellipse underlay alpha -> periwinkle tint over the whole field, structure unchanged",true,:2,false,
2020/generative/05_08/muerte,out/2020/generative/05_08/muerte/notes.md,addProb,addprob,0.1,[0.3],subtle,low,"slight overall brightening, no structural change",true,:2,false,
2020/generative/05_08/muerte,out/2020/generative/05_08/muerte/notes.md,palette,palette,"#2e2a14,#5d6643,#f2c4d1,#e4e1e6,#2934cc","[""#7D7FD8,#F7AA06,#EA79B7,#FF0739,#12315E""]",moderate,high,"same texture, warm palette: orange/red/pink patches on navy",true,:2,false,
2020/generative/05_08/nabta,out/2020/generative/05_08/nabta/notes.md,detSize,detsize,random(0.008),[0.002],moderate,high,"spacing noise varies more slowly -> larger, more uniform facets and broader colour fields",true,:2,false,
2020/generative/05_08/nabta,out/2020/generative/05_08/nabta/notes.md,det,det,random(0.01),[0.03],large,high,"finer colour noise -> smaller, busier mottled colour regions, large blue fields break up",true,:2,false,
2020/generative/05_08/nabta,out/2020/generative/05_08/nabta/notes.md,pointCount,pointcount,10000,[3000],large,high,"sparser point set -> larger, blockier facets; more black background shows at the edges",true,:2,false,
2020/generative/05_08/nabta,out/2020/generative/05_08/nabta/notes.md,radiusScale,radiusscale,40,[80],moderate,high,"doubled minimum distance -> far fewer, much larger facets, coarser mosaic",true,:2,false,
2020/generative/05_08/nabta,out/2020/generative/05_08/nabta/notes.md,noiseAmp,noiseamp,2,[0.5],moderate,high,"smaller min distance -> denser, smaller, more uniform facets; less black background",true,:2,false,
2020/generative/05_08/nabta,out/2020/generative/05_08/nabta/notes.md,palette,palette,#057EBF #DBB304 #E1E7ED #04140C,"[""#EDF67D #F896D8 #CA7DF9 #724CF9 #564592""]",large,high,fully recoloured (lavender/pink/yellow-green); facet geometry identical to baseline,true,:2,false,
2020/generative/05_08/nando,out/2020/generative/05_08/nando/notes.md,res,res,56,[24],large,high,"fewer, much wider ribbons with visible gaps between them",true,:2,false,
2020/generative/05_08/nando,out/2020/generative/05_08/nando/notes.md,amp,amp,0.98,[0.3],large,high,"narrower ribbons, thin radiating streaks, more white space",true,:2,false,
2020/generative/05_08/nando,out/2020/generative/05_08/nando/notes.md,det,det,0.0005-0.0008,[0.002],large,high,"higher-frequency wobble, busier finer buckling of each ribbon",true,:2,false,
2020/generative/05_08/nando,out/2020/generative/05_08/nando/notes.md,aa,aa,100-280,[50],large,high,"gentler twist, straighter smoother radial bands",true,:2,false,
2020/generative/05_08/nando,out/2020/generative/05_08/nando/notes.md,alpha,alpha,120,[255],moderate,high,"more opaque colors, less see-through overlap; same structure",true,:2,false,
2020/generative/05_08/nando,out/2020/generative/05_08/nando/notes.md,s,s,0.7*width,[0.4],large,high,"shorter ribbons, denser chaotic full-frame tangle",true,:2,false,
2020/generative/05_08/nude,out/2020/generative/05_08/nude/notes.md,cc,cc,"random(1000, 4000)",[1500],moderate,high,"fewer crowd figures; bottom half visibly sparser, same distribution and colour mix",true,:2,false,
2020/generative/05_08/nude,out/2020/generative/05_08/nude/notes.md,red stroke alpha,red stroke alpha,180,[255],none,low,no visible change; the fan is dense enough that full opacity reads the same as 180/255,true,:2,false,
2020/generative/05_08/nude,out/2020/generative/05_08/nude/notes.md,funnel curve count,funnel curve count,30,[60],subtle,low,"red fan is denser and more finely divided, slightly less smooth",true,:2,false,
2020/generative/05_08/nude,out/2020/generative/05_08/nude/notes.md,ring max size,ring max size,1.6,[1.0],moderate,high,concentric ellipses stop at a smaller radius; outer half of canvas loses its rings,true,:2,false,
2020/generative/05_08/nude,out/2020/generative/05_08/nude/notes.md,crowd figure size,crowd figure size,18,[30],moderate,high,"crowd figures ~1.7x bigger; bottom half reads as a thicker, more saturated mass",true,:2,false,
2020/generative/05_08/nude,out/2020/generative/05_08/nude/notes.md,ring count,ring count,30,[8],moderate,high,"only 8 small ellipses remain, clustered near the disc; the full-canvas ripple is gone",true,:2,false,
2020/generative/05_08/poses,out/2020/generative/05_08/poses/notes.md,count,count,20,[60],moderate,high,3x more figures; scene becomes a dense crowd of overlapping poses,true,:2,false,
2020/generative/05_08/poses,out/2020/generative/05_08/poses/notes.md,ss (figure/disc scale),ss,0.1,[0.2],moderate,high,discs and all limb segments double; figures spill off-canvas,true,:2,false,
2020/generative/05_08/poses,out/2020/generative/05_08/poses/notes.md,discAlpha,discalpha,50,[200],subtle,low,"discs show the true palette colours (deep indigo, red, brown, pink) instead of pale pastels",true,:2,false,
2020/generative/05_08/poses,out/2020/generative/05_08/poses/notes.md,strokeWeight,strokeweight,"random(1,4)","[""random(8,12)""]",subtle,low,thick marker-like strokes; figures read as bold chunky doodles,true,:2,false,
2020/generative/05_08/poses,out/2020/generative/05_08/poses/notes.md,legLengthFactor (amp8),leglengthfactor,1.8,[4],subtle,low,"legs ~2.2x longer, figures get lanky/spidery; arms and head unchanged",true,:2,false,
2020/generative/05_08/rabia,out/2020/generative/05_08/rabia/notes.md,n,n,200,[500],moderate,high,"5x more figures; canvas gets dense and overlapping, especially in the lower half",true,:2,false,
2020/generative/05_08/rabia,out/2020/generative/05_08/rabia/notes.md,haloAlpha,haloalpha,50,[150],moderate,high,elliptical halos become strong opaque-looking discs in red/blue/pink that compete with the figures,true,:2,false,
2020/generative/05_08/rabia,out/2020/generative/05_08/rabia/notes.md,strokeWeight,strokeweight,"random(1,8)","[""random(4,12)""]",subtle,low,"lines slightly thicker, mostly visible on the large bottom figures; composition unchanged",true,:2,false,
2020/generative/05_08/rabia,out/2020/generative/05_08/rabia/notes.md,sizeBase,sizebase,0.1,[0.2],moderate,high,figures 2x larger; bottom half becomes a tangle of overlapping limbs,true,:2,false,
2020/generative/05_08/rabia,out/2020/generative/05_08/rabia/notes.md,legAmp,legamp,1.8,[3.5],subtle,low,"leg segments longer on some figures; positions and sizes unchanged, overall field nearly identical",true,:2,false,
2020/generative/05_08/rotas,out/2020/generative/05_08/rotas/notes.md,cc,cc,"int(random(4,7))","[""int(random(8,11))""]",subtle,low,clusters slightly fuller and softer; same overall density,true,:2,false,
2020/generative/05_08/rotas,out/2020/generative/05_08/rotas/notes.md,clusters,clusters,3400,[6800],none,low,no visible change — packing rejection saturates; extra candidates mostly rejected,true,:2,false,
2020/generative/05_08/rotas,out/2020/generative/05_08/rotas/notes.md,detCol,detcol,random(0.005) (reroll per generate),"[""random(0.02)""]",none,low,no visible change — colour already varies enough across the 5-colour wrap,true,:2,false,
2020/generative/05_08/rotas,out/2020/generative/05_08/rotas/notes.md,ampSca,ampsca,0.3,[0.6],moderate,high,"clearly larger, denser, more overlapping feathers; busier canvas",true,:2,false,
2020/generative/05_08/rotas,out/2020/generative/05_08/rotas/notes.md,palette,palette,"#130038,#94A039,#F90400,#DDAB4D,#F0F2F5","[""#0A1F44,#2E86AB,#A3CEF1,#E8F1FA,#F6C445""]",subtle,low,hue clearly shifted to cool blues + gold (pixel diff low: most of the canvas is dark background),true,:2,false,
2020/generative/05_08/ruso,out/2020/generative/05_08/ruso/notes.md,clusters,clusters,2,[6],moderate,high,outer loop count; extra iterations add no clearly visible new clusters (small/dim/off-canvas) but shift the random stream so the existing clusters' facets change,true,:2,false,
2020/generative/05_08/ruso,out/2020/generative/05_08/ruso/notes.md,pointsPerCluster,pointspercluster,40,[120],subtle,low,"denser, finer triangulation - smaller facets and more thin wire lines; same silhouette",true,:2,false,
2020/generative/05_08/ruso,out/2020/generative/05_08/ruso/notes.md,size,size,450,[900],subtle,low,"cluster radius doubled; left cluster fills more of the left half, mid cluster bigger",true,:2,false,
2020/generative/05_08/ruso,out/2020/generative/05_08/ruso/notes.md,w,w,50,[150],none,low,"solid squares slightly larger; confined to a small area, no visible change to composition",true,:2,false,
2020/generative/05_08/ruso,out/2020/generative/05_08/ruso/notes.md,alphaMax,alphamax,200,[60],none,low,no visible change; many overlapping semi-transparent triangles stack to similar overall opacity,true,:2,false,
2020/generative/05_08/saturnos,out/2020/generative/05_08/saturnos/notes.md,clusterCount,clustercount,20,[8],large,high,fewer clusters: dense lower-left mass plus one mid cluster; upper diagonal row disappears,true,:2,false,
2020/generative/05_08/saturnos,out/2020/generative/05_08/saturnos/notes.md,blobsPerCluster,blobspercluster,"random(7,16)","[""random(2,6)""]",large,high,"looser clusters, individual spiky blobs visible, less dense overlap",true,:2,false,
2020/generative/05_08/saturnos,out/2020/generative/05_08/saturnos/notes.md,alpha,alpha,180,[60],none,low,"no visible change: fill(rcol(),180) is overwritten by the per-vertex fill before drawing, blobs are opaque",true,:2,false,
2020/generative/05_08/saturnos,out/2020/generative/05_08/saturnos/notes.md,amp,amp,0.0125,[0.04],large,high,"later clusters spread much wider: looser, spikier composition, less overlap",true,:2,false,
2020/generative/05_08/saturnos,out/2020/generative/05_08/saturnos/notes.md,background,background,210,[30],large,high,"same blobs on near-black; gold/red/blue read much brighter, muddy midtones read grey",true,:2,false,
2020/generative/05_08/shatree,out/2020/generative/05_08/shatree/notes.md,treeDepth,treedepth,7,[10],subtle,low,deeper recursion adds only fine sub-branches; tree size/shape barely changes,true,:2,false,
2020/generative/05_08/shatree,out/2020/generative/05_08/shatree/notes.md,groundDots,grounddots,200000,[50000],subtle,low,lower-half fog ~4x thinner/lighter; tree reads more clearly,true,:2,false,
2020/generative/05_08/shatree,out/2020/generative/05_08/shatree/notes.md,branchChildren,branchchildren,2..4,"[""3..6""]",subtle,low,"bushier tree: more branches, larger/denser foliage canopy",true,:2,false,
2020/generative/05_08/shatree,out/2020/generative/05_08/shatree/notes.md,leafSize,leafsize,w*16,"[""w*30""]",none,low,no visible change; leaf clusters only marginally denser,true,:2,false,
2020/generative/05_08/shatree,out/2020/generative/05_08/shatree/notes.md,upperSpecks,upperspecks,200,[800],subtle,low,more dark specks in upper region; tree unchanged,true,:2,false,
2020/generative/05_08/sundi,out/2020/generative/05_08/sundi/notes.md,kLayers,klayers,14,[4],,unscored,,true,:2,false,
2020/generative/05_08/sundi,out/2020/generative/05_08/sundi/notes.md,amp,amp,"random(300,800)",[1500],,unscored,,true,:2,false,
2020/generative/05_08/sundi,out/2020/generative/05_08/sundi/notes.md,max,max,0.3,[0.15],,unscored,,true,:2,false,
2020/generative/05_08/sundi,out/2020/generative/05_08/sundi/notes.md,det,det,random(0.01),[0.0005],,unscored,,true,:2,false,
2020/generative/05_08/sundi,out/2020/generative/05_08/sundi/notes.md,alpha,alpha,"random(40,170)","[""random(120,255)""]",,unscored,,true,:2,false,
2020/generative/05_08/tider,out/2020/generative/05_08/tider/notes.md,sep,sep,9,[4],moderate,high,"coarser grid -> fewer, larger blocks and rings",true,:2,false,
2020/generative/05_08/tider,out/2020/generative/05_08/tider/notes.md,clusterCount,clustercount,8,[3],moderate,high,fewer clusters -> sparser composition,true,:2,false,
2020/generative/05_08/tider,out/2020/generative/05_08/tider/notes.md,dotsPerRing,dotsperring,100,[40],none,low,no visible change; rings still read as closed circles,true,:2,false,
2020/generative/05_08/tider,out/2020/generative/05_08/tider/notes.md,rectSizeFactor,rectsizefactor,0.8,[1.4],subtle,low,"blocks grow fuller, cover more of the canvas",true,:2,false,
2020/generative/05_08/tider,out/2020/generative/05_08/tider/notes.md,angleStepMax,anglestepmax,0.3,[0.6283],none,low,no visible change; ring shape unchanged,true,:2,false,
2020/generative/05_08/tiger,out/2020/generative/05_08/tiger/notes.md,sep,sep,9,[4],moderate,high,"finer snap grid (53px cells instead of 107px); squares and vertices land on a finer lattice, composition more fragmented and off-center",true,:2,false,
2020/generative/05_08/tiger,out/2020/generative/05_08/tiger/notes.md,rectSize,rectsize,0.8,[0.3],subtle,low,"subtle: opaque squares shrink to at most ~288px, cluster becomes compact, translucent fan dominates more",true,:2,false,
2020/generative/05_08/tiger,out/2020/generative/05_08/tiger/notes.md,polyCount,polycount,10,[20],subtle,low,subtle: denser fan of translucent triangles; the pale pink overlap zone in the center grows lighter and wider,true,:2,false,
2020/generative/05_08/tiger,out/2020/generative/05_08/tiger/notes.md,polyAlpha,polyalpha,255,[80],subtle,low,subtle: fan drops to alpha <= 80 and becomes nearly invisible; the opaque squares read as the whole picture,true,:2,false,
2020/generative/05_08/tiger,out/2020/generative/05_08/tiger/notes.md,rectCount,rectcount,4,[8],moderate,high,twice as many opaque squares (incl. dark plum and large brick red) filling the field; the fan is partly buried under them,true,:2,false,
2020/generative/05_08/tiger,out/2020/generative/05_08/tiger/notes.md,palette,palette,warm 4-color,"[""cool 6-color (#2B349E #F57E15 #ED491C #9B407D #B48DC0 #E3E8EA)""]",large,high,"same geometry, completely new look: lavender ground, orange/red and purple squares, pale lavender square bottom-right",true,:2,false,
2020/generative/05_08/tipitos,out/2020/generative/05_08/tipitos/notes.md,div,div,"random(20,800)",[30],large,high,"far fewer, much bigger figures; sparse layout, dense swarm confined to lower-right corner",true,:2,false,
2020/generative/05_08/tipitos,out/2020/generative/05_08/tipitos/notes.md,detCol,detcol,random(0.001),[0.008],large,high,"higher noise detail -> busier, more varied body colour (more salmon/pink/purple spread)",true,:2,false,
2020/generative/05_08/tipitos,out/2020/generative/05_08/tipitos/notes.md,background,background,#ACFF39,"[""#101418""]",large,high,only the field colour changes (lime -> near-black); all figures identical,true,:2,false,
2020/generative/05_08/tipitos,out/2020/generative/05_08/tipitos/notes.md,palette,palette,5-col cold set,"[""warm orange/red set""]",moderate,high,bodies shift from cool purple/blue to warm orange/amber/red,true,:2,false,
2020/generative/05_08/tipitos,out/2020/generative/05_08/tipitos/notes.md,splitRatio,splitratio,"random(0.4,0.6)","[""random(0.2,0.8)""]",large,high,"more uneven splits -> wider range of figure sizes, lopsided irregular tiling",true,:2,false,
2020/generative/05_08/toner,out/2020/generative/05_08/toner/notes.md,count,count,100,"[30,300]",moderate,high,"30 = sparse, separated spikes; 300 = dense mass covering the whole canvas",true,:2,false,
2020/generative/05_08/toner,out/2020/generative/05_08/toner/notes.md,sep,sep,9,[3],large,high,"coarser snap grid (3x3 cells) -> far larger, chunkier straight-edged facets",true,:2,false,
2020/generative/05_08/toner,out/2020/generative/05_08/toner/notes.md,pull_min,pull min,0.2,[0.6],moderate,high,"higher min pull -> tighter cluster around center, fewer edge-reaching spikes",true,:2,false,
2020/generative/05_08/toner,out/2020/generative/05_08/toner/notes.md,alpha,alpha,random(255),[40],moderate,high,"fixed low alpha -> washed-out pale version, background dominates",true,:2,false,
2020/generative/05_08/tractrac,out/2020/generative/05_08/tractrac/notes.md,count,count,300,"[100,1000]",moderate,high,"lower = sparser field with more background showing and clearer per-stamp triangle grids; higher = denser finer mosaic, stronger colour pooling",true,:2,true,
2020/generative/05_08/tractrac,out/2020/generative/05_08/tractrac/notes.md,alphaMax,alphamax,200,[60],moderate,high,"lower = very pale washed-out field, background dominates, colour hints only",true,:2,true,
2020/generative/05_08/tractrac,out/2020/generative/05_08/tractrac/notes.md,scaleMax,scalemax,0.8,[2.0],moderate,high,"higher = much larger triangles, coarser mosaic, stamp grid clearly legible",true,:2,true,
2020/generative/05_08/tractrac,out/2020/generative/05_08/tractrac/notes.md,colors,colors,"#B85807,#FAC440,#F4C8BF,#A0B9A6,#A1B2EA","[""#2B349E,#F57E15,#ED491C,#9B407D,#B48DC0""]",large,high,full recolor: indigo/plum/orange instead of burnt-orange/amber pastels,true,:2,true,
2020/generative/05_08/triste,out/2020/generative/05_08/triste/notes.md,detH,deth,random(0.0005),"[""random(0.002)""]",large,high,"coarser noise banding: trunks become thin straight strokes, dot carpet spreads denser across the lower half",true,:2,false,
2020/generative/05_08/triste,out/2020/generative/05_08/triste/notes.md,dotCount,dotcount,120000,[40000],large,high,"sparser stipple, much more tan background shows through; trunks unchanged",true,:2,false,
2020/generative/05_08/triste,out/2020/generative/05_08/triste/notes.md,sizeExponent,sizeexponent,2.6,[1.4],large,high,lower exponent makes dots and trunks bigger at mid/upper heights: trunks become huge dark masses dominating the frame,true,:2,false,
2020/generative/05_08/triste,out/2020/generative/05_08/triste/notes.md,trunkChance,trunkchance,0.0005,[0.0015],moderate,high,3x more trunks; upper half becomes a dense dark thicket of overlapping trunks and branches,true,:2,false,
2020/generative/05_08/triste,out/2020/generative/05_08/triste/notes.md,trunkSteps,trunksteps,2000,[500],subtle,low,"subtle: trunks truncated at mid-canvas, never reaching the floor; bottom two-thirds is uniform dot carpet",true,:2,false,
2020/generative/05_08/tristeb,out/2020/generative/05_08/tristeb/notes.md,cc,cc,10,[40],none,low,no visible change - the cc loop's only draw call is commented out,true,:2,false,
2020/generative/05_08/tristeb,out/2020/generative/05_08/tristeb/notes.md,background,background,#FFB0D0,"[""#02060D""]",moderate,high,"ground turns near-black, every shape unchanged",true,:2,false,
2020/generative/05_08/tristeb,out/2020/generative/05_08/tristeb/notes.md,scatterCount,scattercount,1200,[600],large,high,"half the patches and strands; composition visibly sparser, more pink ground shows through",true,:2,false,
2020/generative/05_08/tristeb,out/2020/generative/05_08/tristeb/notes.md,blobSize,blobsize,24,[48],large,high,"patches, discs and strands all ~2x larger; denser, heavily overlapping composition",true,:2,false,
2020/generative/05_08/tristeb,out/2020/generative/05_08/tristeb/notes.md,strandChance,strandchance,0.1,[0.3],large,high,"3x more random-walk strands; top half packed with tentacles, more banded trunks",true,:2,false,
2020/generative/05_08/tristeb,out/2020/generative/05_08/tristeb/notes.md,formBands,formbands,24,[48],large,high,"central fish form twice as many, finer stripes; more satellite eye dots",true,:2,false,
2020/generative/05_08/vavo,out/2020/generative/05_08/vavo/notes.md,sub,sub,16,[8],large,high,"8x8 grid instead of 16x16; crosses ~2x bigger, field reads as a coarse lattice",true,:2,false,
2020/generative/05_08/vavo,out/2020/generative/05_08/vavo/notes.md,da1,da1,0.001,[0.01],moderate,high,"10x finer X-axis rotation noise; orientations vary, overall look still similar 16x16 multicoloured field",true,:2,false,
2020/generative/05_08/vavo,out/2020/generative/05_08/vavo/notes.md,armWidth,armwidth,0.1,[0.3],moderate,high,"box arm width ss*0.1 -> ss*0.3; bars look chunkier/more 3D, same layout and colours",true,:2,false,
2020/generative/05_08/vavo,out/2020/generative/05_08/vavo/notes.md,colors,colors,10-colour rainbow list,"[""4-colour blue list""]",moderate,high,geometry unchanged; whole field becomes monochrome blue/white instead of multicolour,true,:2,false,
2020/generative/05_08/vavo,out/2020/generative/05_08/vavo/notes.md,rotAmp,rotamp,TAU*2,"[""TAU*0.5""]",moderate,high,"halved X-axis rotation amplitude; crosses tilt less, field still looks like a similar multicoloured 16x16 grid",true,:2,false,
2020/generative/05_08/vovo,out/2020/generative/05_08/vovo/notes.md,det,det,0.001,[0.004],moderate,high,"higher field detail = fine horizontal striations in the ground, sharper thinner curves",true,:2,false,
2020/generative/05_08/vovo,out/2020/generative/05_08/vovo/notes.md,ang,ang,200,[90],subtle,low,no visible change; curves and ground essentially the same,true,:2,false,
2020/generative/05_08/vovo,out/2020/generative/05_08/vovo/notes.md,amp,amp,120,[30],large,high,"shorter strokes = crinkled bright-red ground, lines become thin, jagged and broken",true,:2,false,
2020/generative/05_08/vovo,out/2020/generative/05_08/vovo/notes.md,grid_step,grid step,2.5,[5],large,high,"sparser grid = brighter red ground with individually visible dashes, curves in the same positions",true,:2,false,
2020/generative/05_08/vovo,out/2020/generative/05_08/vovo/notes.md,colors,colors,10-colour red/white palette,"[""{#21CFF2,#003BBB,#F6E9F1,#F994F3}""]",moderate,high,"ground turns dark navy, curves pale white-lavender with faint blue halo",true,:2,false,
2020/generative/05_08/vovo,out/2020/generative/05_08/vovo/notes.md,strokeWeight,strokeweight,0.3,[1],moderate,high,"heavier black stroke darkens the ground, curves brighter and crisper",true,:2,false,
2020/generative/09_12/ruben003,out/2020/generative/09_12/ruben003/notes.md,view,view,1,[4],,unscored,runtime_error: NPE at ruben003.pde L162 (renderCol.pixels on P2D offscreen buffer is null); view-4 stipple render not observable headless,true,:2,false,
2020/generative/09_12/ruben003,out/2020/generative/09_12/ruben003/notes.md,gridDiv,griddiv,4,[8],subtle,low,"more faint division lines at eighth positions; lattice denser, same overall impression",true,:2,false,
2020/generative/09_12/ruben003,out/2020/generative/09_12/ruben003/notes.md,diagLineAlpha,diaglinealpha,160,[40],none,low,no visible change; the two main diagonals slightly dimmer,true,:2,false,
2020/generative/09_12/ruben003,out/2020/generative/09_12/ruben003/notes.md,dotColor,dotcolor,"250,90,0","[""0,160,255""]",none,low,no visible change; 4px dots too small to notice (pixels confirm they turned blue),true,:2,false,
2020/generative/09_12/ruben003,out/2020/generative/09_12/ruben003/notes.md,dotSize,dotsize,4,[14],none,low,no visible change at whole-image level; intersection dots slightly larger,true,:2,false,
2020/generative/09_12/ruben003,out/2020/generative/09_12/ruben003/notes.md,debugTextures,debugtextures,true,[false],none,low,no visible change overall; top-left brown debug thumbnail removed (grey one was already near-invisible),true,:2,false,
